CustomerID,LastPurchaseDate,Recency,Frequency,Monetary,R_Score,F_Score,M_Score,RFM_Score,Segment
18102,2011-12-09 11:50:00.000000556,1,145,580987.04,5,5,5,555,Champions
14646,2011-12-08 12:11:59.999999832,2,151,528602.52,5,5,5,555,Champions
14156,2011-11-30 10:54:00.000000296,10,156,313437.62,5,5,5,555,Champions
14911,2011-12-08 15:53:59.999999870,2,398,291420.81,5,5,5,555,Champions
17450,2011-12-01 13:28:59.999999805,9,51,244784.25,5,5,5,555,Champions
13694,2011-12-06 09:31:59.999999972,4,143,195640.69,5,5,5,555,Champions
17511,2011-12-07 10:12:00.000000250,3,60,172132.87,5,5,5,555,Champions
16446,2011-12-09 09:14:59.999999164,1,2,168472.5,5,2,5,525,Recent Customers
16684,2011-12-05 14:06:00.000000129,5,55,147142.77,5,5,5,555,Champions
12415,2011-11-15 14:22:00.000000111,25,28,144458.37,4,5,5,455,Champions
15061,2011-12-06 12:05:59.999999916,4,127,126389.02,5,5,5,555,Champions
16029,2011-11-01 10:27:00.000000046,39,107,117763.62,4,5,5,455,Champions
17949,2011-12-08 18:46:00.000000194,2,118,117314.08,5,5,5,555,Champions
15311,2011-12-09 12:00:00.000000000,1,208,114966.42,5,5,5,555,Champions
13089,2011-12-07 09:01:59.999999759,3,203,113416.91,5,5,5,555,Champions
12931,2011-11-18 12:38:59.999999452,22,57,92347.34,4,5,5,455,Champions
14298,2011-12-01 13:12:00.000000250,9,82,91194.49,5,5,5,555,Champions
15769,2011-12-02 13:51:59.999999898,8,46,88612.52,5,5,5,555,Champions
12346,2011-01-18 10:00:59.999999981,326,12,77556.46,2,5,5,255,At Risk
13798,2011-12-08 15:50:59.999999916,2,110,75428.87,5,5,5,555,Champions
15838,2011-11-28 14:00:00.000000213,12,34,73205.5,5,5,5,555,Champions
17841,2011-12-08 12:07:00.000000111,2,211,68545.25,5,5,5,555,Champions
16754,2010-12-02 17:38:00.000000101,373,29,65500.07,2,5,5,255,At Risk
14096,2011-12-05 17:16:59.999999759,5,17,65164.79,5,5,5,555,Champions
14088,2011-11-29 16:15:59.999999777,11,16,64036.8,5,5,5,555,Champions
16422,2011-11-22 14:00:00.000000213,18,109,61920.87,5,5,5,555,Champions
17389,2011-12-09 09:37:59.999999888,1,61,57215.33,5,5,5,555,Champions
13081,2011-11-28 10:54:00.000000296,12,28,56838.37,5,5,5,555,Champions
16013,2011-12-06 10:35:59.999999916,4,84,56078.44,5,5,5,555,Champions
14680,2011-11-14 16:59:00.000000018,26,58,55688.5,4,5,5,455,Champions
13093,2011-03-09 12:14:00.000000853,276,55,54144.25,2,5,5,255,At Risk
12748,2011-12-09 12:20:00.000000139,1,336,53539.64,5,5,5,555,Champions
17850,2010-12-02 15:27:00.000000250,373,155,51208.87,2,5,5,255,At Risk
13408,2011-12-08 09:04:59.999999721,2,106,50174.782,5,5,5,555,Champions
13777,2011-12-09 12:24:59.999999860,1,61,49638.26,5,5,5,555,Champions
17404,2011-12-05 16:25:59.999999842,5,23,47781.12,5,5,5,555,Champions
13881,2011-12-06 12:49:59.999999721,4,43,45179.1,5,5,5,555,Champions
15749,2011-04-18 13:20:00.000000556,236,3,44534.3,2,3,5,235,Needs Attention
16705,2011-12-09 12:08:00.000000306,1,42,43515.051,5,5,5,555,Champions
12471,2011-12-07 15:43:00.000000863,3,79,39918.19,5,5,5,555,Champions
15098,2011-06-10 15:32:59.999999536,183,3,39916.5,3,3,5,335,Potential Loyalists
15039,2011-11-30 11:30:59.999999981,10,93,39141.48,5,5,5,555,Champions
14031,2011-12-02 17:13:00.000000863,8,44,39019.51,5,5,5,555,Champions
17675,2011-12-08 18:02:59.999999331,2,70,37642.48,5,5,5,555,Champions
17381,2011-12-01 11:58:59.999999805,9,38,36398.65,5,5,5,555,Champions
12921,2011-11-30 16:21:59.999999693,10,74,35233.24,5,5,5,555,Champions
17677,2011-12-08 09:55:59.999999638,2,54,35058.46,5,5,5,555,Champions
12678,2011-10-28 13:04:00.000000575,43,21,34281.18,4,5,5,455,Champions
13902,2010-03-17 13:09:00.000000296,633,5,34095.26,1,4,5,145,At Risk
13767,2011-12-07 15:00:00.000000000,3,73,33903.57,5,5,5,555,Champions
16210,2011-12-08 12:36:00.000000129,2,35,33750.97,5,5,5,555,Champions
16779,2011-12-07 14:53:59.999999452,3,53,32809.03,5,5,5,555,Champions
15856,2011-12-05 17:08:59.999999452,5,52,32275.95,5,5,5,555,Champions
14258,2011-11-30 15:27:00.000000250,10,25,32051.34,5,5,5,555,Champions
17428,2011-12-09 09:45:00.000000000,1,45,31466.760000000002,5,5,5,555,Champions
17940,2011-10-21 13:27:00.000000046,50,16,30306.79,4,5,5,455,Champions
12709,2011-11-24 15:37:59.999999888,16,34,30291.76,5,5,5,555,Champions
14606,2011-12-08 19:28:00.000000863,2,192,29951.37,5,5,5,555,Champions
12681,2011-11-25 11:32:59.999999749,15,45,29834.76,5,5,5,555,Champions
13078,2011-12-06 15:36:00.000000129,4,57,29018.06,5,5,5,555,Champions
13098,2011-12-08 14:13:59.999999805,2,28,28882.44,5,5,5,555,Champions
17857,2011-12-05 13:12:59.999999814,5,24,27347.04,5,5,5,555,Champions
14527,2011-12-07 12:19:00.000000575,3,122,27246.88,5,5,5,555,Champions
16333,2011-12-02 12:19:00.000000575,8,22,26626.8,5,5,5,555,Champions
15513,2011-11-06 14:35:59.999999703,34,35,26437.05,4,5,5,455,Champions
17865,2011-11-09 12:08:00.000000306,31,46,26312.19,4,5,5,455,Champions
18251,2011-09-13 15:02:59.999999331,88,9,26278.86,3,5,5,355,Potential Loyalists
13802,2011-07-24 10:54:00.000000296,139,19,26259.11,3,5,5,355,Potential Loyalists
12731,2011-11-16 11:58:59.999999805,24,17,25775.71,4,5,5,455,Champions
14062,2011-11-30 10:04:00.000000575,10,24,25585.65,5,5,5,555,Champions
12744,2011-10-19 11:17:59.999999331,52,11,25317.06,4,5,5,455,Champions
12939,2011-10-06 14:32:59.999999749,65,20,25264.8,3,5,5,355,Potential Loyalists
14895,2011-12-02 09:23:00.000000101,8,38,25119.54,5,5,5,555,Champions
15498,2011-12-07 12:47:59.999999331,3,44,24972.86,5,5,5,555,Champions
12621,2011-12-08 11:25:00.000000073,2,35,24311.2,5,5,5,555,Champions
16525,2011-12-07 15:07:00.000000111,3,48,24151.3,5,5,5,555,Champions
13001,2011-12-05 14:51:00.000000129,5,33,24042.65,5,5,5,555,Champions
14607,2011-11-24 10:34:59.999999721,16,22,23763.13,5,5,5,555,Champions
12482,2010-05-12 16:50:59.999999703,577,29,23691.4,1,5,5,155,At Risk
17920,2011-12-05 14:29:00.000000853,5,54,23581.78,5,5,5,555,Champions
15640,2011-12-05 14:35:00.000000139,5,29,23494.31,5,5,5,555,Champions
12409,2011-09-22 10:38:00.000000306,79,7,23419.29,3,4,5,345,Potential Loyalists
16133,2011-12-06 11:23:59.999999870,4,56,22992.260000000002,5,5,5,555,Champions
12682,2011-12-06 09:59:59.999999164,4,52,22950.22,5,5,5,555,Champions
14063,2010-09-27 16:17:59.999999536,439,9,22710.2,1,5,5,155,At Risk
12540,2011-11-20 11:30:59.999999981,20,33,22254.49,5,5,5,555,Champions
15159,2011-12-08 12:04:59.999999721,2,34,22116.73,5,5,5,555,Champions
13340,2011-10-25 13:15:00.000000213,46,12,22100.56,4,5,5,455,Champions
14051,2011-12-09 10:20:00.000000556,1,37,21770.98,5,5,5,555,Champions
16839,2011-12-01 09:02:59.999999331,9,44,21758.25,5,5,5,555,Champions
12753,2011-11-17 10:51:59.999999898,23,6,21429.39,4,4,5,445,Champions
15615,2011-11-29 14:42:00.000000250,11,47,21373.97,5,5,5,555,Champions
13319,2011-12-04 13:34:00.000000157,6,58,21323.22,5,5,5,555,Champions
14866,2011-11-29 11:45:00.000000213,11,19,20746.54,5,5,5,555,Champions
14667,2011-11-29 11:29:59.999999164,11,54,20395.34,5,5,5,555,Champions
15251,2011-11-30 15:01:59.999999759,10,21,20324.54,5,5,5,555,Champions
12477,2011-11-17 09:50:59.999999916,23,9,20276.37,4,5,5,455,Champions
17706,2011-12-05 13:34:00.000000157,5,31,20272.15,5,5,5,555,Champions
17243,2011-12-08 13:25:59.999999842,2,69,20203.58,5,5,5,555,Champions
18008,2011-09-30 15:17:00.000000185,71,23,19759.079999999998,3,5,5,355,Potential Loyalists
17340,2011-11-10 10:44:59.999999164,30,18,19617.95,4,5,5,455,Champions
16843,2011-10-28 09:05:59.999999916,43,35,19571.43,4,5,5,455,Champions
17139,2011-11-24 10:12:00.000000250,16,25,19566.76,5,5,5,555,Champions
14194,2011-12-05 10:38:00.000000306,5,36,18670.59,5,5,5,555,Champions
12357,2011-11-06 16:06:59.999999898,34,3,18287.66,4,3,5,435,Loyal Customers
13113,2011-12-09 12:49:00.000000157,1,37,18230.07,5,5,5,555,Champions
12557,2011-11-23 16:59:00.000000018,17,8,18096.14,5,4,5,545,Champions
16746,2011-12-05 12:32:59.999999536,5,42,18046.75,5,5,5,555,Champions
17581,2011-12-09 12:20:59.999999703,1,43,17951.17,5,5,5,555,Champions
12901,2011-12-01 10:06:59.999999898,9,28,17654.54,5,5,5,555,Champions
17377,2011-11-16 11:16:59.999999759,24,78,17644.27,4,5,5,455,Champions
14952,2011-10-11 10:32:59.999999331,60,32,17629.35,3,5,5,355,Potential Loyalists
16652,2011-10-12 09:37:59.999999888,59,16,17550.39,4,5,5,455,Champions
15189,2011-12-08 13:21:59.999999693,2,46,17524.38,5,5,5,555,Champions
18172,2011-11-25 11:12:00.000000046,15,52,17467.24,5,5,5,555,Champions
16019,2011-10-24 11:51:00.000000129,47,27,17329.16,4,5,5,455,Champions
17416,2011-11-10 12:46:59.999999759,30,22,17298.45,4,5,5,455,Champions
15078,2011-12-02 15:40:59.999999842,8,53,17286.73,5,5,5,555,Champions
15523,2011-09-16 16:28:59.999999805,85,16,17259.19,3,5,5,355,Potential Loyalists
13027,2011-08-18 09:38:59.999999452,114,19,17239.2,3,5,5,355,Potential Loyalists
14277,2011-11-24 15:01:00.000000194,16,9,17197.61,5,5,5,555,Champions
15808,2011-02-06 14:32:59.999999749,307,21,17180.25,2,5,5,255,At Risk
15125,2011-11-14 13:57:00.000000250,26,24,17024.87,4,5,5,455,Champions
12647,2011-11-17 12:55:59.999999638,23,36,16955.55,4,5,5,455,Champions
16656,2011-11-17 14:42:59.999999814,23,30,16833.170000000002,4,5,5,455,Champions
12433,2011-12-09 10:02:00.000000185,1,10,16794.14,5,5,5,555,Champions
17735,2011-12-07 16:47:00.000000185,3,26,16790.33,5,5,5,555,Champions
12454,2011-10-14 17:13:00.000000863,57,5,16679.78,4,4,5,445,Champions
16553,2011-06-29 15:42:00.000000046,164,33,16584.01,3,5,5,355,Potential Loyalists
13564,2011-07-18 14:32:59.999999749,145,37,16498.97,3,5,5,355,Potential Loyalists
15358,2011-12-05 09:04:00.000000157,5,42,16425.86,5,5,5,555,Champions
14961,2011-11-29 09:42:00.000000046,11,22,16410.15,5,5,5,555,Champions
13225,2011-12-06 13:28:59.999999805,4,16,16260.07,5,5,5,555,Champions
16180,2011-08-31 16:28:00.000000863,101,13,16249.87,3,5,5,355,Potential Loyalists
12472,2011-11-07 14:00:59.999999777,33,19,16249.289999999999,4,5,5,455,Champions
12980,2011-07-05 09:34:00.000000361,158,21,16245.78,3,5,5,355,Potential Loyalists
17107,2011-11-06 14:13:59.999999805,34,10,16052.72,4,5,5,455,Champions
15044,2011-11-20 13:20:00.000000556,20,35,16024.15,4,5,5,455,Champions
13199,2011-12-06 12:30:00.000000213,4,67,15964.210000000001,5,5,5,555,Champions
17716,2011-11-17 12:00:00.000000000,23,24,15956.97,4,5,5,455,Champions
12971,2011-12-06 12:20:00.000000139,4,116,15704.6,5,5,5,555,Champions
16191,2011-12-07 11:25:59.999999638,3,24,15677.82,5,5,5,555,Champions
12949,2011-11-09 11:25:00.000000073,31,22,15526.7,4,5,5,455,Champions
14769,2011-12-07 10:23:59.999999452,3,17,15514.11,5,5,5,555,Champions
14849,2011-11-18 10:57:59.999999814,22,43,15407.61,4,5,5,455,Champions
15768,2011-08-16 10:47:59.999999749,116,34,15308.89,3,5,5,355,Potential Loyalists
18087,2011-09-02 15:11:59.999999832,99,17,14761.519999999999,3,5,5,355,Potential Loyalists
18092,2011-12-07 13:14:00.000000018,3,18,14693.72,5,5,5,555,Champions
16126,2011-11-10 16:02:59.999999749,30,15,14644.6,4,5,5,455,Champions
17133,2011-11-24 12:27:00.000000250,16,12,14622.33,5,5,5,555,Champions
16873,2011-12-05 12:04:59.999999721,5,12,14617.39,5,5,5,555,Champions
14543,2011-11-11 12:45:00.000000000,29,39,14587.87,4,5,5,455,Champions
17448,2010-07-30 14:06:59.999999693,498,46,14523.67,1,5,5,155,At Risk
15482,2011-11-24 10:45:59.999999981,16,19,14417.36,5,5,5,555,Champions
14733,2011-11-23 15:38:59.999999452,17,15,14335.15,5,5,5,555,Champions
13488,2011-11-22 14:41:00.000000686,18,23,14205.96,5,5,5,555,Champions
15601,2011-11-28 15:14:59.999999164,12,30,14191.74,5,5,5,555,Champions
16713,2011-11-21 12:36:00.000000129,19,32,14115.56,5,5,5,555,Champions
12714,2011-11-30 15:43:00.000000863,10,12,14093.71,5,5,5,555,Champions
12476,2011-11-24 12:39:59.999999647,16,23,14083.91,5,5,5,555,Champions
14299,2011-12-01 16:05:00.000000139,9,27,14070.25,5,5,5,555,Champions
13178,2011-11-13 16:14:00.000000018,27,21,14059.19,4,5,5,455,Champions
18223,2011-12-05 09:10:59.999999638,5,26,14000.85,5,5,5,555,Champions
12435,2011-09-21 09:05:59.999999916,80,6,13925.93,3,4,5,345,Potential Loyalists
15760,2010-03-19 11:45:00.000000213,631,2,13916.34,1,2,5,125,Hibernating
17589,2011-10-10 16:57:59.999999814,61,18,13837.94,3,5,5,355,Potential Loyalists
15005,2011-11-24 12:24:59.999999860,16,56,13754.58,5,5,5,555,Champions
15382,2011-11-25 10:57:59.999999814,15,12,13733.550000000001,5,5,5,555,Champions
15093,2011-11-21 13:09:00.000000296,19,23,13702.38,5,5,5,555,Champions
12583,2011-12-07 08:06:59.999999693,3,27,13591.58,5,5,5,555,Champions
12989,2011-12-06 15:27:59.999999814,4,33,13551.75,5,5,5,555,Champions
15291,2011-11-14 11:01:59.999999972,26,40,13517.76,4,5,5,455,Champions
13629,2011-11-16 13:21:00.000000129,24,19,13370.86,4,5,5,455,Champions
13097,2011-11-07 10:43:00.000000027,33,28,13324.1,4,5,5,455,Champions
16558,2011-12-09 10:20:00.000000556,1,38,13304.11,5,5,5,555,Champions
16923,2011-11-27 12:59:59.999999164,13,32,13157.130000000001,5,5,5,555,Champions
13090,2011-12-01 12:38:59.999999452,9,24,13091.74,5,5,5,555,Champions
15738,2011-11-21 08:25:59.999999638,19,41,13043.32,5,5,5,555,Champions
14049,2011-11-23 12:20:00.000000139,17,13,13023.4,5,5,5,555,Champions
18225,2011-12-06 13:27:00.000000046,4,26,13014.8,5,5,5,555,Champions
15502,2011-11-24 12:47:59.999999331,16,14,13003.869999999999,5,5,5,555,Champions
14110,2011-12-06 12:26:00.000000686,4,33,12987.95,5,5,5,555,Champions
13969,2011-12-02 15:10:59.999999638,8,35,12973.460000000001,5,5,5,555,Champions
13668,2011-12-07 12:10:59.999999638,3,35,12948.48,5,5,5,555,Champions
13316,2011-11-02 13:40:00.000000073,38,10,12940.82,4,5,5,455,Champions
13952,2011-05-06 09:00:00.000000000,218,14,12823.521,2,5,5,255,At Risk
13468,2011-12-08 10:38:59.999999870,2,72,12793.28,5,5,5,555,Champions
16549,2011-11-29 15:05:59.999999916,11,34,12781.8,5,5,5,555,Champions
12437,2011-12-08 11:35:00.000000139,2,39,12683.4,5,5,5,555,Champions
12451,2011-11-29 08:39:59.999999860,11,8,12669.88,5,4,5,545,Champions
12536,2011-10-27 14:19:59.999999721,44,3,12601.830000000002,4,3,5,435,Loyal Customers
16161,2011-12-08 12:10:00.000000073,2,43,12580.06,5,5,5,555,Champions
17017,2011-12-07 09:31:59.999999972,3,29,12576.99,5,5,5,555,Champions
14040,2011-10-30 12:42:00.000000046,41,35,12523.81,4,5,5,455,Champions
17858,2011-12-04 11:55:59.999999842,6,30,12518.65,5,5,5,555,Champions
14936,2011-11-06 10:30:00.000000000,34,12,12410.81,4,5,5,455,Champions
16000,2011-12-07 12:17:00.000000185,3,3,12393.7,5,3,5,535,Loyal Customers
12474,2011-11-22 14:39:00.000000296,18,31,12372.75,5,5,5,555,Champions
14735,2011-12-06 12:08:59.999999870,4,56,12240.16,5,5,5,555,Champions
12481,2011-11-17 08:29:00.000000853,23,15,12185.51,4,5,5,455,Champions
15144,2011-12-01 15:11:59.999999832,9,29,12160.31,5,5,5,555,Champions
15465,2011-11-20 10:11:00.000000686,20,32,12100.4,4,5,5,455,Champions
15194,2011-12-06 15:10:00.000000073,4,28,12021.53,5,5,5,555,Champions
13050,2011-11-25 09:17:59.999999749,15,35,11986.52,5,5,5,555,Champions
14415,2011-12-08 14:38:00.000000101,2,23,11980.09,5,5,5,555,Champions
17364,2011-12-09 09:00:00.000000000,1,28,11972.92,5,5,5,555,Champions
17044,2011-11-14 14:28:00.000000027,26,12,11962.3,4,5,5,455,Champions
13458,2011-12-02 15:29:00.000000018,8,16,11959.27,5,5,5,555,Champions
13854,2011-12-01 09:05:59.999999916,9,39,11944.56,5,5,5,555,Champions
16258,2011-10-25 13:30:00.000000000,46,15,11942.52,4,5,5,455,Champions
16814,2011-11-25 13:27:00.000000046,15,36,11924.85,5,5,5,555,Champions
16523,2011-12-08 09:05:59.999999916,2,28,11916.33,5,5,5,555,Champions
17338,2011-11-22 14:23:00.000000306,18,17,11889.33,5,5,5,555,Champions
13687,2010-09-27 16:30:00.000000000,439,1,11880.84,1,1,5,115,Hibernating
14505,2011-11-22 15:45:00.000000000,18,19,11879.08,5,5,5,555,Champions
18226,2011-10-26 13:35:59.999999916,45,26,11878.88,4,5,5,455,Champions
12567,2011-11-17 11:01:59.999999972,23,15,11767.48,4,5,5,455,Champions
12705,2011-11-24 13:16:59.999999972,16,14,11762.1,5,5,5,555,Champions
14426,2011-11-16 12:24:59.999999860,24,17,11727.94,4,5,5,455,Champions
13004,2011-11-28 11:26:59.999999832,12,36,11650.85,5,5,5,555,Champions
12683,2011-12-05 16:31:00.000000194,5,21,11633.7,5,5,5,555,Champions
15023,2011-12-06 17:23:00.000000306,4,20,11578.65,5,5,5,555,Champions
14739,2011-12-05 16:54:00.000000296,5,25,11573.62,5,5,5,555,Champions
13418,2011-11-28 10:22:59.999999888,12,31,11559.66,5,5,5,555,Champions
15218,2011-11-29 11:47:59.999999536,11,22,11468.83,5,5,5,555,Champions
13680,2011-12-08 13:47:00.000000185,2,12,11419.67,5,5,5,555,Champions
14016,2011-07-01 11:29:00.000000853,162,11,11403.41,3,5,5,355,Potential Loyalists
12668,2011-11-28 10:56:00.000000686,12,10,11383.03,5,5,5,555,Champions
13102,2011-12-08 12:52:00.000000111,2,37,11380.1,5,5,5,555,Champions
15874,2011-10-07 12:30:59.999999777,64,21,11284.76,3,5,5,355,Potential Loyalists
15555,2011-11-27 16:19:00.000000361,13,36,11243.91,5,5,5,555,Champions
12539,2011-11-17 13:30:00.000000000,23,7,11214.75,4,4,5,445,Champions
13576,2011-11-29 15:34:00.000000361,11,28,11202.59,5,5,5,555,Champions
12524,2011-11-30 15:30:59.999999777,10,17,11126.11,5,5,5,555,Champions
14134,2010-11-22 12:26:00.000000686,383,15,11123.35,2,5,5,255,At Risk
13013,2011-12-08 15:01:00.000000194,2,29,11097.43,5,5,5,555,Champions
15032,2011-03-28 15:02:59.999999331,257,8,11010.05,2,4,5,245,At Risk
14045,2011-08-22 15:27:00.000000250,110,16,10986.63,3,5,5,355,Potential Loyalists
12918,2010-03-23 15:21:59.999999898,627,1,10953.5,1,1,5,115,Hibernating
16985,2011-11-22 13:32:59.999999331,18,23,10923.16,5,5,5,555,Champions
18052,2010-05-24 11:10:59.999999842,565,1,10877.18,1,2,5,125,Hibernating
16033,2011-12-04 12:43:59.999999805,6,27,10608.81,5,5,5,555,Champions
13324,2011-11-03 16:28:00.000000863,37,18,10513.47,4,5,5,455,Champions
15290,2011-12-05 11:39:00.000000296,5,26,10496.28,5,5,5,555,Champions
12431,2011-11-04 11:54:59.999999647,36,27,10432.22,4,5,5,455,Champions
14028,2010-06-07 13:32:59.999999331,551,3,10396.5,1,3,5,135,Needs Attention
16168,2011-11-29 12:45:00.000000000,11,66,10360.67,5,5,5,555,Champions
16984,2011-09-12 13:43:00.000000027,89,9,10350.53,3,5,5,355,Potential Loyalists
15296,2011-10-20 11:46:59.999999972,51,12,10323.03,4,5,5,455,Champions
14422,2011-12-09 11:25:59.999999638,1,19,10271.52,5,5,5,555,Champions
17160,2011-11-08 14:05:00.000000556,32,17,10209.16,4,5,5,455,Champions
15719,2011-11-07 12:29:00.000000018,33,31,10195.97,4,5,5,455,Champions
14796,2011-12-08 15:30:59.999999777,2,27,10169.33,5,5,5,555,Champions
16327,2011-11-25 13:22:59.999999888,15,16,10159.64,5,5,5,555,Champions
18229,2011-11-28 09:47:59.999999331,12,28,10150.51,5,5,5,555,Champions
15805,2011-11-16 16:31:59.999999759,24,30,10148.93,4,5,5,455,Champions
18055,2011-12-02 14:25:00.000000073,8,14,10142.64,5,5,5,555,Champions
17809,2011-11-23 12:59:00.000000853,17,20,10085.89,5,5,5,555,Champions
15547,2011-12-02 12:52:00.000000111,8,26,10057.05,5,5,5,555,Champions
13941,2011-11-18 09:43:00.000000863,22,15,10027.18,4,5,5,455,Champions
13985,2011-12-05 17:06:00.000000129,5,22,10020.86,5,5,5,555,Champions
15694,2011-12-09 09:43:59.999999805,1,24,9978.48,5,5,5,555,Champions
14755,2011-11-30 11:23:59.999999870,10,25,9972.550000000001,5,5,5,555,Champions
16182,2011-09-28 13:22:59.999999888,73,9,9971.65,3,5,5,355,Potential Loyalists
14101,2011-09-27 12:27:59.999999814,74,13,9961.93,3,5,5,355,Potential Loyalists
16131,2011-10-19 11:52:59.999999888,52,12,9957.42,4,5,5,455,Champions
18260,2011-06-20 12:36:59.999999693,173,23,9947.26,3,5,5,355,Potential Loyalists
17049,2011-12-07 10:47:59.999999749,3,19,9942.53,5,5,5,555,Champions
16701,2011-12-01 11:09:59.999999647,9,26,9916.73,5,5,5,555,Champions
12758,2011-08-15 10:21:59.999999693,117,7,9903.24,3,4,5,345,Potential Loyalists
14329,2011-11-22 15:49:59.999999721,18,15,9887.62,5,5,5,555,Champions
12590,2011-05-12 14:51:59.999999693,212,2,9864.26,2,2,5,225,Hibernating
14828,2011-05-27 10:15:59.999999777,197,13,9839.460000000001,2,5,5,255,At Risk
12490,2011-12-04 16:06:59.999999898,6,21,9823.64,5,5,5,555,Champions
13599,2011-12-08 16:09:59.999999860,2,33,9811.04,5,5,5,555,Champions
16353,2011-12-06 12:23:00.000000101,4,38,9795.460000000001,5,5,5,555,Champions
14944,2011-11-10 09:10:00.000000073,30,19,9784.67,4,5,5,455,Champions
17306,2011-11-29 12:14:00.000000853,11,21,9782.35,5,5,5,555,Champions
13018,2011-11-23 13:28:00.000000863,17,35,9763.16,5,5,5,555,Champions
13735,2011-11-15 11:13:59.999999805,25,13,9762.77,4,5,5,455,Champions
14085,2011-12-07 13:45:59.999999981,3,33,9720.67,5,5,5,555,Champions
12380,2011-11-18 11:26:59.999999832,22,11,9676.300000000001,4,5,5,455,Champions
12839,2011-12-07 12:32:59.999999536,3,26,9669.12,5,5,5,555,Champions
16782,2011-11-29 13:20:00.000000556,11,38,9636.12,5,5,5,555,Champions
17315,2011-12-08 12:14:59.999999164,2,43,9599.58,5,5,5,555,Champions
18109,2011-12-08 11:35:59.999999703,2,38,9555.71,5,5,5,555,Champions
14091,2010-02-23 15:17:00.000000185,655,2,9530.08,1,2,5,125,Hibernating
17811,2011-12-05 13:45:59.999999981,5,47,9519.8,5,5,5,555,Champions
13999,2011-11-29 13:40:00.000000073,11,29,9502.26,5,5,5,555,Champions
17504,2011-05-17 12:59:00.000000853,207,18,9490.17,2,5,5,255,At Risk
14146,2011-12-01 10:17:59.999999536,9,12,9450.3,5,5,5,555,Champions
14439,2011-01-24 11:39:00.000000296,320,5,9443.04,2,4,5,245,At Risk
13267,2011-12-07 11:12:00.000000046,3,36,9429.81,5,5,5,555,Champions
17230,2011-03-20 16:12:00.000000250,265,18,9388.49,2,5,5,255,At Risk
15727,2011-11-23 12:36:00.000000129,17,15,9371.71,5,5,5,555,Champions
15981,2011-11-15 08:00:00.000000213,25,21,9362.77,4,5,5,455,Champions
13069,2011-12-09 08:39:00.000000296,1,38,9284.45,5,5,5,555,Champions
13162,2011-08-09 15:59:00.000000853,123,16,9275.49,3,5,5,355,Potential Loyalists
15249,2011-11-08 11:45:00.000000213,32,18,9266.0,4,5,5,455,Champions
14367,2011-12-01 13:19:00.000000361,9,16,9227.82,5,5,5,555,Champions
14292,2011-12-02 11:50:00.000000556,8,16,9226.25,5,5,5,555,Champions
13327,2011-11-01 10:21:00.000000129,39,20,9134.48,4,5,5,455,Champions
17757,2011-12-08 15:30:59.999999777,2,56,9074.05,5,5,5,555,Champions
15298,2011-12-07 17:16:59.999999759,3,23,9061.77,5,5,5,555,Champions
15939,2011-09-11 11:29:59.999999164,90,16,9060.39,3,5,5,355,Potential Loyalists
16709,2011-09-16 10:56:00.000000686,85,14,9056.01,3,5,5,355,Potential Loyalists
17068,2011-11-27 13:14:00.000000018,13,47,8987.68,5,5,5,555,Champions
15150,2011-11-22 12:52:00.000000111,18,13,8977.94,5,5,5,555,Champions
15903,2011-11-30 08:07:59.999999888,10,12,8939.84,5,5,5,555,Champions
15867,2011-12-04 13:31:59.999999759,6,31,8923.3,5,5,5,555,Champions
12766,2011-12-06 08:45:59.999999777,4,9,8918.99,5,5,5,555,Champions
12747,2011-12-07 14:34:00.000000575,3,26,8898.48,5,5,5,555,Champions
14060,2011-12-05 12:29:00.000000018,5,30,8898.24,5,5,5,555,Champions
13555,2011-09-27 12:36:00.000000129,74,13,8891.84,3,5,5,355,Potential Loyalists
14709,2011-11-24 15:40:59.999999842,16,25,8886.33,5,5,5,555,Champions
12359,2011-10-13 12:46:59.999999759,58,10,8873.39,4,5,5,455,Champions
14135,2011-12-08 11:38:00.000000101,2,24,8839.67,5,5,5,555,Champions
16700,2011-12-01 11:00:00.000000213,9,25,8830.77,5,5,5,555,Champions
16550,2011-08-23 11:12:00.000000046,109,18,8813.58,3,5,5,355,Potential Loyalists
15260,2011-08-31 13:54:59.999999860,101,25,8767.73,3,5,5,355,Potential Loyalists
16532,2011-11-22 11:07:59.999999888,18,5,8756.64,5,4,5,545,Champions
13448,2011-11-23 12:32:59.999999536,17,13,8745.93,5,5,5,555,Champions
15570,2011-12-02 14:46:59.999999972,8,25,8736.49,5,5,5,555,Champions
16186,2011-11-17 12:43:00.000000863,23,26,8718.43,4,5,5,455,Champions
17576,2011-12-01 17:55:59.999999842,9,41,8711.95,5,5,5,555,Champions
12957,2011-11-30 09:53:00.000000306,10,13,8706.97,5,5,5,555,Champions
13758,2011-11-28 11:10:59.999999842,12,15,8698.13,5,5,5,555,Champions
13263,2011-12-08 13:59:00.000000018,2,39,8676.2,5,5,5,555,Champions
15497,2011-11-22 11:51:00.000000129,18,9,8657.39,5,5,5,555,Champions
13756,2011-12-07 16:44:00.000000853,3,23,8655.95,5,5,5,555,Champions
16945,2011-11-18 11:39:00.000000296,22,33,8548.16,4,5,5,455,Champions
15281,2011-10-12 09:10:00.000000073,59,16,8543.57,4,5,5,455,Champions
13269,2011-12-08 14:52:59.999999888,2,28,8537.32,5,5,5,555,Champions
15270,2011-11-24 09:24:00.000000296,16,21,8524.86,5,5,5,555,Champions
12798,2011-11-29 15:52:00.000000111,11,4,8510.93,5,3,5,535,Loyal Customers
13209,2011-11-09 13:54:00.000000296,31,13,8509.51,4,5,5,455,Champions
15786,2011-10-24 14:13:00.000000863,47,5,8501.62,4,4,5,445,Champions
13148,2011-11-10 15:23:00.000000101,30,26,8497.82,4,5,5,455,Champions
14286,2011-11-16 10:34:00.000000157,24,7,8479.76,4,4,5,445,Champions
18139,2011-11-22 10:44:00.000000853,18,6,8438.34,5,4,5,545,Champions
13047,2011-11-08 12:05:59.999999916,32,24,8428.53,4,5,5,455,Champions
14160,2010-04-08 14:29:59.999999164,611,7,8421.47,1,4,5,145,At Risk
17396,2011-10-31 14:12:00.000000046,40,14,8409.6,4,5,5,455,Champions
15984,2011-12-07 12:15:59.999999981,3,30,8393.02,5,5,5,555,Champions
14676,2011-11-08 13:28:59.999999805,32,12,8356.789999999999,4,5,5,455,Champions
14057,2011-11-16 10:31:59.999999759,24,22,8346.66,4,5,5,455,Champions
17611,2011-12-02 13:28:59.999999805,8,28,8337.53,5,5,5,555,Champions
13206,2010-11-04 16:50:00.000000139,401,13,8308.19,2,5,5,255,At Risk
12643,2011-08-03 12:55:59.999999638,129,12,8304.82,3,5,5,355,Potential Loyalists
17686,2011-12-02 15:38:59.999999452,8,9,8296.81,5,5,5,555,Champions
12637,2011-10-03 13:45:59.999999981,68,12,8283.81,3,5,5,355,Potential Loyalists
15998,2011-11-03 12:45:00.000000000,37,16,8274.14,4,5,5,455,Champions
15034,2011-11-24 12:10:59.999999638,16,14,8231.2,5,5,5,555,Champions
13381,2011-11-08 11:58:00.000000863,32,12,8224.37,4,5,5,455,Champions
13139,2011-11-23 13:54:00.000000296,17,8,8202.98,5,4,5,545,Champions
16722,2011-11-22 13:28:00.000000863,18,22,8189.56,5,5,5,555,Champions
17365,2011-11-27 12:13:00.000000027,13,15,8184.49,5,5,5,555,Champions
13426,2011-12-09 08:58:59.999999805,1,22,8167.38,5,5,5,555,Champions
13715,2011-03-03 19:21:00.000000129,282,17,8153.04,2,5,5,255,At Risk
14056,2011-12-08 13:35:59.999999916,2,23,8152.71,5,5,5,555,Champions
16672,2011-12-07 16:28:59.999999805,3,20,8134.9400000000005,5,5,5,555,Champions
17593,2011-12-06 10:30:00.000000000,4,11,8092.32,5,5,5,555,Champions
15955,2011-11-15 14:15:00.000000000,25,22,8085.9800000000005,4,5,5,455,Champions
17426,2011-12-01 18:07:00.000000111,9,13,8077.77,5,5,5,555,Champions
16767,2011-11-09 09:42:00.000000046,31,15,8056.76,4,5,5,455,Champions
16670,2011-11-23 09:34:00.000000361,17,20,8030.150000000001,5,5,5,555,Champions
14525,2011-11-20 11:36:59.999999898,20,17,8026.54,4,5,5,455,Champions
18041,2011-11-28 11:39:00.000000296,12,38,8018.7699999999995,5,5,5,555,Champions
16556,2011-10-04 11:35:59.999999703,67,17,8012.58,3,5,5,355,Potential Loyalists
13869,2011-08-08 13:53:00.000000101,124,10,7996.87,3,5,5,355,Potential Loyalists
13174,2011-11-23 14:35:00.000000139,17,12,7995.36,5,5,5,555,Champions
12428,2011-11-14 08:22:00.000000111,26,9,7956.46,4,5,5,455,Champions
16303,2011-11-14 10:49:00.000000575,26,7,7928.27,4,4,5,445,Champions
14291,2011-12-08 10:25:59.999999842,2,23,7904.1,5,5,5,555,Champions
13871,2011-11-17 10:49:00.000000575,23,17,7885.85,4,5,5,455,Champions
14159,2011-11-20 12:36:00.000000129,20,20,7860.8,5,5,5,555,Champions
15622,2011-10-27 16:44:00.000000853,44,17,7852.61,4,5,5,455,Champions
17085,2011-08-08 14:15:00.000000000,124,28,7847.67,3,5,5,355,Potential Loyalists
12757,2011-11-24 12:30:00.000000213,16,13,7834.650000000001,5,5,5,555,Champions
12867,2011-11-13 15:30:00.000000213,27,13,7829.26,4,5,5,455,Champions
16592,2011-12-05 13:49:00.000000575,5,28,7807.91,5,5,5,555,Champions
15544,2011-11-30 16:43:00.000000027,10,20,7807.89,5,5,5,555,Champions
14395,2011-12-07 14:34:00.000000575,3,20,7801.93,5,5,5,555,Champions
17409,2011-06-08 10:35:59.999999916,185,10,7793.51,3,5,5,355,Potential Loyalists
12720,2011-12-07 08:02:59.999999536,3,30,7787.28,5,5,5,555,Champions
17730,2011-12-06 15:43:00.000000863,4,20,7773.8,5,5,5,555,Champions
17739,2011-11-28 09:11:59.999999832,12,18,7730.59,5,5,5,555,Champions
13534,2011-12-07 14:51:59.999999693,3,35,7720.9,5,5,5,555,Champions
17696,2011-11-01 13:43:00.000000027,39,27,7679.59,4,5,5,455,Champions
14175,2011-10-11 11:54:59.999999647,60,8,7678.88,3,4,5,345,Potential Loyalists
13141,2011-09-16 09:53:59.999999870,85,17,7656.08,3,5,5,355,Potential Loyalists
15046,2011-11-30 15:49:59.999999721,10,25,7623.79,5,5,5,555,Champions
14145,2011-10-24 12:10:00.000000073,47,7,7600.05,4,4,5,445,Champions
13373,2011-10-10 10:50:59.999999703,61,6,7587.1900000000005,3,4,5,345,Potential Loyalists
13137,2011-11-29 12:08:59.999999870,11,16,7586.94,5,5,5,555,Champions
13709,2011-12-06 10:28:00.000000863,4,18,7571.35,5,5,5,555,Champions
14030,2011-11-21 16:47:59.999999749,19,20,7521.8,5,5,5,555,Champions
17091,2011-12-07 10:43:00.000000027,3,19,7495.75,5,5,5,555,Champions
15179,2011-11-21 12:53:00.000000306,19,13,7491.92,5,5,5,555,Champions
15581,2011-08-11 09:37:59.999999888,121,38,7480.4,3,5,5,355,Potential Loyalists
13815,2011-11-17 14:19:00.000000157,23,8,7475.74,4,4,5,445,Champions
16570,2011-11-24 17:01:59.999999972,16,20,7434.31,5,5,5,555,Champions
16242,2011-12-01 15:11:59.999999832,9,14,7404.65,5,5,5,555,Champions
17602,2011-12-07 13:53:00.000000101,3,14,7354.43,5,5,5,555,Champions
13082,2011-08-05 16:15:59.999999777,127,21,7335.75,3,5,5,355,Potential Loyalists
17238,2011-12-07 11:35:00.000000139,3,32,7331.67,5,5,5,555,Champions
16253,2011-10-04 09:08:59.999999870,67,7,7272.2,3,4,5,345,Potential Loyalists
14282,2011-12-06 17:04:00.000000361,4,25,7250.76,5,5,5,555,Champions
14092,2011-12-02 12:13:00.000000027,8,24,7229.45,5,5,5,555,Champions
14243,2011-12-01 11:12:00.000000046,9,17,7217.75,5,5,5,555,Champions
16729,2011-11-01 14:29:00.000000853,39,21,7205.33,4,5,5,455,Champions
14800,2011-10-23 12:46:00.000000194,48,17,7191.33,4,5,5,455,Champions
14688,2011-12-02 12:26:00.000000686,8,28,7190.42,5,5,5,555,Champions
16745,2011-09-14 11:58:00.000000863,87,17,7180.7,3,5,5,355,Potential Loyalists
14841,2011-10-17 15:02:59.999999331,54,14,7163.0,4,5,5,455,Champions
15950,2011-11-08 11:08:59.999999452,32,10,7120.91,4,5,5,455,Champions
15521,2011-10-30 13:41:59.999999832,41,16,7098.24,4,5,5,455,Champions
14113,2011-12-06 12:17:59.999999749,4,16,7092.610000000001,5,5,5,555,Champions
13451,2011-11-13 15:58:00.000000027,27,11,7090.06,4,5,5,455,Champions
17231,2011-11-27 15:17:59.999999749,13,25,7064.8,5,5,5,555,Champions
17769,2011-11-27 11:17:59.999999331,13,17,7053.38,5,5,5,555,Champions
13183,2011-12-02 10:30:00.000000000,8,15,7036.18,5,5,5,555,Champions
17965,2011-11-02 09:30:59.999999777,38,29,7006.65,4,5,5,455,Champions
16938,2011-12-01 10:20:00.000000556,9,9,6995.360000000001,5,5,5,555,Champions
17690,2011-11-09 15:17:00.000000185,31,20,6963.8,4,5,5,455,Champions
12841,2011-12-05 11:13:00.000000863,5,40,6958.2,5,5,5,555,Champions
13552,2011-10-04 15:19:00.000000575,67,22,6948.92,3,5,5,355,Potential Loyalists
15674,2011-09-27 15:17:00.000000185,74,13,6948.2300000000005,3,5,5,355,Potential Loyalists
16265,2011-11-30 16:40:59.999999638,10,12,6935.17,5,5,5,555,Champions
16187,2011-11-08 09:49:59.999999721,32,15,6911.4400000000005,4,5,5,455,Champions
15301,2011-10-20 09:56:59.999999832,51,17,6909.67,4,5,5,455,Champions
12749,2011-12-06 09:55:59.999999638,4,9,6897.36,5,5,5,555,Champions
16170,2011-10-20 08:20:59.999999916,51,20,6869.0,4,5,5,455,Champions
15129,2011-10-20 14:39:59.999999860,51,23,6860.18,4,5,5,455,Champions
18231,2011-05-31 14:17:59.999999331,193,28,6854.17,2,5,5,255,At Risk
16401,2011-12-08 18:14:59.999999164,2,23,6849.15,5,5,5,555,Champions
12613,2011-10-13 14:58:59.999999805,58,10,6817.37,4,5,5,455,Champions
12830,2011-11-02 11:53:59.999999452,38,6,6814.64,4,4,5,445,Champions
16145,2011-12-01 10:32:59.999999331,9,19,6805.4400000000005,5,5,5,555,Champions
15413,2010-01-17 11:32:59.999999749,692,5,6798.72,1,4,5,145,At Risk
12417,2011-12-06 14:51:59.999999693,4,20,6797.41,5,5,5,555,Champions
14401,2011-12-05 13:30:00.000000000,5,22,6795.9,5,5,5,555,Champions
13993,2011-10-28 09:05:59.999999916,43,19,6775.71,4,5,5,455,Champions
13983,2011-11-10 11:06:00.000000129,30,21,6753.89,4,5,5,455,Champions
12662,2011-12-09 11:58:59.999999805,1,20,6726.54,5,5,5,555,Champions
12712,2011-11-11 08:19:00.000000157,29,21,6723.03,4,5,5,455,Champions
15321,2011-09-30 09:39:59.999999647,71,12,6709.7300000000005,3,5,5,355,Potential Loyalists
14844,2011-10-07 10:40:59.999999638,64,10,6702.43,3,5,5,355,Potential Loyalists
17975,2011-11-24 13:27:00.000000046,16,24,6696.33,5,5,5,555,Champions
13734,2010-07-19 12:04:00.000000157,509,4,6695.6900000000005,1,3,5,135,Needs Attention
16497,2011-10-21 10:54:59.999999860,50,23,6695.28,4,5,5,455,Champions
13384,2011-11-09 11:04:00.000000361,31,11,6680.83,4,5,5,455,Champions
17700,2011-11-23 11:51:00.000000129,17,14,6679.97,5,5,5,555,Champions
14461,2011-07-14 17:10:59.999999842,149,13,6676.91,3,5,5,355,Potential Loyalists
16717,2011-11-16 12:15:59.999999981,24,14,6663.68,4,5,5,455,Champions
17001,2011-12-09 09:37:59.999999888,1,19,6640.8,5,5,5,555,Champions
13953,2011-12-02 16:04:00.000000575,8,12,6640.68,5,5,5,555,Champions
14562,2011-12-06 11:05:00.000000556,4,26,6638.15,5,5,5,555,Champions
13394,2011-12-08 11:35:59.999999703,2,19,6621.7,5,5,5,555,Champions
12626,2011-11-16 16:05:59.999999703,24,9,6620.48,4,5,5,455,Champions
13520,2011-10-12 10:20:00.000000556,59,11,6606.0,4,5,5,455,Champions
13831,2011-11-23 15:40:59.999999842,17,18,6585.54,5,5,5,555,Champions
12843,2011-10-05 12:08:59.999999870,66,30,6583.36,3,5,5,355,Potential Loyalists
13015,2011-10-17 13:19:00.000000361,54,11,6579.78,4,5,5,455,Champions
13883,2011-11-29 10:44:59.999999164,11,15,6560.02,5,5,5,555,Champions
12836,2011-10-11 15:10:00.000000073,60,15,6559.7300000000005,3,5,5,355,Potential Loyalists
15980,2011-09-12 09:40:59.999999842,89,7,6543.68,3,4,5,345,Potential Loyalists
14855,2011-08-12 14:01:59.999999972,120,7,6520.3,3,4,5,345,Potential Loyalists
14221,2011-10-28 13:41:59.999999832,43,17,6517.49,4,5,5,455,Champions
12823,2011-09-26 07:34:59.999999721,75,18,6501.5,3,5,5,355,Potential Loyalists
13317,2011-10-04 13:34:59.999999721,67,19,6486.091,3,5,5,355,Potential Loyalists
12779,2011-11-02 11:42:59.999999814,38,14,6474.11,4,5,5,455,Champions
14154,2011-04-14 16:25:59.999999842,240,8,6460.7,2,4,5,245,At Risk
15750,2011-12-07 12:34:00.000000361,3,18,6452.991,5,5,5,555,Champions
16940,2011-10-18 13:15:00.000000213,53,8,6427.66,4,5,5,455,Champions
16655,2011-11-22 11:25:00.000000073,18,13,6423.26,5,5,5,555,Champions
12656,2011-11-22 13:41:59.999999832,18,8,6407.83,5,4,5,545,Champions
15514,2011-11-27 14:39:59.999999860,13,18,6392.06,5,5,5,555,Champions
18094,2011-09-19 09:27:59.999999814,82,13,6391.52,3,5,5,355,Potential Loyalists
12406,2011-11-17 19:21:59.999999693,23,5,6390.36,4,4,5,445,Champions
14388,2011-11-29 13:31:59.999999759,11,16,6388.2,5,5,5,555,Champions
14766,2011-12-01 16:05:00.000000139,9,11,6375.7300000000005,5,5,5,555,Champions
12356,2011-11-17 08:39:59.999999860,23,6,6371.73,4,4,5,445,Champions
14702,2011-12-08 19:28:59.999999805,2,29,6368.78,5,5,5,555,Champions
14227,2011-11-13 15:47:59.999999331,27,15,6368.71,4,5,5,455,Champions
12484,2011-11-07 11:36:59.999999898,33,12,6354.1,4,5,5,455,Champions
13590,2011-11-28 12:53:59.999999870,12,18,6336.04,5,5,5,555,Champions
18245,2011-12-02 14:47:59.999999536,8,20,6324.9800000000005,5,5,5,555,Champions
13654,2011-10-27 16:23:59.999999452,44,11,6308.0,4,5,5,455,Champions
12913,2011-12-05 12:10:59.999999638,5,13,6283.24,5,5,5,555,Champions
15480,2011-08-15 14:32:00.000000185,117,5,6279.0,3,4,5,345,Potential Loyalists
13136,2011-10-14 13:40:59.999999638,57,13,6274.56,4,5,5,455,Champions
13615,2011-01-25 08:20:59.999999916,319,8,6272.53,2,4,5,245,At Risk
17873,2011-09-20 16:40:59.999999638,81,18,6265.33,3,5,5,355,Potential Loyalists
14004,2011-10-27 14:39:59.999999860,44,11,6258.45,4,5,5,455,Champions
15369,2010-08-04 13:54:00.000000296,493,11,6251.26,1,5,5,155,At Risk
12497,2011-09-19 12:29:00.000000018,82,3,6248.5,3,3,5,335,Potential Loyalists
17799,2011-11-17 15:15:59.999999981,23,20,6246.93,4,5,5,455,Champions
18118,2011-11-29 11:32:00.000000185,11,29,6221.02,5,5,5,555,Champions
16735,2011-09-22 11:49:00.000000361,79,14,6217.41,3,5,5,355,Potential Loyalists
12429,2011-11-30 17:22:00.000000111,10,8,6204.41,5,4,5,545,Champions
15673,2011-09-12 16:12:00.000000250,89,9,6204.32,3,5,5,355,Potential Loyalists
13334,2011-09-18 15:20:59.999999703,83,5,6201.8,3,4,5,345,Potential Loyalists
16103,2011-12-02 14:16:00.000000194,8,22,6191.71,5,5,5,555,Champions
16156,2011-12-01 12:42:00.000000046,9,20,6188.18,5,5,5,555,Champions
14534,2011-12-07 12:19:00.000000575,3,26,6187.66,5,5,5,555,Champions
15299,2011-10-03 14:19:00.000000157,68,10,6156.53,3,5,5,355,Potential Loyalists
14390,2011-11-29 13:49:00.000000575,11,13,6150.03,5,5,5,555,Champions
17669,2011-10-28 08:52:59.999999888,43,10,6142.35,4,5,5,455,Champions
13266,2011-11-28 14:39:00.000000296,12,19,6135.04,5,5,5,555,Champions
14852,2011-10-12 13:20:00.000000556,59,18,6132.43,4,5,5,455,Champions
17419,2011-11-28 13:47:00.000000185,12,18,6126.25,5,5,5,555,Champions
13230,2011-12-05 16:02:59.999999749,5,30,6120.01,5,5,5,555,Champions
14180,2011-11-29 10:56:00.000000686,11,33,6117.5,5,5,5,555,Champions
13935,2010-04-22 11:20:59.999999916,597,3,6116.92,1,3,5,135,Needs Attention
14560,2011-12-02 15:21:59.999999898,8,44,6114.03,5,5,5,555,Champions
18178,2011-08-03 09:30:00.000000213,129,11,6103.74,3,5,5,355,Potential Loyalists
14530,2011-11-14 10:38:00.000000306,26,16,6088.87,4,5,5,455,Champions
18061,2011-11-18 11:19:59.999999721,22,28,6083.81,4,5,5,455,Champions
17509,2011-10-13 10:25:59.999999842,58,8,6083.64,4,5,5,455,Champions
16954,2011-12-09 09:46:00.000000194,1,20,6081.88,5,5,5,555,Champions
12664,2011-12-01 17:06:59.999999693,9,11,6070.04,5,5,5,555,Champions
17644,2011-12-08 13:43:00.000000027,2,20,6028.6,5,5,5,555,Champions
13658,2011-11-30 10:12:59.999999814,10,9,6025.5,5,5,5,555,Champions
17819,2011-09-29 10:51:59.999999898,72,12,6021.05,3,5,5,355,Potential Loyalists
15372,2011-07-25 16:38:59.999999870,138,8,6017.06,3,4,5,345,Potential Loyalists
15202,2010-10-15 13:05:00.000000139,421,3,6001.49,1,3,5,135,Needs Attention
16456,2011-09-01 13:50:00.000000139,100,13,6000.94,3,5,5,355,Potential Loyalists
12835,2010-10-08 10:59:00.000000018,428,41,5996.83,1,5,5,155,At Risk
15755,2011-11-29 14:57:00.000000046,11,17,5993.12,5,5,5,555,Champions
14105,2011-04-14 17:58:00.000000863,240,5,5988.83,2,4,5,245,At Risk
17457,2011-08-05 12:47:59.999999331,127,14,5984.8099999999995,3,5,5,355,Potential Loyalists
14440,2011-12-01 15:42:00.000000046,9,13,5982.03,5,5,5,555,Champions
17625,2011-11-21 13:35:59.999999916,19,8,5978.9,5,5,5,555,Champions
14535,2011-10-10 15:38:59.999999452,61,9,5973.2300000000005,3,5,5,355,Potential Loyalists
15785,2011-11-07 11:32:59.999999749,33,16,5969.93,4,5,5,455,Champions
14918,2011-08-16 11:50:00.000000556,116,9,5955.81,3,5,5,355,Potential Loyalists
12500,2011-11-16 16:20:00.000000556,24,19,5955.21,4,5,5,455,Champions
14257,2011-10-06 16:54:00.000000296,65,9,5954.45,3,5,5,355,Potential Loyalists
16710,2011-11-20 14:50:00.000000556,20,22,5921.35,4,5,5,455,Champions
15971,2011-11-22 12:49:59.999999721,18,18,5902.83,5,5,5,555,Champions
12455,2011-09-27 15:30:59.999999777,74,10,5879.95,3,5,5,355,Potential Loyalists
18065,2011-12-04 10:30:00.000000000,6,29,5866.63,5,5,5,555,Champions
17146,2011-08-26 12:43:59.999999805,106,13,5852.64,3,5,5,355,Potential Loyalists
14112,2011-11-17 12:30:00.000000213,23,13,5834.59,4,5,5,455,Champions
12910,2011-11-16 14:28:00.000000027,24,13,5796.52,4,5,5,455,Champions
18075,2011-11-16 15:20:59.999999703,24,20,5783.29,4,5,5,455,Champions
17672,2011-10-20 14:17:59.999999331,51,7,5778.63,4,4,5,445,Champions
14099,2011-11-23 13:53:00.000000101,17,20,5750.91,5,5,5,555,Champions
16316,2011-10-06 13:47:59.999999749,65,13,5744.91,3,5,5,355,Potential Loyalists
12615,2011-12-07 15:01:59.999999759,3,8,5740.98,5,4,5,545,Champions
13771,2011-10-06 14:17:59.999999331,65,9,5728.82,3,5,5,355,Potential Loyalists
13870,2011-12-07 13:22:59.999999888,3,15,5712.08,5,5,5,555,Champions
16607,2011-11-22 10:23:59.999999452,18,25,5706.87,5,5,5,555,Champions
17651,2011-11-28 10:28:59.999999805,12,16,5703.52,5,5,5,555,Champions
16279,2011-11-18 15:00:00.000000000,22,9,5698.28,4,5,5,455,Champions
16458,2011-12-07 09:34:00.000000361,3,30,5690.89,5,5,5,555,Champions
13157,2011-10-21 13:50:00.000000139,50,9,5687.36,4,5,5,455,Champions
12727,2011-11-29 11:45:59.999999777,11,10,5679.53,5,5,5,555,Champions
12633,2011-10-12 11:39:59.999999860,59,7,5678.16,4,4,5,445,Champions
13901,2011-09-28 14:47:59.999999536,73,15,5676.34,3,5,5,355,Potential Loyalists
17491,2011-12-08 16:17:59.999999536,2,17,5653.67,5,5,5,555,Champions
16409,2011-11-03 16:44:59.999999164,37,12,5652.74,4,5,5,455,Champions
13722,2011-07-31 12:43:59.999999805,132,10,5635.41,3,5,5,355,Potential Loyalists
16320,2011-06-20 15:24:59.999999860,173,6,5628.99,3,4,5,345,Potential Loyalists
16003,2011-11-10 09:56:59.999999832,30,10,5613.83,4,5,5,455,Champions
18145,2011-11-27 11:22:00.000000111,13,11,5609.74,5,5,5,555,Champions
16200,2011-12-05 14:39:59.999999860,5,12,5608.1,5,5,5,555,Champions
17838,2011-11-13 11:19:59.999999721,27,13,5604.64,4,5,5,455,Champions
16011,2011-12-01 16:31:00.000000194,9,29,5601.01,5,5,5,555,Champions
15228,2011-10-04 13:56:00.000000686,67,6,5580.2699999999995,3,4,5,345,Potential Loyalists
15854,2011-12-05 13:38:59.999999870,5,21,5578.28,5,5,5,555,Champions
17203,2011-11-04 12:27:00.000000250,36,10,5564.09,4,5,5,455,Champions
14210,2011-08-26 12:36:00.000000129,106,16,5556.570000000001,3,5,5,355,Potential Loyalists
15527,2011-11-21 12:17:00.000000185,19,23,5554.89,5,5,5,555,Champions
14907,2011-12-06 14:13:59.999999805,4,16,5547.72,5,5,5,555,Champions
14572,2011-12-06 14:39:59.999999860,4,11,5526.88,5,5,5,555,Champions
17069,2011-11-11 17:13:00.000000863,29,14,5517.2300000000005,4,5,5,455,Champions
14732,2011-12-01 14:34:00.000000575,9,19,5517.07,5,5,5,555,Champions
17092,2011-10-20 19:50:59.999999703,51,11,5511.41,4,5,5,455,Champions
17204,2011-06-17 14:45:59.999999777,176,9,5504.6900000000005,3,5,5,355,Potential Loyalists
14189,2011-12-07 15:55:00.000000073,3,16,5503.15,5,5,5,555,Champions
13115,2011-11-28 12:37:59.999999888,12,10,5494.7,5,5,5,555,Champions
16609,2011-11-24 13:31:59.999999759,16,7,5493.46,5,4,5,545,Champions
13593,2011-08-23 13:34:59.999999721,109,14,5493.29,3,5,5,355,Potential Loyalists
13769,2011-12-07 15:08:00.000000306,3,20,5478.12,5,5,5,555,Champions
16992,2011-11-29 11:50:00.000000556,11,13,5476.5,5,5,5,555,Champions
17512,2011-11-11 12:10:59.999999638,29,18,5467.820000000001,4,5,5,455,Champions
12480,2011-11-11 14:51:59.999999693,29,7,5464.85,4,4,5,445,Champions
17685,2011-11-23 11:35:59.999999703,17,12,5454.95,5,5,5,555,Champions
18198,2011-12-05 14:49:00.000000361,5,17,5425.56,5,5,5,555,Champions
12378,2011-08-02 10:34:00.000000157,130,2,5416.32,3,2,5,325,Needs Attention
14626,2011-11-16 10:37:00.000000111,24,11,5410.92,4,5,5,455,Champions
14249,2010-10-25 12:34:00.000000361,411,12,5400.461,1,5,5,155,At Risk
17719,2011-11-02 10:35:59.999999916,38,15,5396.04,4,5,5,455,Champions
17612,2011-10-17 14:58:59.999999805,54,18,5394.86,4,5,5,455,Champions
13362,2011-11-30 14:41:00.000000686,10,7,5394.07,5,4,5,545,Champions
13014,2011-11-29 12:27:00.000000250,11,11,5381.08,5,5,5,555,Champions
14459,2011-07-07 13:34:59.999999721,156,2,5375.741,3,2,5,325,Needs Attention
14442,2011-05-19 11:35:59.999999703,205,7,5367.0199999999995,2,4,5,245,At Risk
17863,2011-10-11 13:44:59.999999164,60,12,5360.48,3,5,5,355,Potential Loyalists
12362,2011-12-06 15:39:59.999999647,4,11,5356.23,5,5,5,555,Champions
15641,2011-08-26 14:04:00.000000361,106,12,5345.55,3,5,5,355,Potential Loyalists
16008,2011-11-16 10:31:59.999999759,24,15,5339.13,4,5,5,455,Champions
15628,2011-12-05 10:23:59.999999452,5,17,5333.08,5,5,5,555,Champions
13842,2011-10-12 10:50:59.999999703,59,18,5319.34,4,5,5,455,Champions
17584,2011-12-02 17:12:00.000000046,8,6,5309.42,5,4,5,545,Champions
16546,2011-02-22 11:19:59.999999721,291,5,5307.07,2,4,5,245,At Risk
16393,2011-12-07 12:50:59.999999916,3,23,5297.77,5,5,5,555,Champions
15394,2011-11-30 11:49:00.000000361,10,11,5286.8,5,5,5,555,Champions
15152,2011-11-30 12:31:59.999999972,10,14,5263.83,5,5,5,555,Champions
13931,2011-09-05 10:12:00.000000250,96,11,5257.38,3,5,5,355,Potential Loyalists
13975,2011-11-08 13:19:00.000000361,32,12,5256.4,4,5,5,455,Champions
13107,2011-10-26 14:51:59.999999693,45,9,5253.07,4,5,5,455,Champions
14930,2011-08-23 10:31:00.000000194,109,6,5236.7300000000005,3,4,5,345,Potential Loyalists
12755,2011-03-04 12:42:00.000000046,281,11,5236.259999999999,2,5,5,255,At Risk
15722,2011-11-04 11:42:59.999999814,36,11,5234.0,4,5,5,455,Champions
17061,2011-09-27 11:23:59.999999870,74,11,5232.2300000000005,3,5,5,355,Potential Loyalists
12422,2011-09-05 09:47:59.999999331,96,17,5231.8,3,5,5,355,Potential Loyalists
15606,2011-10-09 15:46:59.999999759,62,17,5230.99,3,5,5,355,Potential Loyalists
13763,2011-10-07 15:13:00.000000027,64,3,5217.4400000000005,3,3,5,335,Potential Loyalists
15812,2011-08-24 14:19:00.000000157,108,12,5201.47,3,5,5,355,Potential Loyalists
14546,2011-12-04 12:59:59.999999164,6,11,5184.84,5,5,5,555,Champions
12510,2011-07-20 10:15:00.000000213,143,9,5178.02,3,5,5,355,Potential Loyalists
17663,2011-11-14 08:55:59.999999842,26,17,5175.83,4,5,5,455,Champions
15796,2011-12-08 19:54:59.999999860,2,17,5171.63,5,5,5,555,Champions
12625,2011-05-12 09:53:59.999999870,212,4,5164.88,2,3,5,235,Needs Attention
17157,2011-12-02 09:10:00.000000073,8,19,5151.9,5,5,5,555,Champions
16153,2011-10-21 10:50:00.000000139,50,11,5133.49,4,5,5,455,Champions
16308,2011-11-02 11:23:59.999999870,38,7,5120.0,4,4,5,445,Champions
12708,2011-11-10 09:52:00.000000111,30,18,5117.66,4,5,5,455,Champions
14713,2011-11-30 16:25:59.999999842,10,21,5115.76,5,5,5,555,Champions
15443,2011-12-08 10:40:00.000000073,2,14,5114.23,5,5,5,555,Champions
12483,2011-11-22 17:01:59.999999972,18,19,5097.18,5,5,5,555,Champions
12594,2011-11-02 12:20:00.000000139,38,15,5090.11,4,5,5,455,Champions
17861,2011-12-06 16:21:00.000000129,4,18,5088.29,5,5,5,555,Champions
14493,2011-12-02 16:14:00.000000018,8,10,5087.86,5,5,5,555,Champions
15367,2011-10-13 14:13:00.000000863,58,11,5081.33,4,5,5,455,Champions
12432,2011-10-28 11:42:59.999999814,43,5,5059.32,4,4,5,445,Champions
17469,2011-11-23 13:15:00.000000213,17,17,5051.25,5,5,5,555,Champions
13634,2011-11-06 13:40:00.000000073,34,16,5033.77,4,5,5,455,Champions
16931,2011-12-04 13:15:00.000000213,6,23,5032.22,5,5,5,555,Champions
12759,2011-10-18 14:49:00.000000361,53,8,5020.74,4,4,5,445,Champions
12444,2011-11-18 13:22:59.999999888,22,5,5005.46,4,4,5,445,Champions
17084,2011-11-04 14:53:59.999999452,36,3,5001.21,4,3,5,435,Loyal Customers
17346,2011-12-06 12:17:59.999999749,4,26,4998.61,5,5,5,555,Champions
15898,2011-12-08 15:23:00.000000101,2,25,4996.45,5,5,5,555,Champions
14209,2011-11-29 10:17:59.999999536,11,15,4993.27,5,5,5,555,Champions
14639,2011-10-18 15:05:59.999999916,53,9,4978.96,4,5,5,455,Champions
13198,2011-11-29 15:17:00.000000185,11,8,4974.2300000000005,5,4,5,545,Champions
12600,2011-11-11 10:28:59.999999805,29,21,4967.42,4,5,5,455,Champions
12562,2011-12-01 17:19:59.999999721,9,9,4966.92,5,5,5,555,Champions
17758,2011-11-20 14:45:00.000000213,20,12,4964.03,4,5,5,455,Champions
17802,2011-09-18 14:55:59.999999842,83,10,4946.22,3,5,5,355,Potential Loyalists
12700,2011-12-02 10:47:00.000000185,8,4,4939.99,5,3,5,535,Loyal Customers
12347,2011-12-07 15:52:00.000000111,3,8,4921.53,5,4,5,545,Champions
14970,2011-10-02 13:44:00.000000853,69,12,4919.35,3,5,5,355,Potential Loyalists
16919,2011-07-06 13:34:59.999999721,157,24,4909.66,3,5,5,355,Potential Loyalists
17314,2011-11-15 09:40:59.999999842,25,17,4904.43,4,5,5,455,Champions
18144,2011-12-02 12:46:00.000000194,8,19,4892.95,5,5,5,555,Champions
15332,2010-12-08 14:42:59.999999814,367,6,4892.68,2,4,5,245,At Risk
16986,2011-11-10 11:54:59.999999647,30,11,4888.75,4,5,5,455,Champions
13021,2011-12-05 16:37:00.000000111,5,17,4887.24,5,5,5,555,Champions
13659,2011-05-18 12:36:59.999999693,206,12,4884.68,2,5,5,255,At Risk
16686,2011-10-23 13:49:00.000000575,48,16,4881.07,4,5,5,455,Champions
15379,2011-06-23 13:12:59.999999814,170,8,4877.84,3,4,5,345,Potential Loyalists
14107,2011-10-19 12:11:59.999999832,52,11,4877.3,4,5,5,455,Champions
12688,2011-08-18 08:49:00.000000361,114,1,4873.8099999999995,3,1,5,315,Needs Attention
17213,2011-10-30 14:52:59.999999888,41,13,4869.400000000001,4,5,5,455,Champions
17449,2011-12-07 16:56:00.000000686,3,13,4868.15,5,5,5,555,Champions
17652,2011-11-14 12:55:00.000000073,26,12,4867.72,4,5,5,455,Champions
14081,2011-02-10 16:16:59.999999972,303,10,4867.57,2,5,5,255,At Risk
17059,2011-11-10 12:27:00.000000250,30,9,4864.57,4,5,5,455,Champions
13495,2011-12-02 11:20:59.999999916,8,10,4863.31,5,5,5,555,Champions
13044,2011-02-21 15:20:00.000000139,292,11,4848.05,2,5,5,255,At Risk
13562,2011-09-19 10:50:59.999999703,82,8,4838.18,3,4,5,345,Potential Loyalists
17567,2011-12-02 15:47:59.999999331,8,9,4838.08,5,5,5,555,Champions
12449,2011-11-17 13:45:59.999999981,23,6,4835.89,4,4,5,445,Champions
14191,2011-12-08 09:23:00.000000101,2,15,4817.66,5,5,5,555,Champions
13875,2011-10-17 09:36:00.000000129,54,14,4814.37,4,5,5,455,Champions
15485,2011-11-09 14:30:59.999999981,31,7,4810.92,4,4,5,445,Champions
13329,2011-11-08 10:28:59.999999805,32,8,4808.77,4,4,5,445,Champions
15529,2011-11-17 11:29:00.000000853,23,12,4783.66,4,5,5,455,Champions
15187,2011-12-08 11:55:59.999999842,2,16,4777.18,5,5,5,555,Champions
17519,2011-11-22 16:43:00.000000027,18,15,4774.17,5,5,5,555,Champions
13988,2011-11-20 10:15:00.000000213,20,8,4757.8,5,4,5,545,Champions
12955,2011-12-08 16:28:59.999999805,2,11,4757.16,5,5,5,555,Champions
17829,2011-02-14 12:46:00.000000194,299,5,4756.74,2,4,5,245,At Risk
14825,2011-12-06 11:38:00.000000101,4,24,4735.08,5,5,5,555,Champions
17082,2011-11-06 15:17:00.000000185,34,6,4732.03,4,4,5,445,Champions
16326,2011-12-04 10:11:00.000000686,6,24,4721.25,5,5,5,555,Champions
12395,2011-11-20 15:20:59.999999703,20,15,4721.17,5,5,5,555,Champions
14235,2011-09-25 14:36:59.999999898,76,9,4717.99,3,5,5,355,Potential Loyalists
13958,2010-11-25 10:11:00.000000686,380,8,4709.2300000000005,2,4,5,245,At Risk
16905,2011-12-04 14:00:59.999999777,6,17,4706.77,5,5,5,555,Champions
12589,2011-11-11 10:19:00.000000361,29,8,4695.66,4,4,5,445,Champions
15410,2011-09-16 14:46:59.999999972,85,10,4685.72,3,5,5,355,Potential Loyalists
16904,2011-12-05 13:09:59.999999860,5,21,4675.36,5,5,5,555,Champions
13971,2011-11-21 12:05:59.999999916,19,14,4667.57,5,5,5,555,Champions
15123,2011-12-02 13:12:00.000000250,8,5,4656.17,5,4,5,545,Champions
15484,2011-12-08 15:02:59.999999331,2,6,4652.1,5,4,5,545,Champions
17050,2011-09-04 13:47:59.999999749,97,11,4648.59,3,5,5,355,Potential Loyalists
12578,2011-11-18 13:30:00.000000000,22,4,4642.45,4,3,5,435,Loyal Customers
13124,2011-09-11 12:45:00.000000000,90,4,4641.66,3,3,5,335,Potential Loyalists
17402,2011-12-05 10:15:00.000000213,5,23,4635.5599999999995,5,5,5,555,Champions
18097,2011-12-02 11:16:00.000000194,8,11,4627.92,5,5,5,555,Champions
17400,2011-08-05 15:37:59.999999888,127,8,4623.28,3,5,5,355,Potential Loyalists
17442,2011-11-03 09:17:00.000000185,37,15,4620.3,4,5,5,455,Champions
12782,2011-12-05 09:15:59.999999981,5,11,4618.24,5,5,5,555,Champions
14441,2011-12-09 09:07:00.000000111,1,11,4611.6900000000005,5,5,5,555,Champions
15245,2011-07-28 18:55:59.999999638,135,8,4610.84,3,4,5,345,Potential Loyalists
12553,2011-12-01 16:38:00.000000306,9,12,4608.75,5,5,5,555,Champions
13851,2011-09-05 12:36:00.000000129,96,8,4606.46,3,4,5,345,Potential Loyalists
18257,2011-10-31 14:47:59.999999536,40,12,4600.15,4,5,5,455,Champions
17188,2011-11-28 13:53:00.000000101,12,13,4592.93,5,5,5,555,Champions
17508,2011-03-04 08:09:59.999999647,281,8,4579.23,2,5,5,255,At Risk
15416,2011-10-06 09:37:59.999999888,65,7,4572.82,3,4,5,345,Potential Loyalists
13510,2011-12-08 13:45:59.999999981,2,11,4558.29,5,5,5,555,Champions
15365,2011-11-14 08:29:00.000000853,26,13,4557.13,4,5,5,455,Champions
16143,2011-12-06 14:13:00.000000863,4,12,4555.08,5,5,5,555,Champions
14032,2011-12-07 15:23:00.000000101,3,16,4546.41,5,5,5,555,Champions
17613,2011-11-17 10:50:59.999999703,23,14,4544.55,4,5,5,455,Champions
13527,2011-11-06 12:04:00.000000157,34,12,4541.29,4,5,5,455,Champions
13571,2011-11-27 10:47:00.000000185,13,26,4537.26,5,5,5,555,Champions
14685,2010-05-12 13:08:00.000000101,577,8,4536.64,1,4,5,145,At Risk
13523,2011-11-06 15:10:59.999999638,34,6,4534.57,4,4,5,445,Champions
12598,2011-11-30 12:17:59.999999749,10,11,4534.09,5,5,5,555,Champions
16255,2011-11-23 12:39:59.999999647,17,15,4530.0,5,5,5,555,Champions
15271,2011-12-02 14:10:59.999999842,8,24,4528.54,5,5,5,555,Champions
14290,2011-11-28 14:01:59.999999972,12,8,4516.56,5,4,5,545,Champions
17308,2010-11-11 13:19:00.000000361,394,2,4511.76,2,3,5,235,Needs Attention
15764,2011-09-12 17:58:00.000000863,89,8,4503.08,3,4,5,345,Potential Loyalists
14625,2011-05-27 15:31:59.999999972,197,11,4497.88,2,5,5,255,At Risk
17596,2011-11-16 14:10:59.999999842,24,13,4491.46,4,5,5,455,Champions
15122,2011-08-17 16:47:59.999999749,115,11,4487.27,3,5,5,355,Potential Loyalists
14701,2011-11-29 12:37:59.999999888,11,15,4487.11,5,5,5,555,Champions
18064,2011-07-29 16:38:59.999999870,134,11,4481.83,3,5,5,355,Potential Loyalists
12916,2011-07-24 10:34:59.999999721,139,7,4479.73,3,4,5,345,Potential Loyalists
12627,2011-11-29 12:07:00.000000111,11,7,4478.53,5,4,5,545,Champions
13491,2011-10-19 08:32:00.000000185,52,27,4467.66,4,5,5,455,Champions
14648,2010-10-19 13:12:00.000000250,417,15,4466.65,1,5,5,155,At Risk
18069,2011-11-13 16:02:59.999999749,27,11,4464.92,4,5,5,455,Champions
16912,2011-11-11 12:17:59.999999749,29,15,4460.51,4,5,5,455,Champions
15240,2011-10-26 09:49:59.999999721,45,12,4459.98,4,5,5,455,Champions
17220,2011-11-15 13:47:00.000000185,25,21,4457.31,4,5,5,455,Champions
18093,2011-09-07 15:43:00.000000863,94,8,4452.71,3,5,5,355,Potential Loyalists
14341,2011-10-25 15:47:59.999999331,46,18,4452.02,4,5,5,455,Champions
17754,2011-12-09 11:19:59.999999721,1,13,4451.22,5,5,5,555,Champions
13435,2011-12-04 14:45:00.000000213,6,9,4447.33,5,5,5,555,Champions
12349,2011-11-21 09:50:59.999999916,19,4,4428.69,5,3,5,535,Loyal Customers
15845,2011-11-22 09:42:00.000000046,18,11,4426.28,5,5,5,555,Champions
17138,2011-03-09 11:53:59.999999452,276,7,4417.27,2,4,5,245,At Risk
16626,2011-12-09 11:55:59.999999842,1,17,4413.1,5,5,5,555,Champions
16563,2011-10-17 11:51:00.000000129,54,6,4412.56,4,4,5,445,Champions
14211,2011-10-17 13:22:59.999999888,54,18,4402.29,4,5,5,455,Champions
15203,2011-11-14 08:16:00.000000194,26,15,4400.18,4,5,5,455,Champions
13505,2011-09-28 11:55:59.999999842,73,4,4393.63,3,3,5,335,Potential Loyalists
16732,2011-11-08 09:53:59.999999870,32,4,4387.64,4,4,5,445,Champions
18272,2011-12-07 12:43:00.000000863,3,9,4385.9800000000005,5,5,5,555,Champions
14514,2011-10-09 16:05:00.000000139,62,9,4380.04,3,5,5,355,Potential Loyalists
16118,2010-02-25 09:39:59.999999647,653,1,4376.25,1,1,5,115,Hibernating
15861,2011-11-27 15:59:00.000000853,13,12,4369.2,5,5,5,555,Champions
13297,2011-12-02 09:31:59.999999972,8,7,4368.62,5,4,5,545,Champions
12752,2011-09-19 13:31:59.999999759,82,1,4366.78,3,1,5,315,Needs Attention
12917,2011-08-03 16:41:59.999999832,129,6,4359.2,3,4,5,345,Potential Loyalists
12523,2011-11-20 12:55:00.000000073,20,23,4352.35,5,5,5,555,Champions
16283,2011-12-04 12:08:00.000000306,6,8,4350.32,5,5,5,555,Champions
17372,2011-10-30 11:36:59.999999898,41,28,4347.31,4,5,5,455,Champions
12408,2011-11-07 12:27:00.000000250,33,8,4340.7699999999995,4,4,5,445,Champions
15633,2010-07-18 13:54:00.000000296,510,13,4335.96,1,5,5,155,At Risk
14334,2011-11-23 10:00:59.999999981,17,12,4318.48,5,5,5,555,Champions
12370,2011-10-19 14:51:00.000000129,52,7,4316.56,4,4,5,445,Champions
17191,2011-11-11 16:57:59.999999814,29,15,4310.34,4,5,5,455,Champions
14482,2011-11-21 13:14:00.000000018,19,12,4306.72,5,5,5,555,Champions
12928,2011-11-04 14:23:59.999999870,36,12,4304.89,4,5,5,455,Champions
14854,2011-09-22 17:00:00.000000213,79,11,4303.06,3,5,5,355,Potential Loyalists
17937,2011-12-01 11:45:00.000000213,9,7,4301.22,5,4,5,545,Champions
13880,2011-11-18 13:44:00.000000853,22,17,4293.86,4,5,5,455,Champions
16858,2010-12-06 09:52:00.000000111,369,10,4292.59,2,5,5,255,At Risk
16125,2010-12-07 15:47:59.999999331,368,14,4292.35,2,5,5,255,At Risk
18230,2011-11-30 13:21:59.999999693,10,9,4291.06,5,5,5,555,Champions
14307,2011-09-12 09:37:59.999999888,89,10,4287.92,3,5,5,355,Potential Loyalists
16293,2011-11-18 09:58:00.000000027,22,15,4279.2,4,5,5,455,Champions
16081,2011-10-14 13:05:59.999999703,57,8,4278.96,4,5,5,455,Champions
17930,2011-11-04 10:22:59.999999888,36,13,4275.22,4,5,5,455,Champions
14466,2011-11-10 14:06:59.999999693,30,13,4267.15,4,5,5,455,Champions
14239,2011-10-27 14:39:59.999999860,44,21,4263.17,4,5,5,455,Champions
12360,2011-10-18 15:21:59.999999898,53,8,4252.89,4,4,5,445,Champions
16571,2011-11-13 11:45:59.999999777,27,10,4248.74,4,5,5,455,Champions
12935,2011-12-07 17:25:00.000000073,3,15,4243.86,5,5,5,555,Champions
17728,2011-12-06 08:51:59.999999693,4,5,4238.76,5,4,5,545,Champions
13911,2011-10-13 15:43:00.000000863,58,20,4234.99,4,5,5,455,Champions
16875,2011-10-03 13:38:59.999999870,68,11,4234.53,3,5,5,355,Potential Loyalists
16712,2011-11-30 13:47:59.999999749,10,13,4232.87,5,5,5,555,Champions
14001,2011-10-25 10:31:00.000000194,46,9,4228.85,4,5,5,455,Champions
17412,2011-12-07 11:35:59.999999703,3,16,4220.22,5,5,5,555,Champions
16743,2011-11-10 13:12:59.999999814,30,14,4212.15,4,5,5,455,Champions
15804,2011-12-09 12:30:59.999999777,1,13,4206.39,5,5,5,555,Champions
18079,2011-10-25 15:27:00.000000250,46,5,4203.93,4,4,5,445,Champions
15518,2011-10-06 13:05:00.000000139,65,15,4189.99,3,5,5,355,Potential Loyalists
17406,2011-01-10 15:07:00.000000111,334,13,4186.95,2,5,5,255,At Risk
14868,2011-12-06 14:49:00.000000361,4,12,4184.01,5,5,5,555,Champions
17738,2011-11-20 15:04:59.999999721,20,13,4183.56,4,5,5,455,Champions
18287,2011-10-28 09:29:00.000000018,43,7,4182.99,4,4,5,445,Champions
16072,2011-02-24 14:32:00.000000185,289,4,4180.09,2,4,5,245,At Risk
17673,2011-12-08 12:49:59.999999721,2,13,4173.88,5,5,5,555,Champions
18194,2011-09-18 13:28:59.999999805,83,6,4162.04,3,4,5,345,Potential Loyalists
14740,2011-05-26 18:17:00.000000185,198,11,4161.06,2,5,5,255,At Risk
12653,2011-07-14 10:40:59.999999638,149,3,4160.83,3,3,5,335,Potential Loyalists
13461,2011-11-01 09:01:00.000000194,39,6,4160.0,4,4,5,445,Champions
16749,2010-04-27 13:05:59.999999703,592,2,4157.88,1,2,5,125,Hibernating
16209,2011-09-12 11:58:00.000000863,89,9,4146.78,3,5,5,355,Potential Loyalists
15002,2011-08-16 10:44:00.000000853,116,9,4138.08,3,5,5,355,Potential Loyalists
12569,2011-12-07 16:23:59.999999452,3,32,4124.69,5,5,5,555,Champions
15493,2011-11-07 12:04:00.000000157,33,9,4121.68,4,5,5,455,Champions
13450,2011-11-13 11:53:59.999999452,27,13,4120.04,4,5,5,455,Champions
14408,2011-11-29 11:41:00.000000686,11,11,4102.27,5,5,5,555,Champions
16477,2011-10-07 09:43:59.999999805,64,11,4094.37,3,5,5,355,Potential Loyalists
14566,2011-08-21 11:05:00.000000556,111,4,4092.0,3,3,5,335,Potential Loyalists
15050,2011-11-14 16:16:59.999999972,26,5,4087.19,4,4,5,445,Champions
12876,2011-10-13 12:26:00.000000686,58,4,4081.79,4,3,5,435,Loyal Customers
18077,2011-12-01 13:31:59.999999759,9,18,4078.79,5,5,5,555,Champions
14878,2011-11-27 11:15:00.000000000,13,25,4076.5,5,5,5,555,Champions
14913,2011-11-04 08:29:00.000000853,36,8,4073.13,4,4,5,445,Champions
12371,2011-10-26 10:15:59.999999777,45,5,4067.38,4,4,5,445,Champions
17682,2011-11-29 15:59:00.000000853,11,11,4065.28,5,5,5,555,Champions
13421,2011-10-30 14:20:59.999999916,41,8,4058.75,4,4,5,445,Champions
14025,2010-09-01 10:11:00.000000686,465,8,4057.9,1,4,5,145,At Risk
17083,2011-08-22 15:43:00.000000863,110,9,4049.79,3,5,5,355,Potential Loyalists
13048,2011-11-25 13:22:59.999999888,15,9,4049.13,5,5,5,555,Champions
12840,2011-07-19 09:29:00.000000018,144,7,4041.97,3,4,5,345,Potential Loyalists
15680,2011-11-30 13:45:59.999999981,10,10,4028.69,5,5,5,555,Champions
14824,2011-11-29 14:19:59.999999721,11,10,4022.9100000000003,5,5,5,555,Champions
12726,2011-11-11 13:34:59.999999721,29,11,4014.6,4,5,5,455,Champions
15782,2011-11-30 10:49:00.000000575,10,4,4014.1,5,3,5,535,Loyal Customers
12721,2011-11-08 12:13:00.000000027,32,8,4013.08,4,4,5,445,Champions
16098,2011-09-13 09:59:00.000000853,88,14,4010.7,3,5,5,355,Potential Loyalists
13895,2011-11-11 16:57:00.000000250,29,6,4008.52,4,4,5,445,Champions
16841,2011-11-03 11:51:00.000000129,37,12,4006.06,4,5,5,455,Champions
16150,2011-10-28 12:38:59.999999452,43,10,4002.17,4,5,5,455,Champions
17618,2011-12-04 11:50:00.000000556,6,11,4001.64,5,5,5,555,Champions
17307,2010-11-09 13:40:00.000000073,396,11,3999.8900000000003,2,5,5,255,At Risk
16455,2011-10-07 12:17:00.000000185,64,11,3995.57,3,5,5,355,Potential Loyalists
16241,2011-11-30 11:07:59.999999888,10,16,3992.86,5,5,5,555,Champions
15665,2011-06-24 14:57:00.000000046,169,5,3987.07,3,4,5,345,Potential Loyalists
14547,2011-12-06 11:06:00.000000129,4,8,3974.75,5,4,5,545,Champions
16218,2011-11-10 09:59:00.000000853,30,13,3968.67,4,5,5,455,Champions
14047,2011-12-01 11:42:59.999999814,9,14,3968.11,5,5,5,555,Champions
15572,2011-12-05 10:09:00.000000296,5,10,3965.2,5,5,5,555,Champions
14817,2011-05-23 13:34:59.999999721,201,7,3959.86,2,4,5,245,At Risk
13542,2010-11-28 11:23:59.999999870,377,17,3959.4900000000002,2,5,5,255,At Risk
16791,2011-11-10 19:12:00.000000250,30,15,3957.63,4,5,5,455,Champions
13982,2011-10-31 16:23:59.999999452,40,9,3954.29,4,5,5,455,Champions
17667,2011-10-04 14:32:00.000000185,67,9,3950.7,3,5,5,355,Potential Loyalists
16771,2011-11-06 13:28:00.000000863,34,10,3949.6,4,5,5,455,Champions
18259,2011-11-15 12:34:00.000000361,25,7,3941.9,4,4,5,445,Champions
17526,2011-12-05 11:05:00.000000556,5,12,3939.24,5,5,5,555,Champions
15819,2011-10-21 14:50:00.000000556,50,10,3934.79,4,5,5,455,Champions
12473,2011-11-10 13:45:59.999999981,30,5,3928.0499999999997,4,4,5,445,Champions
15051,2011-11-16 15:37:59.999999888,24,9,3926.91,4,5,5,455,Champions
14465,2011-04-07 12:37:59.999999888,247,11,3925.85,2,5,5,255,At Risk
15752,2011-10-31 11:36:59.999999898,40,9,3924.91,4,5,5,455,Champions
13037,2011-07-24 15:46:00.000000194,139,12,3914.9500000000003,3,5,5,355,Potential Loyalists
12853,2011-07-28 11:29:00.000000853,135,11,3907.5,3,5,5,355,Potential Loyalists
13995,2011-11-24 14:22:00.000000111,16,14,3902.01,5,5,5,555,Champions
12388,2011-11-24 12:30:00.000000213,16,8,3901.11,5,4,5,545,Champions
14498,2011-10-28 12:08:59.999999870,43,10,3900.83,4,5,5,455,Champions
17646,2011-05-04 13:16:59.999999972,220,12,3898.79,2,5,5,255,At Risk
16928,2011-09-20 15:10:00.000000073,81,29,3897.5299999999997,3,5,5,355,Potential Loyalists
15571,2011-11-28 10:02:00.000000185,12,14,3892.35,5,5,5,555,Champions
17218,2011-12-05 13:51:59.999999898,5,18,3891.39,5,5,5,555,Champions
15708,2011-10-30 10:54:00.000000296,41,9,3887.15,4,5,5,455,Champions
12358,2011-12-08 10:25:59.999999842,2,5,3887.07,5,4,5,545,Champions
15823,2010-12-02 15:08:00.000000306,373,3,3882.17,2,3,5,235,Needs Attention
13446,2010-10-05 18:50:59.999999916,431,11,3881.89,1,5,5,155,At Risk
15696,2011-11-06 14:01:59.999999972,34,13,3881.2200000000003,4,5,5,455,Champions
14655,2011-12-01 16:28:00.000000863,9,7,3878.51,5,4,5,545,Champions
15067,2011-09-22 13:20:00.000000556,79,5,3862.88,3,4,5,345,Potential Loyalists
15195,2011-12-07 12:20:00.000000139,3,1,3861.0,5,1,5,515,Recent Customers
18073,2011-08-17 14:01:59.999999972,115,12,3859.82,3,5,5,355,Potential Loyalists
14565,2011-09-05 09:07:00.000000111,96,5,3859.22,3,4,5,345,Potential Loyalists
16440,2011-12-02 12:01:59.999999759,8,6,3856.9700000000003,5,4,5,545,Champions
16057,2011-11-23 15:23:00.000000101,17,10,3854.85,5,5,5,555,Champions
13213,2011-10-14 11:42:00.000000250,57,11,3851.52,4,5,5,455,Champions
16341,2011-11-15 09:11:59.999999832,25,7,3850.79,4,4,5,445,Champions
14532,2011-04-17 13:05:00.000000139,237,11,3845.78,2,5,5,255,At Risk
13481,2011-10-25 09:07:00.000000111,46,11,3830.84,4,5,5,455,Champions
17287,2011-11-13 13:27:00.000000046,27,21,3826.86,4,5,5,455,Champions
12597,2011-11-20 13:32:59.999999331,20,4,3811.22,5,3,5,535,Loyal Customers
13357,2011-03-27 13:56:00.000000686,258,5,3805.5099999999998,2,4,5,245,At Risk
15421,2011-10-12 09:20:00.000000139,59,10,3805.34,4,5,5,455,Champions
17954,2011-12-04 14:15:00.000000000,6,19,3804.38,5,5,5,555,Champions
16636,2010-09-27 13:12:59.999999814,439,4,3802.04,1,4,5,145,At Risk
16128,2011-11-22 11:13:59.999999805,18,11,3801.05,5,5,5,555,Champions
17071,2011-11-11 16:31:00.000000194,29,13,3793.71,4,5,5,455,Champions
12619,2011-11-23 14:51:59.999999693,17,10,3781.38,5,5,5,555,Champions
14309,2011-12-01 13:32:59.999999331,9,11,3780.81,5,5,5,555,Champions
13126,2011-12-05 09:59:59.999999164,5,13,3774.81,5,5,5,555,Champions
17211,2011-11-13 12:02:59.999999331,27,13,3773.35,4,5,5,455,Champions
16466,2011-11-06 11:35:00.000000139,34,15,3767.09,4,5,5,455,Champions
17173,2011-12-04 14:39:59.999999860,6,8,3766.6,5,5,5,555,Champions
15834,2011-09-30 14:41:00.000000686,71,7,3764.39,3,4,5,345,Potential Loyalists
12670,2011-11-29 15:23:00.000000101,11,7,3760.29,5,4,5,545,Champions
12530,2011-10-11 12:34:00.000000361,60,9,3759.26,3,5,5,355,Potential Loyalists
17553,2011-08-02 09:59:59.999999164,130,4,3757.6,3,4,5,345,Potential Loyalists
17293,2011-12-01 14:36:59.999999898,9,17,3750.63,5,5,5,555,Champions
12623,2011-03-08 13:50:00.000000139,277,7,3747.84,2,4,5,245,At Risk
15370,2011-10-30 10:57:59.999999814,41,8,3739.01,4,4,5,445,Champions
15532,2011-11-14 14:51:00.000000129,26,10,3738.85,4,5,5,455,Champions
15704,2011-07-22 13:34:59.999999721,141,6,3734.66,3,4,5,345,Potential Loyalists
14515,2011-11-22 11:36:59.999999898,18,12,3724.06,5,5,5,555,Champions
12502,2011-09-05 11:51:59.999999693,96,5,3723.87,3,4,5,345,Potential Loyalists
16240,2011-11-15 14:29:59.999999164,25,2,3718.8,4,2,5,425,Recent Customers
14364,2011-08-23 11:00:59.999999777,109,8,3717.35,3,4,5,345,Potential Loyalists
15288,2011-10-27 16:57:59.999999814,44,10,3715.38,4,5,5,455,Champions
12737,2010-07-29 12:29:00.000000018,499,2,3710.5,1,2,5,125,Hibernating
14540,2011-11-30 10:15:00.000000213,10,11,3709.64,5,5,5,555,Champions
14776,2011-10-19 15:34:00.000000361,52,15,3708.3,4,5,5,455,Champions
15255,2011-10-04 12:43:00.000000863,67,9,3706.02,3,5,5,355,Potential Loyalists
15494,2011-11-18 14:51:00.000000129,22,5,3702.6,4,4,5,445,Champions
16772,2010-10-12 13:19:00.000000361,424,3,3698.0499999999997,1,3,5,135,Needs Attention
17096,2011-11-24 15:01:00.000000194,16,11,3697.93,5,5,5,555,Champions
16094,2011-11-28 12:45:00.000000000,12,11,3695.56,5,5,5,555,Champions
12857,2011-05-13 10:20:00.000000556,211,6,3688.0,2,4,5,245,At Risk
12468,2011-06-05 11:35:59.999999703,188,5,3670.74,3,4,5,345,Potential Loyalists
14593,2011-11-18 12:47:59.999999331,22,12,3665.5299999999997,4,5,5,455,Champions
14744,2011-11-23 12:50:59.999999916,17,14,3660.08,5,5,5,555,Champions
14857,2011-10-11 09:23:00.000000101,60,7,3651.851,3,4,5,345,Potential Loyalists
14649,2011-12-05 12:30:00.000000213,5,9,3651.19,5,5,5,555,Champions
14640,2011-11-15 13:06:59.999999898,25,10,3649.36,4,5,5,455,Champions
13632,2011-11-15 10:50:59.999999703,25,8,3645.81,4,4,5,445,Champions
17063,2011-11-18 16:19:00.000000361,22,13,3638.53,4,5,5,455,Champions
14770,2011-04-21 14:20:59.999999916,233,8,3637.64,2,4,5,245,At Risk
16748,2011-11-22 10:16:59.999999972,18,14,3637.33,5,5,5,555,Champions
16053,2011-11-07 11:20:59.999999916,33,6,3634.84,4,4,5,445,Champions
17528,2011-12-08 13:27:00.000000046,2,8,3628.5,5,5,5,555,Champions
16444,2011-10-24 13:50:00.000000139,47,17,3625.88,4,5,5,455,Champions
15079,2011-05-11 12:45:00.000000000,213,11,3625.4,2,5,5,255,At Risk
13305,2011-12-05 15:14:59.999999164,5,16,3616.41,5,5,5,555,Champions
16503,2011-08-25 11:45:59.999999777,107,11,3614.34,3,5,5,355,Potential Loyalists
15505,2011-10-18 07:56:00.000000686,53,5,3610.96,4,4,5,445,Champions
15791,2011-10-27 10:14:00.000000018,44,5,3608.34,4,4,5,445,Champions
18242,2011-09-28 13:43:00.000000027,73,8,3605.21,3,5,5,355,Potential Loyalists
15827,2011-09-27 15:35:00.000000556,74,28,3603.14,3,5,5,355,Potential Loyalists
17019,2011-11-28 13:05:59.999999703,12,11,3602.29,5,5,5,555,Champions
13750,2011-10-17 12:15:59.999999981,54,11,3602.1800000000003,4,5,5,455,Champions
16325,2011-10-24 08:47:59.999999536,47,12,3597.5,4,5,5,455,Champions
17422,2011-11-23 13:27:00.000000046,17,11,3594.76,5,5,5,555,Champions
14653,2011-12-08 13:44:59.999999164,2,12,3593.06,5,5,5,555,Champions
17659,2011-11-22 13:28:59.999999805,18,14,3586.9900000000002,5,5,5,555,Champions
14132,2011-12-07 13:34:59.999999721,3,11,3586.0299999999997,5,5,5,555,Champions
15569,2011-08-28 10:15:00.000000213,104,10,3583.45,3,5,5,355,Potential Loyalists
17679,2011-10-18 07:43:00.000000027,53,7,3577.61,4,4,5,445,Champions
17311,2011-09-22 14:10:59.999999842,79,6,3566.56,3,4,5,345,Potential Loyalists
15024,2011-11-30 12:05:59.999999916,10,16,3559.39,5,5,5,555,Champions
17848,2011-09-19 16:49:00.000000575,82,30,3559.11,3,5,5,355,Potential Loyalists
14737,2011-12-06 10:15:59.999999777,4,4,3554.17,5,3,5,535,Loyal Customers
15858,2011-11-24 12:47:59.999999331,16,13,3552.41,5,5,5,555,Champions
15222,2011-01-25 08:02:59.999999536,319,11,3550.91,2,5,5,255,At Risk
14882,2011-11-13 12:46:59.999999759,27,14,3546.65,4,5,5,455,Champions
14503,2011-12-06 13:30:00.000000000,4,6,3543.26,5,4,5,545,Champions
16950,2011-10-14 09:05:59.999999916,57,10,3541.77,4,5,5,455,Champions
12645,2011-11-06 12:37:59.999999888,34,8,3539.3,4,4,5,445,Champions
17722,2011-09-04 15:21:59.999999898,97,5,3520.2200000000003,3,4,5,345,Potential Loyalists
16395,2011-10-10 12:49:59.999999721,61,14,3518.41,3,5,5,355,Potential Loyalists
16336,2010-10-15 12:31:59.999999972,421,4,3517.69,1,4,5,145,At Risk
16719,2011-11-25 09:27:00.000000250,15,14,3513.62,5,5,5,555,Champions
15113,2011-11-30 08:23:00.000000306,10,3,3509.43,5,3,5,535,Loyal Customers
18044,2011-12-05 14:25:59.999999638,5,18,3505.61,5,5,5,555,Champions
14934,2011-09-19 10:09:59.999999860,82,5,3503.5,3,4,5,345,Potential Loyalists
13929,2011-06-23 15:26:00.000000686,170,11,3494.1,3,5,5,355,Potential Loyalists
15059,2011-10-30 11:35:00.000000139,41,19,3491.2,4,5,5,455,Champions
16983,2011-11-27 12:10:00.000000073,13,11,3490.5299999999997,5,5,5,555,Champions
13577,2011-11-14 15:19:00.000000575,26,11,3489.28,4,5,5,455,Champions
15811,2011-11-17 15:30:59.999999777,23,7,3486.15,4,4,5,445,Champions
15306,2011-10-06 12:55:59.999999638,65,9,3484.73,3,5,5,355,Potential Loyalists
17597,2011-05-10 11:53:59.999999452,214,5,3484.09,2,4,5,245,At Risk
12631,2011-10-13 13:53:00.000000101,58,6,3481.57,4,4,5,445,Champions
15712,2011-11-30 14:08:59.999999452,10,12,3472.4100000000003,5,5,5,555,Champions
13849,2011-10-19 10:59:00.000000018,52,5,3469.3,4,4,5,445,Champions
14533,2011-11-15 12:04:59.999999721,25,11,3466.37,4,5,5,455,Champions
14837,2011-09-11 10:57:59.999999814,90,9,3460.32,3,5,5,355,Potential Loyalists
16360,2011-12-05 12:15:59.999999981,5,6,3450.41,5,4,5,545,Champions
13313,2011-11-17 16:47:59.999999749,23,12,3445.32,4,5,5,455,Champions
13536,2011-12-08 16:38:00.000000306,2,7,3444.39,5,4,5,545,Champions
16347,2011-11-28 13:14:00.000000018,12,11,3442.96,5,5,5,555,Champions
15974,2011-10-31 13:12:59.999999814,40,7,3442.15,4,4,5,445,Champions
16208,2011-10-26 11:35:59.999999703,45,10,3440.45,4,5,5,455,Champions
15953,2011-11-24 15:31:59.999999972,16,18,3440.3399999999997,5,5,5,555,Champions
17725,2011-11-23 16:34:00.000000157,17,11,3439.08,5,5,5,555,Champions
12609,2011-09-22 16:34:00.000000157,79,9,3435.86,3,5,5,355,Potential Loyalists
15676,2011-11-21 12:39:59.999999647,19,3,3435.76,5,3,5,535,Loyal Customers
18168,2011-06-16 19:21:00.000000129,177,16,3435.5,3,5,5,355,Potential Loyalists
16045,2011-08-12 12:40:59.999999842,120,8,3434.9300000000003,3,4,5,345,Potential Loyalists
15351,2011-11-27 12:52:00.000000111,13,10,3430.22,5,5,5,555,Champions
17913,2011-10-12 10:44:59.999999164,59,14,3429.29,3,5,5,355,Potential Loyalists
14409,2011-09-29 18:17:59.999999749,72,9,3427.29,3,5,5,355,Potential Loyalists
12377,2011-01-28 15:45:00.000000000,316,4,3426.32,2,3,5,235,Needs Attention
17876,2010-11-05 10:51:59.999999898,400,3,3424.02,2,3,5,235,Needs Attention
16281,2011-09-28 14:57:00.000000046,73,3,3424.02,3,3,5,335,Potential Loyalists
13437,2011-11-25 14:00:00.000000213,15,7,3408.06,5,4,5,545,Champions
13823,2011-11-21 10:21:59.999999693,19,7,3403.4500000000003,5,4,5,545,Champions
17931,2011-07-28 18:32:59.999999536,135,14,3402.24,3,5,5,355,Potential Loyalists
15114,2011-11-09 15:04:59.999999721,31,12,3400.12,4,5,5,455,Champions
16271,2011-12-07 12:45:00.000000000,3,10,3397.82,5,5,5,555,Champions
13425,2011-08-23 17:13:00.000000863,109,5,3390.4300000000003,3,4,5,345,Potential Loyalists
15058,2011-11-14 14:57:00.000000046,26,16,3387.58,4,5,5,455,Champions
13979,2011-09-27 13:31:59.999999759,74,7,3379.93,3,4,5,345,Potential Loyalists
17723,2011-08-04 18:36:59.999999693,128,7,3378.4000000000005,3,4,5,345,Potential Loyalists
13135,2011-05-27 10:51:59.999999898,197,2,3371.45,2,2,5,225,Hibernating
14898,2011-11-16 14:53:59.999999452,24,14,3365.95,4,5,5,455,Champions
13707,2011-03-17 18:02:59.999999331,268,5,3365.86,2,4,5,245,At Risk
13285,2011-11-16 13:19:00.000000361,24,6,3364.59,4,4,5,445,Champions
15538,2010-06-20 10:49:00.000000575,538,6,3358.3999999999996,1,4,5,145,At Risk
14608,2011-12-05 16:51:59.999999898,5,11,3352.94,5,5,5,555,Champions
18219,2011-12-07 11:42:59.999999814,3,17,3352.7000000000003,5,5,5,555,Champions
13246,2011-11-21 16:50:00.000000139,19,11,3351.75,5,5,5,555,Champions
16818,2011-11-29 10:40:59.999999638,11,11,3349.57,5,5,5,555,Champions
17183,2011-12-02 10:06:59.999999898,8,6,3347.31,5,4,5,545,Champions
15265,2011-07-11 14:45:59.999999777,152,4,3345.64,3,3,5,335,Potential Loyalists
12424,2011-06-30 12:05:59.999999916,163,4,3340.03,3,3,5,335,Potential Loyalists
16351,2011-01-11 10:25:59.999999842,333,13,3330.0299999999997,2,5,5,255,At Risk
15065,2011-11-02 09:45:00.000000000,38,5,3326.86,4,4,5,445,Champions
12865,2011-11-13 14:30:59.999999981,27,4,3323.47,4,3,5,435,Loyal Customers
13431,2011-10-03 13:49:00.000000575,68,8,3316.24,3,4,5,345,Potential Loyalists
13824,2011-11-07 12:40:59.999999842,33,12,3314.76,4,5,5,455,Champions
13131,2011-11-16 13:21:00.000000129,24,7,3313.77,4,4,5,445,Champions
14217,2011-12-08 11:52:59.999999888,2,23,3298.59,5,5,5,555,Champions
13611,2011-09-11 14:51:00.000000129,90,10,3297.9300000000003,3,5,5,355,Potential Loyalists
13031,2010-10-28 15:34:00.000000361,408,5,3292.84,2,4,5,245,At Risk
17768,2011-12-01 13:21:59.999999693,9,7,3292.73,5,4,5,545,Champions
16539,2011-12-07 08:41:00.000000686,3,10,3289.66,5,5,5,555,Champions
13650,2011-11-23 12:21:59.999999898,17,10,3288.0,5,5,5,555,Champions
15632,2011-11-24 09:50:59.999999916,16,8,3285.31,5,4,5,545,Champions
14285,2011-11-18 14:50:00.000000556,22,8,3284.42,4,4,5,445,Champions
12872,2011-01-17 10:51:59.999999898,327,12,3283.96,2,5,5,255,At Risk
18188,2011-11-24 16:45:59.999999981,16,6,3280.59,5,4,5,545,Champions
15978,2011-09-23 15:20:59.999999703,78,3,3279.42,3,3,5,335,Potential Loyalists
17774,2011-09-04 12:49:00.000000157,97,9,3273.83,3,5,5,355,Potential Loyalists
13291,2011-07-07 10:35:59.999999916,156,11,3270.79,3,5,5,355,Potential Loyalists
16067,2010-05-26 12:32:59.999999536,563,3,3269.11,1,3,5,135,Needs Attention
13214,2010-10-18 09:59:59.999999164,418,7,3264.23,1,4,5,145,At Risk
14064,2011-11-10 13:14:00.000000018,30,15,3260.24,4,5,5,455,Champions
14451,2011-10-10 13:38:00.000000306,61,12,3258.68,3,5,5,355,Potential Loyalists
17924,2011-11-28 09:10:59.999999638,12,8,3257.7000000000003,5,5,5,555,Champions
15057,2011-03-09 15:17:00.000000185,276,5,3255.96,2,4,5,245,At Risk
14215,2011-11-28 12:19:00.000000575,12,9,3250.33,5,5,5,555,Champions
15380,2011-12-01 12:13:00.000000027,9,11,3248.96,5,5,5,555,Champions
12770,2011-05-13 09:32:59.999999536,211,2,3246.45,2,2,5,225,Hibernating
16612,2011-11-07 07:38:00.000000306,33,9,3245.43,4,5,5,455,Champions
15140,2011-10-18 14:06:59.999999693,53,8,3243.69,4,4,5,445,Champions
17353,2011-08-02 17:19:00.000000157,130,4,3242.0,3,4,5,345,Potential Loyalists
15356,2011-11-08 13:11:00.000000686,32,13,3239.57,4,5,5,455,Champions
15625,2011-08-28 10:21:00.000000129,104,9,3236.4,3,5,5,355,Potential Loyalists
12963,2011-12-01 12:55:00.000000073,9,12,3235.79,5,5,5,555,Champions
16101,2011-09-30 10:17:59.999999536,71,4,3229.16,3,4,5,345,Potential Loyalists
14669,2011-04-12 11:42:59.999999814,242,7,3216.78,2,4,5,245,At Risk
14507,2011-11-16 12:20:59.999999703,24,11,3216.7400000000002,4,5,5,455,Champions
12951,2011-12-01 12:14:00.000000853,9,15,3213.7200000000003,5,5,5,555,Champions
16918,2011-10-21 12:49:59.999999721,50,16,3206.54,4,5,5,455,Champions
16107,2011-11-22 09:39:59.999999647,18,7,3204.1600000000003,5,4,5,545,Champions
17147,2011-11-17 12:31:59.999999972,23,9,3199.95,4,5,5,455,Champions
14315,2011-10-26 12:05:59.999999916,45,8,3197.82,4,4,5,445,Champions
15027,2011-11-09 10:15:59.999999777,31,10,3195.6,4,5,5,455,Champions
13868,2011-12-02 16:31:59.999999759,8,2,3192.54,5,2,5,525,Recent Customers
13397,2011-09-28 10:56:00.000000686,73,10,3191.87,3,5,5,355,Potential Loyalists
12456,2011-10-26 14:41:00.000000686,45,3,3181.04,4,3,5,435,Loyal Customers
16515,2011-10-18 13:09:59.999999860,53,10,3179.06,4,5,5,455,Champions
17621,2011-11-18 17:10:59.999999842,22,6,3175.12,4,4,5,445,Champions
13268,2011-11-22 11:51:00.000000129,18,11,3174.75,5,5,5,555,Champions
16837,2011-11-08 14:26:59.999999832,32,11,3170.98,4,5,5,455,Champions
17640,2011-09-14 09:13:00.000000027,87,6,3168.94,3,4,5,345,Potential Loyalists
16365,2011-11-22 11:23:59.999999870,18,15,3167.34,5,5,5,555,Champions
16041,2011-11-09 12:24:59.999999860,31,3,3166.4,4,3,5,435,Loyal Customers
13804,2011-11-09 12:31:59.999999972,31,9,3161.12,4,5,5,455,Champions
12976,2011-05-12 09:55:00.000000073,212,8,3156.38,2,4,5,245,At Risk
16584,2011-09-20 13:44:59.999999164,81,5,3156.17,3,4,5,345,Potential Loyalists
14306,2011-10-19 13:22:59.999999888,52,6,3151.4,4,4,5,445,Champions
15614,2010-09-28 10:45:59.999999981,438,4,3147.36,1,3,5,135,Needs Attention
15916,2011-11-23 13:45:59.999999981,17,13,3145.24,5,5,5,555,Champions
17702,2011-11-09 16:02:59.999999749,31,6,3144.04,4,4,5,445,Champions
15095,2011-08-28 12:01:00.000000194,104,10,3141.64,3,5,5,355,Potential Loyalists
14897,2011-12-02 10:31:59.999999759,8,8,3140.54,5,4,5,545,Champions
15602,2011-12-01 14:13:59.999999805,9,16,3137.96,5,5,5,555,Champions
17354,2011-10-20 10:34:00.000000157,51,4,3133.96,4,4,5,445,Champions
13786,2010-12-07 13:53:00.000000101,368,6,3127.99,2,4,5,245,At Risk
14963,2011-11-30 12:15:59.999999981,10,12,3123.57,5,5,5,555,Champions
15199,2011-10-11 15:11:59.999999832,60,10,3122.4,3,5,5,355,Potential Loyalists
17145,2010-07-15 09:01:59.999999759,513,4,3120.91,1,4,5,145,At Risk
13685,2011-12-07 11:41:00.000000686,3,7,3119.44,5,4,5,545,Champions
13052,2011-05-11 14:12:00.000000046,213,7,3119.33,2,4,5,245,At Risk
13692,2011-11-15 11:16:59.999999759,25,5,3114.4,4,4,5,445,Champions
14978,2011-09-28 13:06:59.999999898,73,10,3112.19,3,5,5,355,Potential Loyalists
15983,2011-11-17 17:34:00.000000575,23,8,3110.37,4,4,5,445,Champions
16678,2011-12-07 12:17:00.000000185,3,12,3109.99,5,5,5,555,Champions
13742,2011-11-23 11:06:59.999999693,17,12,3107.87,5,5,5,555,Champions
12909,2011-10-31 12:43:00.000000863,40,8,3103.19,4,4,5,445,Champions
13538,2011-10-27 16:34:00.000000157,44,12,3103.13,4,5,5,455,Champions
15031,2011-12-05 14:19:00.000000157,5,14,3102.94,5,5,5,555,Champions
15491,2011-09-05 15:55:59.999999638,96,6,3100.09,3,4,5,345,Potential Loyalists
13772,2011-11-06 11:42:59.999999814,34,8,3100.02,4,4,5,445,Champions
16933,2011-12-08 12:53:59.999999870,2,9,3099.3,5,5,5,555,Champions
13464,2011-10-12 15:01:00.000000194,59,6,3097.64,4,4,5,445,Champions
12937,2011-11-24 15:04:59.999999721,16,9,3097.61,5,5,5,555,Champions
15105,2011-11-21 16:54:00.000000296,19,9,3094.91,5,5,5,555,Champions
14312,2011-10-24 09:46:00.000000194,47,11,3090.29,4,5,5,455,Champions
15373,2011-12-01 15:04:59.999999721,9,17,3084.54,5,5,5,555,Champions
12511,2010-10-07 10:38:59.999999870,429,1,3084.02,1,1,5,115,Hibernating
17929,2011-11-28 16:00:59.999999981,12,12,3082.1,5,5,5,555,Champions
17090,2011-12-05 13:44:00.000000853,5,13,3080.1800000000003,5,5,5,555,Champions
14044,2011-11-13 12:04:59.999999721,27,10,3077.7,4,5,5,455,Champions
14700,2011-11-07 14:39:59.999999860,33,5,3076.06,4,4,5,445,Champions
12469,2010-07-05 12:39:59.999999647,523,2,3070.54,1,2,5,125,Hibernating
13631,2011-09-01 09:56:59.999999832,100,11,3070.42,3,5,5,355,Potential Loyalists
14038,2011-09-22 13:37:00.000000111,79,5,3069.88,3,4,5,345,Potential Loyalists
13196,2011-11-28 13:54:00.000000296,12,7,3068.84,5,4,5,545,Champions
16400,2011-09-06 12:27:00.000000250,95,9,3059.85,3,5,5,355,Potential Loyalists
16059,2011-10-05 09:55:59.999999638,66,12,3053.57,3,5,5,355,Potential Loyalists
16007,2011-10-23 11:05:00.000000556,48,7,3053.06,4,4,5,445,Champions
15241,2011-10-04 09:04:59.999999721,67,11,3050.16,3,5,5,355,Potential Loyalists
16560,2011-11-13 10:34:59.999999721,27,8,3048.38,4,5,5,455,Champions
14916,2011-09-30 09:20:00.000000139,71,8,3042.95,3,4,5,345,Potential Loyalists
12849,2011-11-08 13:40:59.999999638,32,6,3042.47,4,4,5,445,Champions
13647,2011-11-30 12:00:00.000000000,10,8,3041.68,5,4,5,545,Champions
15754,2011-10-19 14:39:59.999999860,52,9,3037.61,4,5,5,455,Champions
14673,2011-12-06 14:30:59.999999981,4,7,3037.32,5,4,5,545,Champions
13557,2011-11-11 15:24:00.000000296,29,13,3032.26,4,5,5,455,Champions
13485,2011-04-20 13:57:59.999999814,234,11,3019.2200000000003,2,5,5,255,At Risk
14456,2011-12-04 13:59:00.000000018,6,9,3017.28,5,5,5,555,Champions
13848,2011-09-08 12:58:00.000000027,93,8,3015.0,3,4,5,345,Potential Loyalists
12754,2011-04-18 09:00:00.000000000,236,3,3010.74,2,3,5,235,Needs Attention
16718,2010-12-05 13:02:59.999999749,370,5,3006.08,2,4,5,245,At Risk
14621,2011-12-08 16:21:59.999999693,2,9,3000.57,5,5,5,555,Champions
13635,2011-10-03 10:54:59.999999860,68,4,2999.16,3,3,5,335,Potential Loyalists
15810,2011-09-22 09:37:59.999999888,79,8,2999.04,3,4,5,345,Potential Loyalists
15182,2011-07-08 13:37:00.000000111,155,11,2998.952,3,5,5,355,Potential Loyalists
15611,2011-11-30 12:36:00.000000129,10,26,2997.28,5,5,5,555,Champions
14161,2011-05-08 11:41:00.000000686,216,7,2996.93,2,4,5,245,At Risk
12457,2011-10-04 13:12:59.999999814,67,8,2995.91,3,4,5,345,Potential Loyalists
14590,2010-10-11 12:05:59.999999916,425,20,2993.37,1,5,5,155,At Risk
15687,2011-12-01 08:32:59.999999749,9,9,2993.1,5,5,5,555,Champions
14344,2011-08-04 13:50:59.999999703,128,20,2993.05,3,5,5,355,Potential Loyalists
15681,2011-11-14 16:30:00.000000000,26,14,2989.7,4,5,5,455,Champions
12374,2011-11-14 15:36:59.999999693,26,4,2989.22,4,3,5,435,Loyal Customers
18241,2011-11-30 12:10:00.000000073,10,21,2986.9900000000002,5,5,5,555,Champions
14226,2011-11-11 11:34:00.000000575,29,6,2985.13,4,4,5,445,Champions
17032,2010-06-10 12:15:59.999999981,548,8,2984.32,1,5,5,155,At Risk
16012,2011-11-04 13:24:59.999999647,36,5,2978.59,4,4,5,445,Champions
17655,2011-11-29 11:34:00.000000575,11,9,2976.38,5,5,5,555,Champions
12838,2011-11-06 12:20:00.000000139,34,10,2975.91,4,5,5,455,Champions
17692,2011-08-04 14:00:59.999999777,128,12,2975.8,3,5,5,355,Potential Loyalists
12854,2011-09-22 12:14:59.999999164,79,7,2970.9700000000003,3,4,5,345,Potential Loyalists
16120,2011-10-11 14:22:00.000000111,60,6,2967.51,3,4,5,345,Potential Loyalists
15967,2011-11-16 15:40:59.999999842,24,12,2966.0,4,5,5,455,Champions
14506,2011-11-22 13:02:00.000000185,18,7,2960.25,5,4,5,545,Champions
15329,2011-10-31 15:36:00.000000129,40,11,2958.83,4,5,5,455,Champions
16416,2011-11-13 12:49:59.999999721,27,9,2957.88,4,5,5,455,Champions
13012,2011-11-30 13:05:00.000000139,10,11,2957.83,5,5,5,555,Champions
13110,2011-11-08 14:29:59.999999164,32,12,2957.4700000000003,4,5,5,455,Champions
16736,2010-07-22 10:09:00.000000296,506,5,2956.56,1,4,5,145,At Risk
14867,2011-06-07 11:39:00.000000296,186,16,2952.06,3,5,5,355,Potential Loyalists
13253,2011-07-06 10:09:00.000000296,157,4,2951.11,3,3,5,335,Potential Loyalists
12877,2011-12-06 10:30:00.000000000,4,20,2942.14,5,5,5,555,Champions
15757,2011-10-05 12:14:00.000000853,66,6,2940.36,3,4,5,345,Potential Loyalists
17444,2011-07-15 12:04:59.999999721,148,3,2940.04,3,3,5,335,Potential Loyalists
17588,2011-08-31 13:37:00.000000111,101,7,2939.55,3,4,5,345,Potential Loyalists
14544,2011-11-15 15:05:59.999999916,25,3,2938.53,4,3,5,435,Loyal Customers
12967,2010-12-16 19:09:59.999999860,359,3,2938.52,2,3,5,235,Needs Attention
12635,2011-09-11 11:04:00.000000361,90,4,2930.41,3,3,5,335,Potential Loyalists
15312,2011-09-25 13:09:59.999999860,76,12,2930.19,3,5,5,355,Potential Loyalists
13890,2011-12-08 15:36:00.000000129,2,14,2927.38,5,5,5,555,Champions
12906,2011-11-28 09:55:00.000000073,12,5,2919.81,5,4,5,545,Champions
16358,2011-12-08 15:08:59.999999870,2,5,2919.65,5,4,5,545,Champions
13764,2011-09-30 12:02:59.999999331,71,6,2919.62,3,4,5,345,Potential Loyalists
15392,2011-12-05 11:00:59.999999777,5,7,2911.62,5,4,5,545,Champions
13784,2011-11-30 09:32:59.999999536,10,14,2910.23,5,5,5,555,Champions
14524,2011-11-08 12:29:00.000000018,32,13,2909.86,4,5,4,454,Champions
12438,2011-11-25 13:28:00.000000863,15,2,2906.85,5,2,4,524,Recent Customers
14233,2011-10-21 15:53:59.999999870,50,7,2904.27,4,4,4,444,Champions
14293,2011-12-06 15:17:00.000000185,4,9,2903.01,5,5,4,554,Champions
16383,2011-09-26 12:45:00.000000000,75,7,2896.69,3,4,4,344,Potential Loyalists
17242,2011-08-23 14:54:59.999999647,109,5,2889.28,3,4,4,344,Potential Loyalists
13501,2011-02-24 18:59:00.000000853,289,3,2885.11,2,3,4,234,Needs Attention
16633,2011-11-22 13:40:59.999999638,18,6,2883.1,5,4,4,544,Champions
14251,2011-12-08 08:32:00.000000185,2,5,2879.7000000000003,5,4,4,544,Champions
12806,2010-09-30 13:34:00.000000157,436,4,2878.96,1,3,4,134,Needs Attention
18170,2011-11-06 14:35:00.000000139,34,9,2878.0,4,5,4,454,Champions
14005,2011-11-30 12:40:59.999999842,10,5,2874.72,5,4,4,544,Champions
15043,2011-11-08 14:25:59.999999638,32,6,2870.3199999999997,4,4,4,444,Champions
16467,2010-07-19 11:49:00.000000361,509,7,2869.16,1,4,4,144,At Risk
16711,2011-12-06 16:31:59.999999759,4,9,2868.48,5,5,4,554,Champions
16229,2011-09-13 17:16:00.000000194,88,6,2867.86,3,4,4,344,Potential Loyalists
17961,2011-11-18 16:54:59.999999860,22,100,2866.74,4,5,4,454,Champions
14758,2011-07-18 08:20:59.999999916,145,7,2864.97,3,4,4,344,Potential Loyalists
16755,2011-08-17 13:21:00.000000129,115,7,2864.68,3,4,4,344,Potential Loyalists
16062,2011-11-30 12:14:59.999999164,10,8,2863.45,5,5,4,554,Champions
12685,2011-11-11 13:45:59.999999981,29,6,2863.08,4,4,4,444,Champions
14875,2011-08-24 12:20:00.000000139,108,3,2862.4,3,3,4,334,Potential Loyalists
13963,2011-02-04 14:42:59.999999814,309,17,2860.57,2,5,4,254,At Risk
16979,2011-12-06 12:20:59.999999703,4,9,2859.74,5,5,4,554,Champions
15563,2011-11-17 14:50:00.000000556,23,7,2859.46,4,4,4,444,Champions
16225,2011-10-26 08:29:59.999999164,45,15,2859.31,4,5,4,454,Champions
13728,2011-11-03 10:49:00.000000575,37,16,2855.17,4,5,4,454,Champions
12352,2011-11-03 14:36:59.999999898,37,10,2849.84,4,5,4,454,Champions
14935,2011-02-15 14:44:00.000000018,298,2,2849.83,2,2,4,224,Hibernating
12676,2011-11-15 12:24:59.999999860,25,11,2843.09,4,5,4,454,Champions
16554,2011-10-28 14:51:00.000000129,43,8,2841.72,4,5,4,454,Champions
14711,2011-11-29 14:58:00.000000863,11,11,2839.62,5,5,4,554,Champions
14842,2011-10-27 12:36:59.999999693,44,4,2824.69,4,3,4,434,Loyal Customers
15797,2011-08-18 17:04:00.000000361,114,6,2821.08,3,4,4,344,Potential Loyalists
16775,2011-11-29 15:21:59.999999898,11,16,2820.84,5,5,4,554,Champions
17228,2011-11-24 10:23:59.999999452,16,13,2820.0299999999997,5,5,4,554,Champions
13477,2011-11-02 12:04:00.000000157,38,11,2819.17,4,5,4,454,Champions
13032,2011-10-18 15:53:59.999999870,53,9,2815.96,4,5,4,454,Champions
17386,2011-12-02 11:28:00.000000027,8,7,2812.77,5,4,4,544,Champions
16871,2011-11-17 19:27:00.000000046,23,6,2812.34,4,4,4,444,Champions
13799,2011-08-15 12:07:00.000000111,117,9,2803.57,3,5,4,354,Potential Loyalists
13205,2010-09-22 16:25:59.999999842,444,1,2803.2,1,1,4,114,Hibernating
12826,2011-12-07 10:24:59.999999647,3,12,2800.75,5,5,4,554,Champions
16742,2011-10-24 12:01:59.999999759,47,14,2799.87,4,5,4,454,Champions
13330,2011-09-08 12:27:00.000000250,93,6,2796.1,3,4,4,344,Potential Loyalists
14903,2011-11-18 16:06:59.999999898,22,5,2795.33,4,4,4,444,Champions
14035,2011-11-11 10:02:59.999999749,29,9,2794.75,4,5,4,454,Champions
15353,2011-03-30 12:14:59.999999164,255,7,2794.4700000000003,2,4,4,244,At Risk
12863,2011-10-18 14:15:00.000000000,53,6,2792.5499999999997,4,4,4,444,Champions
17530,2011-12-08 18:42:00.000000046,2,12,2791.69,5,5,4,554,Champions
16764,2011-12-06 11:41:00.000000686,4,13,2790.9500000000003,5,5,4,554,Champions
17284,2011-10-10 14:38:00.000000101,61,8,2788.06,3,5,4,354,Potential Loyalists
15073,2011-11-30 10:44:00.000000853,10,8,2788.02,5,4,4,544,Champions
17552,2011-10-10 17:00:00.000000213,61,12,2786.77,3,5,4,354,Potential Loyalists
13719,2011-11-24 15:26:00.000000686,16,11,2783.08,5,5,4,554,Champions
14121,2011-12-06 12:19:00.000000575,4,4,2780.15,5,3,4,534,Loyal Customers
17790,2011-11-13 11:29:59.999999164,27,20,2779.41,4,5,4,454,Champions
14869,2011-12-01 12:36:00.000000129,9,6,2778.14,5,4,4,544,Champions
15993,2011-12-01 10:44:59.999999164,9,7,2777.67,5,4,4,544,Champions
16104,2011-10-09 10:22:59.999999888,62,9,2774.46,3,5,4,354,Potential Loyalists
17031,2011-11-28 10:22:59.999999888,12,6,2773.85,5,4,4,544,Champions
15235,2011-05-06 09:43:59.999999805,218,16,2772.76,2,5,4,254,At Risk
15965,2011-11-22 16:44:00.000000853,18,13,2771.94,5,5,4,554,Champions
13695,2011-11-08 14:25:59.999999638,32,16,2770.73,4,5,4,454,Champions
18210,2011-12-08 11:01:59.999999972,2,7,2768.83,5,4,4,544,Champions
15817,2010-10-15 11:06:59.999999693,421,3,2766.4,1,3,4,134,Needs Attention
13813,2011-10-31 10:38:00.000000306,40,8,2765.47,4,4,4,444,Champions
16407,2011-11-27 11:05:00.000000556,13,14,2761.65,5,5,4,554,Champions
17115,2011-12-01 14:29:59.999999164,9,7,2761.49,5,4,4,544,Champions
17368,2011-11-16 15:26:00.000000686,24,14,2758.29,4,5,4,454,Champions
16335,2010-06-06 11:35:00.000000139,552,7,2753.52,1,4,4,144,At Risk
17870,2011-12-07 15:07:00.000000111,3,13,2753.29,5,5,4,554,Champions
13736,2011-12-04 15:19:00.000000575,6,7,2752.47,5,4,4,544,Champions
17490,2011-12-09 09:08:00.000000306,1,9,2750.5,5,5,4,554,Champions
14665,2011-10-10 09:14:00.000000853,61,7,2749.65,3,4,4,344,Potential Loyalists
12982,2011-04-11 11:51:00.000000129,243,8,2744.81,2,4,4,244,At Risk
12669,2011-07-12 09:53:59.999999870,151,3,2744.0299999999997,3,3,4,334,Potential Loyalists
15841,2011-09-28 12:14:59.999999164,73,9,2742.41,3,5,4,354,Potential Loyalists
13077,2011-12-08 19:23:59.999999452,2,11,2740.65,5,5,4,554,Champions
17241,2010-11-19 13:00:59.999999981,386,12,2736.64,2,5,4,254,At Risk
15389,2011-06-20 16:17:59.999999536,173,5,2733.8,3,4,4,344,Potential Loyalists
12986,2010-10-07 11:57:00.000000046,429,10,2729.84,1,5,4,154,At Risk
15596,2011-08-31 10:54:59.999999860,101,9,2727.72,3,5,4,354,Potential Loyalists
12739,2011-09-22 12:59:59.999999164,79,4,2726.73,3,3,4,334,Potential Loyalists
12391,2011-11-18 12:07:00.000000111,22,6,2724.84,4,4,4,444,Champions
14404,2011-11-06 12:30:00.000000213,34,13,2724.13,4,5,4,454,Champions
16190,2011-10-30 15:59:00.000000853,41,8,2723.55,4,5,4,454,Champions
14125,2011-11-29 12:46:59.999999759,11,3,2720.63,5,3,4,534,Loyal Customers
14808,2011-10-31 12:20:59.999999703,40,8,2718.6,4,4,4,444,Champions
15985,2011-08-08 16:31:00.000000194,124,7,2715.28,3,4,4,344,Potential Loyalists
16232,2011-10-27 12:15:59.999999981,44,7,2712.97,4,4,4,444,Champions
17884,2011-12-06 11:32:59.999999749,4,20,2698.47,5,5,4,554,Champions
16359,2011-12-02 17:04:00.000000361,8,16,2697.75,5,5,4,554,Champions
18173,2011-09-14 11:25:59.999999638,87,5,2696.36,3,4,4,344,Potential Loyalists
12820,2011-12-06 15:11:59.999999832,4,11,2689.52,5,5,4,554,Champions
16086,2011-10-11 13:09:00.000000296,60,10,2687.73,3,5,4,354,Potential Loyalists
14748,2011-11-10 18:32:59.999999536,30,10,2681.9,4,5,4,454,Champions
17388,2011-09-23 10:31:00.000000194,78,11,2675.37,3,5,4,354,Potential Loyalists
16434,2011-11-10 14:28:00.000000027,30,12,2673.69,4,5,4,454,Champions
17720,2011-11-13 15:04:00.000000157,27,10,2666.91,4,5,4,454,Champions
18283,2011-12-06 12:01:59.999999759,4,22,2664.9,5,5,4,554,Champions
15910,2011-12-09 10:50:59.999999703,1,15,2661.17,5,5,4,554,Champions
13473,2011-10-10 11:19:59.999999721,61,8,2657.7599999999998,3,4,4,344,Potential Loyalists
15671,2011-11-21 12:43:00.000000863,19,7,2657.13,5,4,4,544,Champions
16369,2011-11-21 16:24:59.999999647,19,7,2656.56,5,4,4,544,Champions
15157,2011-12-06 11:28:00.000000027,4,5,2654.11,5,4,4,544,Champions
14756,2011-11-24 18:13:00.000000027,16,3,2653.76,5,3,4,534,Loyal Customers
17744,2011-12-06 12:10:59.999999638,4,7,2649.14,5,4,4,544,Champions
12516,2011-09-23 09:13:00.000000027,78,4,2648.62,3,3,4,334,Potential Loyalists
13203,2011-11-30 10:44:59.999999164,10,10,2648.25,5,5,4,554,Champions
16618,2011-11-08 13:51:59.999999898,32,5,2647.59,4,4,4,444,Champions
13819,2011-02-11 10:38:00.000000306,302,6,2642.35,2,4,4,244,At Risk
15814,2011-11-23 08:16:59.999999759,17,6,2634.44,5,4,4,544,Champions
12520,2011-09-21 15:23:00.000000101,80,5,2634.26,3,4,4,344,Potential Loyalists
14410,2011-09-08 15:08:00.000000306,93,11,2631.9,3,5,4,354,Potential Loyalists
16276,2011-06-16 09:34:00.000000361,177,3,2629.3900000000003,3,3,4,334,Potential Loyalists
17470,2011-10-26 12:42:00.000000046,45,11,2626.47,4,5,4,454,Champions
13422,2011-10-06 13:41:59.999999832,65,1,2626.3,3,1,4,314,Needs Attention
13644,2011-11-23 14:06:59.999999693,17,4,2624.26,5,3,4,534,Loyal Customers
12671,2010-04-12 16:30:00.000000000,607,1,2622.481,1,1,4,114,Hibernating
12423,2011-12-09 10:09:59.999999860,1,10,2622.39,5,5,4,554,Champions
15142,2011-10-24 12:50:59.999999916,47,6,2619.92,4,4,4,444,Champions
13211,2011-11-29 14:42:59.999999814,11,10,2618.77,5,5,4,554,Champions
14262,2011-12-01 14:16:59.999999759,9,8,2618.23,5,4,4,544,Champions
14195,2011-05-22 10:28:59.999999805,202,6,2615.6,2,4,4,244,At Risk
14431,2011-02-10 10:40:00.000000073,303,4,2614.2,2,3,4,234,Needs Attention
14397,2011-12-07 09:21:59.999999898,3,19,2612.96,5,5,4,554,Champions
14564,2010-10-01 09:01:59.999999759,435,2,2605.62,1,2,4,124,Hibernating
15660,2011-11-14 16:57:59.999999814,26,15,2603.69,4,5,4,454,Champions
17317,2011-10-24 17:19:00.000000157,47,3,2600.34,4,3,4,434,Loyal Customers
15826,2011-10-14 16:05:00.000000139,57,4,2598.28,4,3,4,434,Loyal Customers
13700,2011-11-13 12:59:59.999999164,27,13,2596.97,4,5,4,454,Champions
12412,2011-09-26 10:15:59.999999777,75,6,2596.93,3,4,4,344,Potential Loyalists
14163,2011-09-13 15:17:59.999999749,88,5,2594.62,3,4,4,344,Potential Loyalists
14229,2011-10-19 10:04:00.000000575,52,7,2594.04,4,4,4,444,Champions
17043,2011-11-07 15:32:59.999999536,33,8,2593.65,4,5,4,454,Champions
14129,2011-12-08 11:01:59.999999972,2,9,2591.34,5,5,4,554,Champions
14147,2011-09-22 18:10:00.000000073,79,9,2590.2,3,5,4,354,Potential Loyalists
16206,2011-10-16 10:40:59.999999638,55,13,2589.87,4,5,4,454,Champions
15062,2011-09-29 16:50:59.999999703,72,8,2585.62,3,4,4,344,Potential Loyalists
12592,2011-09-08 15:04:00.000000157,93,5,2582.66,3,4,4,344,Potential Loyalists
16499,2010-12-14 13:31:00.000000194,361,8,2578.34,2,5,4,254,At Risk
17095,2011-11-17 12:20:59.999999703,23,7,2572.25,4,4,4,444,Champions
17002,2011-09-15 12:39:59.999999647,86,7,2571.55,3,4,4,344,Potential Loyalists
15434,2011-12-01 13:32:59.999999331,9,11,2567.06,5,5,4,554,Champions
16817,2011-12-07 11:02:59.999999536,3,13,2560.7,5,5,4,554,Champions
13192,2011-09-05 14:13:00.000000863,96,6,2558.58,3,4,4,344,Potential Loyalists
15033,2011-12-05 12:39:59.999999647,5,10,2557.18,5,5,4,554,Champions
16036,2011-09-13 14:52:59.999999888,88,4,2556.84,3,4,4,344,Potential Loyalists
13862,2011-11-21 16:23:59.999999452,19,9,2556.09,5,5,4,554,Champions
16115,2011-11-30 11:32:00.000000185,10,12,2553.8,5,5,4,554,Champions
14745,2011-08-19 10:05:00.000000139,113,12,2551.41,3,5,4,354,Potential Loyalists
18179,2011-11-30 16:22:59.999999888,10,8,2547.55,5,5,4,554,Champions
17465,2010-10-10 11:55:59.999999842,426,7,2542.79,1,4,4,144,At Risk
14548,2011-07-12 12:19:00.000000575,151,9,2541.29,3,5,4,354,Potential Loyalists
17463,2011-11-23 13:40:00.000000073,17,7,2535.26,5,4,4,544,Champions
13623,2011-11-09 12:00:00.000000000,31,10,2533.06,4,5,4,454,Champions
15906,2011-11-20 12:24:00.000000296,20,10,2530.19,4,5,4,454,Champions
14659,2011-12-01 12:17:00.000000185,9,9,2529.93,5,5,4,554,Champions
16889,2011-05-29 11:05:00.000000556,195,6,2526.65,2,4,4,244,At Risk
14790,2011-11-23 09:27:59.999999814,17,10,2526.62,5,5,4,554,Champions
16987,2011-12-06 17:25:59.999999638,4,11,2521.4,5,5,4,554,Champions
15862,2011-12-01 13:28:00.000000863,9,13,2512.29,5,5,4,554,Champions
13344,2011-10-03 09:45:00.000000000,68,3,2511.69,3,3,4,334,Potential Loyalists
17101,2011-11-29 13:57:00.000000250,11,7,2507.05,5,4,4,544,Champions
17550,2011-05-26 14:08:59.999999452,198,9,2506.64,2,5,4,254,At Risk
12978,2010-11-19 14:29:00.000000853,386,5,2502.82,2,4,4,244,At Risk
16202,2010-12-14 10:43:00.000000027,361,9,2501.9900000000002,2,5,4,254,At Risk
13471,2011-12-08 15:43:59.999999805,2,4,2501.84,5,3,4,534,Loyal Customers
15021,2011-12-01 11:52:59.999999888,9,12,2500.59,5,5,4,554,Champions
15747,2011-11-27 12:26:00.000000686,13,9,2499.81,5,5,4,554,Champions
17594,2011-09-15 16:34:00.000000157,86,4,2497.88,3,4,4,344,Potential Loyalists
15932,2011-12-05 17:13:00.000000863,5,8,2495.87,5,4,4,544,Champions
13414,2011-07-29 11:45:00.000000213,134,6,2494.14,3,4,4,344,Potential Loyalists
14541,2011-10-12 10:08:00.000000101,59,14,2491.38,4,5,4,454,Champions
17262,2011-10-18 12:55:59.999999638,53,11,2488.76,4,5,4,454,Champions
15227,2011-11-03 11:58:59.999999805,37,9,2488.4900000000002,4,5,4,454,Champions
15117,2011-11-25 08:12:00.000000046,15,8,2485.9700000000003,5,4,4,544,Champions
15716,2011-07-17 11:58:59.999999805,146,11,2485.26,3,5,4,354,Potential Loyalists
12517,2011-11-11 14:04:00.000000361,29,5,2481.6,4,4,4,444,Champions
13507,2011-12-06 13:12:59.999999814,4,4,2479.16,5,3,4,534,Loyal Customers
13588,2011-11-24 10:41:59.999999832,16,9,2478.95,5,5,4,554,Champions
13134,2011-09-15 10:34:59.999999721,86,6,2475.23,3,4,4,344,Potential Loyalists
14696,2011-12-05 13:43:00.000000027,5,8,2473.28,5,4,4,544,Champions
13762,2011-05-05 09:14:59.999999164,219,5,2472.48,2,4,4,244,At Risk
12924,2011-09-12 13:54:59.999999860,89,12,2469.4,3,5,4,354,Potential Loyalists
14421,2011-10-13 13:23:59.999999452,58,6,2469.37,4,4,4,444,Champions
17288,2011-11-30 16:09:00.000000296,10,11,2468.43,5,5,4,554,Champions
17164,2011-11-07 09:14:00.000000853,33,7,2467.35,4,4,4,444,Champions
13151,2011-02-17 12:29:00.000000018,296,3,2465.21,2,3,4,234,Needs Attention
17131,2011-12-04 12:52:00.000000111,6,5,2463.17,5,4,4,544,Champions
14256,2011-03-24 13:16:59.999999972,261,5,2460.79,2,4,4,244,At Risk
17629,2011-12-04 10:56:00.000000686,6,10,2455.52,5,5,4,554,Champions
17676,2011-12-05 15:15:59.999999981,5,10,2448.64,5,5,4,554,Champions
12701,2011-09-21 10:47:00.000000185,80,6,2446.41,3,4,4,344,Potential Loyalists
13338,2011-07-05 09:05:59.999999916,158,4,2445.62,3,3,4,334,Potential Loyalists
17320,2011-08-31 13:31:00.000000194,101,6,2444.85,3,4,4,344,Potential Loyalists
15111,2011-11-10 16:57:59.999999814,30,5,2442.37,4,4,4,444,Champions
17348,2011-11-25 11:25:00.000000073,15,9,2442.29,5,5,4,554,Champions
18171,2011-10-12 09:13:00.000000027,59,9,2437.31,3,5,4,354,Potential Loyalists
15623,2011-07-21 17:25:59.999999638,142,8,2437.05,3,4,4,344,Potential Loyalists
17505,2011-07-01 12:49:59.999999721,162,5,2435.48,3,4,4,344,Potential Loyalists
13085,2011-07-05 12:10:59.999999638,158,8,2433.28,3,4,4,344,Potential Loyalists
14502,2011-11-20 11:50:00.000000556,20,11,2429.83,5,5,4,554,Champions
15077,2010-08-02 11:13:00.000000863,495,2,2428.08,1,2,4,124,Hibernating
13949,2011-12-07 09:35:00.000000556,3,6,2427.32,5,4,4,544,Champions
12733,2011-04-19 16:19:00.000000361,235,4,2424.87,2,3,4,234,Needs Attention
15215,2011-10-24 11:41:00.000000686,47,7,2422.43,4,4,4,444,Champions
15089,2011-11-29 16:31:00.000000194,11,6,2420.84,5,4,4,544,Champions
15489,2011-11-17 08:52:59.999999888,23,8,2419.61,4,4,4,444,Champions
16040,2011-10-05 13:47:00.000000185,66,7,2416.9,3,4,4,344,Potential Loyalists
13878,2011-10-16 12:19:00.000000575,55,4,2416.9,4,3,4,434,Loyal Customers
16470,2011-10-19 12:10:59.999999638,52,11,2416.85,4,5,4,454,Champions
12802,2011-06-06 09:36:00.000000129,187,7,2416.42,3,4,4,344,Potential Loyalists
13118,2011-11-20 12:46:00.000000194,20,9,2415.41,5,5,4,554,Champions
14205,2011-11-23 10:54:59.999999860,17,9,2414.2,5,5,4,554,Champions
12397,2011-11-04 09:52:00.000000111,36,2,2409.9,4,2,4,424,Recent Customers
16833,2011-12-08 14:39:00.000000296,2,6,2409.04,5,4,4,544,Champions
16163,2011-04-21 15:14:59.999999164,233,6,2407.98,2,4,4,244,At Risk
15341,2011-09-20 09:39:59.999999647,81,2,2402.7200000000003,3,2,4,324,Needs Attention
13173,2011-12-05 15:50:59.999999916,5,11,2399.82,5,5,4,554,Champions
15793,2011-11-25 09:30:59.999999777,15,8,2399.57,5,4,4,544,Champions
12393,2011-09-28 15:40:59.999999842,73,6,2399.4500000000003,3,4,4,344,Potential Loyalists
14414,2011-09-09 12:08:59.999999870,92,8,2399.33,3,4,4,344,Potential Loyalists
16147,2011-07-29 09:56:59.999999832,134,5,2398.91,3,4,4,344,Potential Loyalists
17921,2011-10-06 18:55:59.999999638,65,10,2394.36,3,5,4,354,Potential Loyalists
16812,2010-12-14 12:35:00.000000556,361,4,2392.0,2,4,4,244,At Risk
15366,2011-09-25 15:01:00.000000194,76,7,2389.08,3,4,4,344,Potential Loyalists
16105,2011-04-05 10:12:59.999999814,249,5,2386.19,2,4,4,244,At Risk
16638,2011-11-17 11:08:59.999999452,23,15,2380.13,4,5,4,454,Champions
17827,2011-12-04 15:00:00.000000000,6,6,2376.17,5,4,4,544,Champions
17434,2011-12-07 13:15:59.999999777,3,7,2373.82,5,4,4,544,Champions
13908,2011-09-21 11:49:00.000000361,80,4,2369.55,3,3,4,334,Potential Loyalists
17623,2011-11-07 11:32:00.000000185,33,7,2365.77,4,4,4,444,Champions
16005,2011-11-27 13:47:00.000000185,13,10,2365.4900000000002,5,5,4,554,Champions
14496,2011-02-01 09:01:00.000000194,312,7,2363.89,2,4,4,244,At Risk
14295,2011-10-30 15:49:59.999999721,41,5,2362.91,4,4,4,444,Champions
16676,2011-11-06 12:01:00.000000194,34,6,2361.9,4,4,4,444,Champions
15860,2011-10-30 11:25:00.000000073,41,17,2361.3,4,5,4,454,Champions
17634,2011-11-03 13:09:00.000000296,37,9,2358.59,4,5,4,454,Champions
15015,2010-07-26 13:50:00.000000139,502,13,2354.97,1,5,4,154,At Risk
17969,2011-06-26 12:59:59.999999164,167,20,2354.29,3,5,4,354,Potential Loyalists
14810,2011-10-30 11:19:00.000000157,41,13,2354.03,4,5,4,454,Champions
16083,2011-08-31 10:47:00.000000185,101,4,2351.42,3,4,4,344,Potential Loyalists
16085,2011-11-16 13:23:59.999999452,24,12,2341.03,4,5,4,454,Champions
12704,2011-12-02 13:15:00.000000213,8,8,2340.84,5,4,4,544,Champions
17591,2011-09-27 13:41:59.999999832,74,8,2339.32,3,5,4,354,Potential Loyalists
12584,2011-12-06 09:35:00.000000556,4,9,2338.15,5,5,4,554,Champions
15549,2011-09-23 16:21:59.999999693,78,8,2334.16,3,4,4,344,Potential Loyalists
13614,2011-11-15 14:46:59.999999972,25,6,2332.74,4,4,4,444,Champions
16496,2011-12-01 10:31:00.000000194,9,6,2330.77,5,4,4,544,Champions
17313,2011-11-08 15:45:00.000000000,32,1,2328.84,4,2,4,424,Recent Customers
17004,2011-10-24 14:25:00.000000073,47,4,2324.36,4,4,4,444,Champions
14938,2010-05-26 13:38:00.000000306,563,2,2322.43,1,2,4,124,Hibernating
13091,2011-11-11 15:53:59.999999870,29,3,2321.82,4,3,4,434,Loyal Customers
13055,2011-09-22 14:25:59.999999638,79,4,2321.11,3,3,4,334,Potential Loyalists
16628,2011-11-10 12:45:00.000000000,30,7,2318.1,4,4,4,444,Champions
12724,2011-12-04 16:02:00.000000185,6,7,2317.52,5,4,4,544,Champions
12948,2011-11-23 17:09:59.999999647,17,9,2317.43,5,5,4,554,Champions
14346,2011-08-11 09:46:59.999999759,121,5,2315.75,3,4,4,344,Potential Loyalists
17193,2011-11-04 12:46:59.999999759,36,9,2310.04,4,5,4,454,Champions
17282,2011-08-01 14:29:00.000000853,131,5,2308.54,3,4,4,344,Potential Loyalists
13704,2011-12-04 15:13:00.000000027,6,9,2308.06,5,5,4,554,Champions
17113,2010-05-14 13:59:00.000000018,575,6,2305.59,1,4,4,144,At Risk
17894,2011-09-29 09:23:00.000000101,72,18,2304.58,3,5,4,354,Potential Loyalists
15946,2010-07-25 12:17:59.999999749,503,3,2304.18,1,3,4,134,Needs Attention
14555,2011-10-13 16:23:59.999999452,58,6,2304.03,4,4,4,444,Champions
18095,2011-01-31 12:49:59.999999721,313,5,2303.09,2,4,4,244,At Risk
16077,2010-03-24 10:41:59.999999832,626,1,2300.4,1,1,4,114,Hibernating
16531,2011-11-17 16:28:59.999999805,23,11,2298.33,4,5,4,454,Champions
13371,2010-07-22 17:32:59.999999749,506,2,2297.66,1,2,4,124,Hibernating
12599,2011-11-10 13:34:00.000000157,30,13,2296.72,4,5,4,454,Champions
12649,2011-08-24 14:41:00.000000686,108,8,2294.65,3,4,4,344,Potential Loyalists
13280,2011-08-09 13:14:00.000000018,123,7,2293.33,3,4,4,344,Potential Loyalists
13059,2011-04-04 10:40:00.000000073,250,10,2291.77,2,5,4,254,At Risk
17047,2011-09-15 13:27:00.000000046,86,6,2289.23,3,4,4,344,Potential Loyalists
17018,2011-10-30 11:42:00.000000250,41,6,2287.7,4,4,4,444,Champions
16485,2011-09-23 15:49:59.999999721,78,5,2287.19,3,4,4,344,Potential Loyalists
14481,2011-06-28 10:38:00.000000306,165,5,2284.69,3,4,4,344,Potential Loyalists
12684,2011-12-02 09:53:00.000000306,8,7,2283.63,5,4,4,544,Champions
18051,2010-03-15 13:57:59.999999814,635,7,2282.28,1,4,4,144,At Risk
13655,2011-08-17 14:25:00.000000073,115,6,2280.51,3,4,4,344,Potential Loyalists
14554,2011-11-29 16:44:00.000000853,11,4,2279.49,5,3,4,534,Loyal Customers
13994,2011-12-06 11:05:00.000000556,4,6,2274.14,5,4,4,544,Champions
17994,2011-08-10 11:41:00.000000686,122,11,2270.0299999999997,3,5,4,354,Potential Loyalists
12725,2010-12-03 15:45:00.000000000,372,4,2266.7599999999998,2,3,4,234,Needs Attention
15638,2010-11-26 11:51:59.999999693,379,6,2265.2,2,4,4,244,At Risk
15734,2011-08-17 10:50:00.000000139,115,4,2263.3,3,3,4,334,Potential Loyalists
13652,2011-10-25 08:51:00.000000129,46,5,2262.05,4,4,4,444,Champions
13814,2011-09-08 13:47:59.999999749,93,3,2257.32,3,3,4,334,Potential Loyalists
13117,2011-11-18 12:01:59.999999759,22,18,2255.66,4,5,4,454,Champions
16350,2011-11-18 15:53:00.000000306,22,9,2253.89,4,5,4,454,Champions
17414,2011-10-27 12:13:00.000000027,44,6,2249.52,4,4,4,444,Champions
14432,2011-11-30 08:04:00.000000361,10,6,2248.5,5,4,4,544,Champions
14644,2011-10-03 08:29:59.999999164,68,7,2247.72,3,4,4,344,Potential Loyalists
16177,2011-10-20 12:56:59.999999832,51,8,2247.31,4,5,4,454,Champions
16174,2011-08-05 13:25:59.999999842,127,7,2246.75,3,4,4,344,Potential Loyalists
16883,2011-06-05 12:50:59.999999916,188,19,2246.06,3,5,4,354,Potential Loyalists
13627,2011-10-11 14:19:59.999999721,60,7,2245.9,3,4,4,344,Potential Loyalists
16042,2011-11-17 17:50:00.000000556,23,8,2245.32,4,4,4,444,Champions
13407,2010-05-10 12:40:59.999999842,579,3,2244.7,1,3,4,134,Needs Attention
16823,2011-04-26 15:00:00.000000000,228,7,2243.09,2,4,4,244,At Risk
14462,2011-10-04 15:55:00.000000073,67,12,2242.81,3,5,4,354,Potential Loyalists
15865,2011-10-30 12:43:00.000000863,41,5,2241.42,4,4,4,444,Champions
15629,2010-09-15 13:45:59.999999981,451,4,2240.9,1,3,4,134,Needs Attention
16551,2011-09-05 09:37:59.999999888,96,7,2237.12,3,4,4,344,Potential Loyalists
17180,2011-10-14 15:46:00.000000194,57,11,2236.77,4,5,4,454,Champions
17075,2011-11-22 11:58:00.000000863,18,10,2236.63,5,5,4,554,Champions
16108,2011-09-16 11:47:59.999999536,85,4,2235.92,3,4,4,344,Potential Loyalists
16076,2011-12-06 14:58:59.999999805,4,10,2234.73,5,5,4,554,Champions
13662,2011-09-15 12:04:00.000000157,86,11,2233.61,3,5,4,354,Potential Loyalists
18215,2011-09-11 16:05:00.000000139,90,5,2232.4900000000002,3,4,4,344,Potential Loyalists
14449,2011-11-21 12:05:59.999999916,19,8,2230.96,5,4,4,544,Champions
12783,2011-12-07 15:55:59.999999638,3,6,2225.91,5,4,4,544,Champions
13365,2011-11-06 12:36:00.000000129,34,2,2225.37,4,2,4,424,Recent Customers
14321,2011-11-29 09:46:59.999999759,11,7,2218.06,5,4,4,544,Champions
17648,2011-10-10 09:40:59.999999842,61,5,2216.37,3,4,4,344,Potential Loyalists
18177,2011-11-08 14:44:00.000000018,32,9,2216.32,4,5,4,454,Champions
13478,2010-08-27 13:22:59.999999888,470,5,2215.78,1,4,4,144,At Risk
13455,2011-11-15 11:20:59.999999916,25,6,2212.9900000000002,4,4,4,444,Champions
13320,2011-09-22 18:07:00.000000111,79,6,2211.6,3,4,4,344,Potential Loyalists
15550,2011-12-05 15:37:59.999999888,5,12,2211.05,5,5,4,554,Champions
15476,2010-11-24 15:17:00.000000185,381,4,2209.98,2,3,4,234,Needs Attention
14177,2011-09-14 15:10:59.999999638,87,13,2209.69,3,5,4,354,Potential Loyalists
13094,2011-11-18 14:06:59.999999693,22,13,2209.44,4,5,4,454,Champions
14834,2011-11-22 10:30:00.000000000,18,7,2206.16,5,4,4,544,Champions
14467,2011-11-22 12:47:59.999999331,18,12,2203.2400000000002,5,5,4,554,Champions
13410,2011-11-15 15:32:59.999999536,25,9,2201.96,4,5,4,454,Champions
14006,2011-08-16 09:38:59.999999452,116,7,2196.67,3,4,4,344,Potential Loyalists
15100,2011-01-10 10:34:59.999999721,334,7,2193.8999999999996,2,4,4,244,At Risk
16317,2011-08-12 12:46:00.000000194,120,5,2192.51,3,4,4,344,Potential Loyalists
15934,2010-10-18 10:12:59.999999814,418,2,2190.66,1,2,4,124,Hibernating
14212,2011-09-11 12:45:00.000000000,90,2,2190.14,3,2,4,324,Needs Attention
14597,2011-11-28 13:12:59.999999814,12,6,2184.63,5,4,4,544,Champions
15864,2011-11-17 13:31:59.999999759,23,7,2180.76,4,4,4,444,Champions
17905,2011-09-29 17:32:59.999999749,72,13,2178.87,3,5,4,354,Potential Loyalists
17324,2011-11-22 10:34:00.000000157,18,12,2171.07,5,5,4,554,Champions
12856,2011-12-02 10:51:59.999999898,8,6,2170.78,5,4,4,544,Champions
12501,2011-01-07 12:27:59.999999814,337,1,2169.39,2,1,4,214,Hibernating
17732,2010-12-02 09:29:00.000000018,373,8,2166.42,2,5,4,254,At Risk
14595,2011-11-20 12:11:59.999999832,20,8,2164.45,4,4,4,444,Champions
15944,2011-03-08 10:32:59.999999331,277,4,2164.24,2,3,4,234,Needs Attention
14573,2011-06-13 11:15:00.000000000,180,13,2163.12,3,5,4,354,Potential Loyalists
17822,2010-10-15 13:47:00.000000185,421,5,2162.93,1,4,4,144,At Risk
17460,2011-09-06 15:04:00.000000157,95,16,2157.9700000000003,3,5,4,354,Potential Loyalists
14407,2011-08-24 14:01:59.999999972,108,6,2157.73,3,4,4,344,Potential Loyalists
16379,2011-12-05 15:37:59.999999888,5,4,2157.4,5,4,4,544,Champions
13643,2011-11-08 15:36:59.999999693,32,10,2156.77,4,5,4,454,Champions
15426,2011-11-20 15:36:00.000000129,20,9,2156.35,4,5,4,454,Champions
13224,2011-10-10 14:54:59.999999647,61,2,2155.95,3,2,4,324,Needs Attention
16966,2011-12-01 13:40:00.000000073,9,7,2154.97,5,4,4,544,Champions
16600,2011-12-05 15:59:59.999999164,5,13,2153.41,5,5,4,554,Champions
16275,2011-05-27 12:40:59.999999842,197,3,2151.11,2,3,4,234,Needs Attention
14216,2011-12-06 14:55:59.999999842,4,5,2150.04,5,4,4,544,Champions
16716,2011-03-18 10:02:59.999999749,267,3,2149.6800000000003,2,3,4,234,Needs Attention
17272,2011-10-28 16:37:00.000000111,43,4,2148.63,4,4,4,444,Champions
16520,2011-06-06 13:23:59.999999452,187,6,2148.38,3,4,4,344,Potential Loyalists
16004,2010-08-22 11:47:59.999999536,475,5,2146.39,1,4,4,144,At Risk
13152,2010-10-18 13:44:00.000000853,418,7,2146.38,1,4,4,144,At Risk
16134,2011-11-18 10:05:00.000000139,22,5,2145.34,4,4,4,444,Champions
18009,2011-04-18 13:35:59.999999916,236,8,2144.23,2,5,4,254,At Risk
12576,2011-11-04 10:11:00.000000686,36,8,2142.72,4,4,4,444,Champions
13092,2011-09-30 11:17:59.999999331,71,12,2140.2799999999997,3,5,4,354,Potential Loyalists
12687,2010-08-16 12:11:59.999999832,481,2,2138.91,1,2,4,124,Hibernating
17029,2011-08-21 11:06:00.000000129,111,7,2137.3,3,4,4,344,Potential Loyalists
17305,2010-03-01 12:46:59.999999759,649,1,2135.46,1,2,4,124,Hibernating
18116,2011-10-03 11:00:00.000000213,68,13,2134.4900000000002,3,5,4,354,Potential Loyalists
12560,2011-12-04 13:54:00.000000296,6,3,2134.01,5,3,4,534,Loyal Customers
16493,2011-09-21 11:09:59.999999647,80,7,2132.09,3,4,4,344,Potential Loyalists
13517,2011-10-11 11:42:59.999999814,60,3,2128.42,3,3,4,334,Potential Loyalists
14634,2010-09-28 10:40:00.000000073,438,4,2124.46,1,3,4,134,Needs Attention
16807,2011-07-20 12:00:00.000000000,143,6,2123.88,3,4,4,344,Potential Loyalists
16996,2011-11-09 16:43:00.000000027,31,9,2123.61,4,5,4,454,Champions
14472,2011-08-28 11:00:59.999999777,104,9,2118.72,3,5,4,354,Potential Loyalists
14360,2011-11-08 09:11:59.999999832,32,4,2118.03,4,3,4,434,Loyal Customers
15658,2011-06-02 15:21:59.999999898,191,8,2117.27,2,4,4,244,At Risk
14691,2011-11-09 12:30:00.000000213,31,5,2114.33,4,4,4,444,Champions
16201,2011-12-06 16:02:00.000000185,4,5,2112.12,5,4,4,544,Champions
16054,2011-07-17 13:08:00.000000101,146,4,2111.88,3,4,4,344,Potential Loyalists
12997,2011-11-17 15:46:59.999999759,23,8,2110.91,4,4,4,444,Champions
14399,2010-11-10 13:22:59.999999888,395,8,2108.21,2,4,4,244,At Risk
13755,2011-12-06 12:26:00.000000686,4,9,2108.06,5,5,4,554,Champions
13610,2011-11-27 15:37:59.999999888,13,14,2103.71,5,5,4,554,Champions
15252,2011-11-03 13:30:00.000000000,37,5,2103.41,4,4,4,444,Champions
14276,2011-09-02 09:45:00.000000000,99,7,2102.68,3,4,4,344,Potential Loyalists
14499,2011-11-13 13:00:59.999999981,27,7,2101.79,4,4,4,444,Champions
15815,2011-10-07 12:42:00.000000046,64,5,2100.6,3,4,4,344,Potential Loyalists
12975,2010-09-29 09:46:00.000000194,437,6,2100.09,1,4,4,144,At Risk
17897,2011-06-20 11:23:00.000000306,173,9,2099.89,3,5,4,354,Potential Loyalists
17159,2011-11-18 10:51:59.999999898,22,5,2099.59,4,4,4,444,Champions
12610,2011-11-17 09:34:00.000000361,23,5,2099.54,4,4,4,444,Champions
17742,2011-08-18 15:27:59.999999814,114,11,2098.48,3,5,4,354,Potential Loyalists
13753,2011-02-25 12:47:59.999999331,288,4,2094.57,2,3,4,234,Needs Attention
13591,2011-10-06 12:26:00.000000686,65,7,2093.94,3,4,4,344,Potential Loyalists
14469,2010-10-19 14:29:59.999999164,417,4,2093.46,1,3,4,134,Needs Attention
13265,2011-10-17 15:01:59.999999759,54,5,2092.66,4,4,4,444,Champions
15456,2011-03-01 13:50:59.999999703,284,10,2091.52,2,5,4,254,At Risk
15151,2010-10-12 16:37:00.000000111,424,2,2085.61,1,2,4,124,Hibernating
17705,2011-12-06 13:44:59.999999164,4,11,2083.9,5,5,4,554,Champions
16016,2011-12-06 14:35:00.000000139,4,11,2083.4,5,5,4,554,Champions
16934,2011-10-16 12:39:59.999999647,55,6,2083.14,4,4,4,444,Champions
14443,2011-10-17 10:09:59.999999860,54,5,2082.97,4,4,4,444,Champions
18026,2010-07-27 10:37:00.000000111,501,2,2074.07,1,3,4,134,Needs Attention
17048,2011-08-14 11:49:00.000000361,118,7,2071.68,3,4,4,344,Potential Loyalists
17585,2011-08-22 13:30:00.000000000,110,7,2064.71,3,4,4,344,Potential Loyalists
13748,2011-09-05 09:45:00.000000000,96,9,2064.35,3,5,4,354,Potential Loyalists
16726,2011-11-13 14:52:59.999999888,27,7,2063.88,4,4,4,444,Champions
12586,2011-11-22 16:23:59.999999452,18,4,2062.67,5,3,4,534,Loyal Customers
16795,2010-12-09 14:07:59.999999888,366,3,2062.41,2,3,4,234,Needs Attention
15221,2010-12-08 13:08:00.000000101,367,4,2062.2000000000003,2,3,4,234,Needs Attention
13476,2011-06-14 12:00:00.000000000,179,5,2061.4700000000003,3,4,4,344,Potential Loyalists
18258,2010-09-01 14:19:59.999999721,465,6,2059.67,1,4,4,144,At Risk
17633,2011-11-08 13:24:59.999999647,32,7,2057.39,4,4,4,444,Champions
12518,2011-12-09 10:12:59.999999814,1,5,2056.89,5,4,4,544,Champions
15253,2011-11-23 16:21:59.999999693,17,8,2055.09,5,4,4,544,Champions
14188,2011-11-09 12:45:00.000000000,31,6,2054.36,4,4,4,444,Champions
16235,2011-10-30 10:56:00.000000686,41,9,2053.71,4,5,4,454,Champions
16794,2011-12-08 17:53:59.999999452,2,15,2052.7,5,5,4,554,Champions
16176,2010-10-14 13:54:00.000000296,422,4,2052.69,1,4,4,144,At Risk
17086,2011-12-02 13:54:00.000000296,8,6,2050.08,5,4,4,544,Champions
13874,2010-12-16 18:20:00.000000139,359,7,2049.15,2,4,4,244,At Risk
16027,2011-09-09 10:47:00.000000185,92,15,2048.36,3,5,4,354,Potential Loyalists
14232,2011-10-28 11:08:59.999999452,43,5,2048.07,4,4,4,444,Champions
17666,2011-12-06 09:05:59.999999916,4,5,2047.8,5,4,4,544,Champions
13663,2011-06-13 15:43:59.999999805,180,5,2047.51,3,4,4,344,Potential Loyalists
14000,2011-05-12 16:50:00.000000139,212,5,2046.3400000000001,2,4,4,244,At Risk
15473,2011-11-25 15:14:59.999999164,15,8,2046.0,5,4,4,544,Champions
12868,2011-06-07 10:41:59.999999832,186,8,2043.76,3,4,4,344,Potential Loyalists
17289,2011-11-08 12:01:00.000000194,32,9,2041.8,4,5,4,454,Champions
12585,2011-04-19 13:38:59.999999870,235,2,2040.1,2,2,4,224,Hibernating
14988,2011-05-12 12:04:59.999999721,212,7,2038.65,2,4,4,244,At Risk
16214,2011-06-22 11:29:59.999999164,171,4,2038.25,3,4,4,344,Potential Loyalists
16331,2010-10-03 13:47:00.000000185,433,6,2037.7,1,4,4,144,At Risk
17846,2011-09-15 15:20:00.000000139,86,1,2033.1,3,2,4,324,Needs Attention
13630,2011-12-04 15:15:59.999999981,6,7,2031.78,5,4,4,544,Champions
14225,2010-10-01 10:31:59.999999759,435,4,2031.07,1,3,4,134,Needs Attention
15272,2011-10-13 12:59:00.000000853,58,6,2030.95,4,4,4,444,Champions
15506,2011-11-17 12:10:59.999999638,23,6,2030.33,4,4,4,444,Champions
15164,2011-10-02 12:04:59.999999721,69,9,2028.1100000000001,3,5,4,354,Potential Loyalists
15384,2011-06-23 10:57:00.000000250,170,4,2027.79,3,3,4,334,Potential Loyalists
12873,2011-03-02 14:58:00.000000863,283,3,2027.3,2,3,4,234,Needs Attention
13989,2011-10-05 09:46:59.999999759,66,5,2026.06,3,4,4,344,Potential Loyalists
14631,2011-10-20 11:16:59.999999759,51,6,2025.69,4,4,4,444,Champions
14651,2011-10-03 15:52:00.000000111,68,9,2025.52,3,5,4,354,Potential Loyalists
12418,2011-08-19 11:07:59.999999888,113,4,2021.2,3,3,4,334,Potential Loyalists
13696,2010-10-14 09:43:59.999999805,422,3,2020.4,1,3,4,134,Needs Attention
16221,2011-11-03 11:42:59.999999814,37,9,2019.92,4,5,4,454,Champions
12348,2011-09-25 13:12:59.999999814,76,5,2019.3999999999999,3,4,4,344,Potential Loyalists
14623,2011-11-07 13:56:00.000000686,33,10,2016.98,4,5,4,454,Champions
16197,2010-08-27 12:55:59.999999638,470,9,2016.71,1,5,4,154,At Risk
17152,2011-05-29 12:19:00.000000575,195,4,2016.5,2,4,4,244,At Risk
17126,2011-07-10 13:51:59.999999898,153,9,2016.43,3,5,4,354,Potential Loyalists
13693,2010-11-30 18:20:59.999999703,375,9,2011.82,2,5,4,254,At Risk
17671,2011-11-24 12:20:59.999999703,16,5,2009.16,5,4,4,544,Champions
13888,2011-08-12 10:12:59.999999814,120,7,2001.59,3,4,4,344,Potential Loyalists
16332,2011-11-11 14:22:00.000000111,29,11,2000.01,4,5,4,454,Champions
14628,2011-09-09 14:58:00.000000863,92,5,1998.0,3,4,4,344,Potential Loyalists
16698,2011-04-27 10:51:59.999999898,227,2,1998.0,2,2,4,224,Hibernating
15990,2011-10-26 15:58:00.000000027,45,7,1997.75,4,4,4,444,Champions
14152,2011-09-25 12:53:59.999999870,76,7,1997.3400000000001,3,4,4,344,Potential Loyalists
15481,2010-11-03 14:51:59.999999693,402,1,1993.34,2,1,4,214,Hibernating
14301,2011-08-14 15:32:59.999999536,118,4,1992.18,3,3,4,334,Potential Loyalists
16065,2010-12-09 13:02:59.999999749,366,8,1992.13,2,5,4,254,At Risk
13889,2011-09-08 09:13:00.000000027,93,6,1991.23,3,4,4,344,Potential Loyalists
17088,2011-11-11 14:23:00.000000306,29,4,1991.01,4,4,4,444,Champions
16960,2011-11-01 11:35:00.000000139,39,8,1990.88,4,5,4,454,Champions
17351,2011-11-03 18:45:00.000000000,37,12,1988.23,4,5,4,454,Champions
16529,2011-06-02 17:23:00.000000306,191,4,1986.8,2,4,4,244,At Risk
15478,2011-10-30 14:19:00.000000157,41,3,1983.48,4,3,4,434,Loyal Customers
14967,2011-10-21 11:06:00.000000129,50,6,1982.6100000000001,4,4,4,444,Champions
17337,2011-07-11 14:54:59.999999647,152,4,1981.06,3,4,4,344,Potential Loyalists
13725,2011-10-21 10:02:59.999999749,50,8,1980.56,4,4,4,444,Champions
12582,2011-04-15 08:45:00.000000213,239,4,1980.4,2,3,4,234,Needs Attention
17158,2011-11-07 15:14:59.999999164,33,5,1980.0,4,4,4,444,Champions
15030,2011-09-29 10:50:00.000000139,72,8,1979.91,3,4,4,344,Potential Loyalists
15795,2011-07-13 10:43:00.000000027,150,8,1979.8700000000001,3,4,4,344,Potential Loyalists
13208,2011-10-12 09:53:59.999999870,59,9,1976.3,4,5,4,454,Champions
18204,2011-09-29 16:44:00.000000853,72,3,1975.35,3,3,4,334,Potential Loyalists
15531,2011-12-01 18:43:00.000000863,9,2,1972.39,5,2,4,524,Recent Customers
17797,2011-11-17 13:21:00.000000129,23,8,1971.87,4,5,4,454,Champions
14905,2011-07-05 12:40:59.999999842,158,8,1971.39,3,4,4,344,Potential Loyalists
12674,2011-11-01 12:11:59.999999832,39,4,1970.6,4,3,4,434,Loyal Customers
14477,2011-11-20 11:10:59.999999842,20,7,1969.6,5,4,4,544,Champions
14396,2011-10-05 16:09:00.000000296,66,7,1969.38,3,4,4,344,Potential Loyalists
16032,2010-09-09 18:00:00.000000000,457,6,1965.72,1,4,4,144,At Risk
17966,2011-11-02 10:25:59.999999842,38,10,1963.92,4,5,4,454,Champions
17997,2011-09-26 16:12:59.999999814,75,8,1962.46,3,5,4,354,Potential Loyalists
12399,2011-08-12 13:15:00.000000213,120,7,1962.3,3,4,4,344,Potential Loyalists
15789,2010-12-16 14:35:00.000000139,359,6,1962.01,2,4,4,244,At Risk
16290,2010-09-01 11:51:59.999999693,465,4,1957.7,1,4,4,144,At Risk
17039,2010-04-14 12:55:59.999999638,605,1,1954.99,1,2,4,124,Hibernating
18016,2011-11-07 13:24:59.999999647,33,7,1954.56,4,4,4,444,Champions
14794,2011-12-07 10:11:00.000000686,3,10,1953.9,5,5,4,554,Champions
17554,2011-12-08 14:15:00.000000000,2,5,1952.45,5,4,4,544,Champions
13761,2011-10-20 14:00:59.999999777,51,6,1952.17,4,4,4,444,Champions
15885,2011-09-08 10:43:00.000000027,93,15,1951.82,3,5,4,354,Potential Loyalists
16993,2010-09-02 12:15:59.999999981,464,2,1950.9499999999998,1,3,4,134,Needs Attention
14014,2011-09-23 13:17:59.999999536,78,3,1948.21,3,3,4,334,Potential Loyalists
15620,2011-10-14 12:40:59.999999842,57,4,1942.36,4,3,4,434,Loyal Customers
15425,2010-11-04 18:13:00.000000027,401,4,1941.1200000000001,2,3,4,234,Needs Attention
12385,2010-11-25 15:14:00.000000853,380,1,1938.4,2,1,4,214,Hibernating
16619,2011-03-21 08:17:59.999999331,264,4,1938.33,2,4,4,244,At Risk
14418,2011-12-06 11:39:00.000000296,4,3,1937.25,5,3,4,534,Loyal Customers
15561,2011-11-28 11:06:59.999999693,12,8,1934.3899999999999,5,4,4,544,Champions
12528,2011-11-30 14:39:59.999999860,10,6,1933.48,5,4,4,544,Champions
12531,2011-11-25 11:12:00.000000046,15,2,1933.2,5,2,4,524,Recent Customers
16859,2011-07-18 12:19:00.000000575,145,7,1932.41,3,4,4,344,Potential Loyalists
15803,2011-10-19 14:55:59.999999842,52,4,1929.66,4,3,4,434,Loyal Customers
17236,2011-11-27 12:00:00.000000000,13,12,1929.26,5,5,4,554,Champions
16788,2011-08-08 14:52:59.999999888,124,5,1928.93,3,4,4,344,Potential Loyalists
13029,2011-11-09 09:13:00.000000027,31,5,1927.3,4,4,4,444,Champions
14492,2010-10-05 13:21:00.000000129,431,7,1921.91,1,4,4,144,At Risk
16681,2011-09-28 11:10:59.999999842,73,7,1921.84,3,4,4,344,Potential Loyalists
18220,2011-04-27 09:02:59.999999331,227,6,1921.76,2,4,4,244,At Risk
14901,2011-11-28 17:08:59.999999452,12,12,1919.0,5,5,4,554,Champions
12644,2011-08-02 10:32:59.999999331,130,4,1918.49,3,3,4,334,Potential Loyalists
12842,2011-09-30 15:32:59.999999536,71,4,1917.99,3,3,4,334,Potential Loyalists
14332,2011-11-17 11:53:59.999999452,23,5,1917.41,4,4,4,444,Champions
16650,2011-09-29 09:50:59.999999916,72,7,1916.11,3,4,4,344,Potential Loyalists
16555,2011-11-04 14:30:59.999999981,36,6,1915.68,4,4,4,444,Champions
16692,2011-03-28 14:45:59.999999777,257,4,1914.6999999999998,2,4,4,244,At Risk
17046,2011-07-05 14:23:59.999999870,158,5,1906.07,3,4,4,344,Potential Loyalists
16942,2011-11-27 12:39:59.999999647,13,9,1904.99,5,5,4,554,Champions
14250,2011-12-02 14:29:59.999999164,8,3,1904.05,5,3,4,534,Loyal Customers
14127,2011-08-09 10:49:00.000000575,123,6,1900.0800000000002,3,4,4,344,Potential Loyalists
14710,2011-11-25 14:52:59.999999888,15,13,1899.79,5,5,4,554,Champions
12762,2011-12-02 10:22:59.999999888,8,2,1898.52,5,2,4,524,Recent Customers
14389,2011-10-05 15:17:00.000000185,66,5,1898.01,3,4,4,344,Potential Loyalists
14730,2011-12-08 14:39:00.000000296,2,8,1897.57,5,4,4,544,Champions
17560,2011-09-06 09:17:59.999999749,95,8,1895.8,3,5,4,354,Potential Loyalists
14327,2011-06-29 13:57:59.999999814,164,6,1894.93,3,4,4,344,Potential Loyalists
15248,2010-10-24 13:09:00.000000296,412,3,1893.93,1,3,4,134,Needs Attention
13984,2011-11-13 12:37:59.999999888,27,12,1893.8,4,5,4,454,Champions
17350,2011-12-01 15:46:59.999999759,9,7,1893.701,5,4,4,544,Champions
16631,2010-08-15 11:19:59.999999721,482,7,1892.52,1,4,4,144,At Risk
13276,2011-10-07 12:43:59.999999805,64,5,1891.91,3,4,4,344,Potential Loyalists
15381,2011-05-10 11:54:59.999999647,214,5,1890.5700000000002,2,4,4,244,At Risk
14912,2011-11-23 09:20:00.000000139,17,6,1889.25,5,4,4,544,Champions
17609,2011-10-30 12:27:59.999999814,41,11,1887.8999999999999,4,5,4,454,Champions
16172,2011-09-05 13:21:59.999999693,96,8,1884.55,3,5,4,354,Potential Loyalists
14403,2011-08-01 12:56:59.999999832,131,6,1880.51,3,4,4,344,Potential Loyalists
16660,2011-11-23 14:52:59.999999888,17,7,1879.55,5,4,4,544,Champions
18151,2011-07-28 11:35:00.000000139,135,6,1879.44,3,4,4,344,Potential Loyalists
17227,2011-11-21 10:50:59.999999703,19,12,1878.93,5,5,4,554,Champions
15197,2011-11-29 09:59:59.999999164,11,6,1877.51,5,4,4,544,Champions
13946,2011-09-21 13:32:59.999999331,80,6,1876.23,3,4,4,344,Potential Loyalists
16426,2011-12-07 14:00:59.999999777,3,10,1863.76,5,5,4,554,Champions
14887,2011-09-21 15:31:59.999999972,80,1,1862.0,3,1,4,314,Needs Attention
13503,2011-09-29 13:22:59.999999888,72,6,1859.24,3,4,4,344,Potential Loyalists
14305,2011-09-29 15:29:00.000000018,72,3,1858.96,3,3,4,334,Potential Loyalists
14130,2011-01-24 16:05:00.000000139,320,4,1858.77,2,3,4,234,Needs Attention
16043,2011-11-02 12:49:59.999999721,38,8,1856.5900000000001,4,4,4,444,Champions
15081,2011-11-17 17:07:59.999999888,23,12,1854.57,4,5,4,454,Champions
16049,2011-10-30 13:19:00.000000361,41,6,1852.15,4,4,4,444,Champions
16917,2011-03-08 11:54:59.999999647,277,2,1851.88,2,3,4,234,Needs Attention
12383,2011-06-08 08:01:59.999999972,185,5,1850.56,3,4,4,344,Potential Loyalists
12381,2011-12-05 12:43:59.999999805,5,5,1845.31,5,4,4,544,Champions
12507,2011-07-28 17:08:59.999999452,135,4,1844.06,3,3,4,334,Potential Loyalists
18180,2011-12-05 08:39:00.000000296,5,6,1843.75,5,4,4,544,Champions
12694,2011-09-30 13:05:59.999999703,71,3,1843.35,3,3,4,334,Potential Loyalists
12950,2011-12-07 13:16:59.999999972,3,3,1843.0,5,3,4,534,Loyal Customers
15201,2011-09-13 14:52:59.999999888,88,7,1842.95,3,4,4,344,Potential Loyalists
16102,2011-10-28 13:19:00.000000361,43,3,1842.14,4,3,4,434,Loyal Customers
14224,2011-08-21 13:23:59.999999452,111,9,1841.71,3,5,4,354,Potential Loyalists
13168,2011-11-03 12:55:59.999999638,37,5,1840.73,4,4,4,444,Champions
17919,2011-09-12 13:40:59.999999638,89,2,1840.32,3,3,4,334,Potential Loyalists
15822,2011-12-06 14:50:00.000000556,4,6,1840.06,5,4,4,544,Champions
14870,2011-03-23 10:50:59.999999703,262,6,1838.95,2,4,4,244,At Risk
13924,2011-12-08 09:38:59.999999452,2,6,1838.8500000000001,5,4,4,544,Champions
17015,2011-11-11 10:44:59.999999164,29,3,1838.61,4,3,4,434,Loyal Customers
16175,2011-09-06 14:32:00.000000185,95,7,1836.44,3,4,4,344,Potential Loyalists
15402,2011-07-14 12:17:00.000000185,149,6,1830.54,3,4,4,344,Potential Loyalists
16152,2011-03-16 09:46:59.999999759,269,1,1829.04,2,1,4,214,Hibernating
16825,2011-11-01 11:51:00.000000129,39,5,1826.89,4,4,4,444,Champions
17244,2011-10-17 15:19:00.000000575,54,5,1826.04,4,4,4,444,Champions
14896,2011-05-19 10:20:00.000000556,205,8,1826.0,2,4,4,244,At Risk
15678,2011-10-18 09:24:59.999999860,53,3,1825.94,4,3,4,434,Loyal Customers
14715,2011-11-15 12:10:00.000000073,25,8,1825.45,4,4,4,444,Champions
13884,2011-12-02 16:30:00.000000000,8,10,1825.03,5,5,4,554,Champions
17642,2011-08-12 09:10:59.999999638,120,5,1824.49,3,4,4,344,Potential Loyalists
16169,2011-12-01 15:27:59.999999814,9,4,1822.97,5,4,4,544,Champions
14738,2011-10-28 08:55:59.999999842,43,9,1821.9,4,5,4,454,Champions
15339,2011-10-04 12:50:59.999999916,67,7,1821.02,3,4,4,344,Potential Loyalists
16205,2011-11-09 09:31:59.999999972,31,7,1820.1100000000001,4,4,4,444,Champions
17828,2011-11-17 08:41:00.000000686,23,4,1820.09,4,4,4,444,Champions
14553,2011-11-20 13:20:00.000000556,20,9,1818.6,4,5,4,454,Champions
16233,2011-09-29 17:26:59.999999832,72,9,1818.31,3,5,4,354,Potential Loyalists
17787,2011-07-10 11:23:59.999999870,153,4,1817.54,3,4,4,344,Potential Loyalists
15807,2011-10-20 14:09:59.999999647,51,5,1817.52,4,4,4,444,Champions
12494,2011-11-24 09:34:00.000000361,16,9,1815.27,5,5,4,554,Champions
16880,2011-11-09 11:32:59.999999749,31,8,1813.21,4,5,4,454,Champions
14915,2011-09-09 13:34:00.000000157,92,11,1811.25,3,5,4,354,Potential Loyalists
16474,2011-12-02 13:02:00.000000185,8,7,1810.65,5,4,4,544,Champions
14893,2011-11-30 12:30:59.999999777,10,3,1809.6100000000001,5,3,4,534,Loyal Customers
15530,2011-11-18 12:24:59.999999860,22,5,1808.68,4,4,4,444,Champions
17888,2011-11-18 13:44:59.999999164,22,25,1807.44,4,5,4,454,Champions
15133,2011-08-04 10:44:00.000000853,128,5,1806.9,3,4,4,344,Potential Loyalists
13561,2011-05-08 12:38:59.999999452,216,11,1803.3999999999999,2,5,4,254,At Risk
18161,2011-11-24 16:40:00.000000073,16,6,1803.1000000000001,5,4,4,544,Champions
14723,2011-11-29 15:23:00.000000101,11,11,1803.06,5,5,4,554,Champions
16797,2010-11-11 19:14:00.000000018,394,5,1802.02,2,4,4,244,At Risk
16249,2011-10-18 10:06:59.999999898,53,5,1800.07,4,4,4,444,Champions
18235,2011-09-29 08:26:59.999999832,72,3,1796.48,3,3,4,334,Potential Loyalists
18236,2011-11-10 08:06:00.000000129,30,12,1795.3500000000001,4,5,4,454,Champions
17165,2011-02-28 16:38:59.999999870,285,6,1794.32,2,4,4,244,At Risk
14708,2011-12-07 08:20:59.999999916,3,5,1793.22,5,4,4,544,Champions
18122,2011-12-01 13:08:00.000000101,9,6,1793.06,5,4,4,544,Champions
13711,2011-05-05 10:31:00.000000194,219,9,1792.26,2,5,4,254,At Risk
13375,2011-09-12 10:19:00.000000361,89,2,1792.23,3,2,4,324,Needs Attention
12369,2010-10-22 13:12:59.999999814,414,3,1791.15,1,3,4,134,Needs Attention
17603,2011-09-22 14:17:59.999999331,79,4,1788.38,3,4,4,344,Potential Loyalists
13782,2011-11-27 11:53:59.999999452,13,13,1786.08,5,5,4,554,Champions
15608,2011-11-11 13:20:00.000000556,29,5,1785.98,4,4,4,444,Champions
16611,2011-06-06 15:46:00.000000194,187,6,1785.13,3,4,4,344,Potential Loyalists
15452,2011-11-10 12:13:00.000000027,30,6,1785.1100000000001,4,4,4,444,Champions
15128,2011-10-10 13:54:00.000000296,61,5,1783.68,3,4,4,344,Potential Loyalists
16110,2011-10-25 14:35:00.000000139,46,4,1781.59,4,4,4,444,Champions
18214,2010-06-27 11:20:59.999999916,531,4,1780.34,1,4,4,144,At Risk
15220,2011-10-19 12:38:59.999999452,52,6,1778.96,4,4,4,444,Champions
16770,2011-10-13 12:20:59.999999703,58,9,1778.93,4,5,4,454,Champions
16510,2010-12-02 13:38:59.999999870,373,6,1777.5,2,4,4,244,At Risk
12458,2011-09-29 15:24:59.999999860,72,4,1777.49,3,3,4,334,Potential Loyalists
12908,2011-06-16 15:38:59.999999452,177,5,1776.0,3,4,4,344,Potential Loyalists
12778,2011-11-20 11:29:59.999999164,20,9,1775.68,5,5,4,554,Champions
13920,2010-10-04 12:36:59.999999693,432,4,1774.68,1,3,4,134,Needs Attention
16124,2011-01-26 14:45:00.000000213,318,4,1772.49,2,4,4,244,At Risk
15594,2011-11-24 08:52:59.999999888,16,5,1771.78,5,4,4,544,Champions
14850,2011-02-01 11:20:59.999999916,312,7,1770.96,2,4,4,244,At Risk
14933,2010-09-22 10:47:00.000000185,444,4,1770.0,1,3,4,134,Needs Attention
15972,2010-09-09 13:20:00.000000556,457,5,1769.33,1,4,4,144,At Risk
15736,2010-09-30 14:19:59.999999721,436,2,1767.12,1,2,4,124,Hibernating
13456,2011-11-22 09:17:59.999999749,18,6,1766.72,5,4,4,544,Champions
16751,2011-11-09 10:47:59.999999749,31,1,1764.72,4,2,4,424,Recent Customers
13648,2010-11-04 14:45:59.999999777,401,8,1764.02,2,4,4,244,At Risk
13717,2011-11-07 14:13:00.000000863,33,8,1763.3,4,4,4,444,Champions
12784,2011-11-30 15:37:59.999999888,10,3,1763.15,5,3,4,534,Loyal Customers
15777,2011-04-12 16:43:00.000000027,242,7,1762.61,2,4,4,244,At Risk
16511,2011-11-18 10:40:59.999999638,22,6,1760.49,4,4,4,444,Champions
16620,2011-12-06 12:19:00.000000575,4,6,1758.93,5,4,4,544,Champions
16266,2011-09-27 12:08:00.000000306,74,14,1757.95,3,5,4,354,Potential Loyalists
16595,2011-10-09 13:15:00.000000213,62,5,1757.75,3,4,4,344,Potential Loyalists
12809,2011-06-15 10:50:59.999999703,178,3,1755.94,3,3,4,334,Potential Loyalists
14704,2011-11-28 12:50:59.999999916,12,11,1752.92,5,5,4,554,Champions
14522,2011-11-15 13:23:59.999999452,25,8,1748.42,4,4,4,444,Champions
16639,2011-11-08 13:20:00.000000556,32,4,1747.98,4,4,4,444,Champions
13808,2011-12-04 12:17:59.999999749,6,5,1747.66,5,4,4,544,Champions
17695,2011-07-31 10:40:00.000000073,132,5,1746.04,3,4,4,344,Potential Loyalists
16348,2011-11-07 15:43:59.999999805,33,8,1744.42,4,5,4,454,Champions
16380,2011-10-09 15:39:59.999999647,62,1,1743.1499999999999,3,1,4,314,Needs Attention
15605,2011-11-03 14:16:59.999999759,37,9,1741.95,4,5,4,454,Champions
12425,2011-09-22 17:30:59.999999981,79,2,1741.41,3,2,4,324,Needs Attention
16087,2010-11-15 16:44:00.000000853,390,5,1739.92,2,4,4,244,At Risk
17974,2011-11-15 11:36:59.999999898,25,6,1739.09,4,4,4,444,Champions
14584,2011-06-23 18:32:59.999999536,170,8,1738.16,3,4,4,344,Potential Loyalists
14075,2011-12-05 08:38:00.000000101,5,6,1734.87,5,4,4,544,Champions
17268,2011-08-24 10:05:59.999999703,108,11,1733.8899999999999,3,5,4,354,Potential Loyalists
13026,2011-12-08 16:57:59.999999814,2,9,1733.08,5,5,4,554,Champions
14400,2011-07-13 15:49:59.999999721,150,3,1732.47,3,3,4,334,Potential Loyalists
17432,2011-11-21 17:32:59.999999749,19,9,1728.99,5,5,4,554,Champions
16891,2011-12-08 11:15:00.000000000,2,11,1727.94,5,5,4,554,Champions
14387,2011-11-07 12:29:00.000000018,33,3,1727.6,4,3,4,434,Loyal Customers
16809,2011-11-16 15:45:00.000000000,24,9,1727.43,4,5,4,454,Champions
15730,2011-10-05 12:30:59.999999777,66,5,1726.58,3,4,4,344,Potential Loyalists
17190,2011-10-12 11:32:59.999999749,59,7,1726.57,4,4,4,444,Champions
14304,2011-05-01 11:50:00.000000556,223,3,1725.01,2,3,4,234,Needs Attention
13363,2011-11-22 12:39:59.999999647,18,3,1723.86,5,3,4,534,Loyal Customers
16374,2011-10-04 15:20:59.999999703,67,5,1723.4,3,4,4,344,Potential Loyalists
17135,2011-11-23 16:47:59.999999749,17,10,1722.18,5,5,4,554,Champions
17451,2011-12-08 15:01:59.999999759,2,7,1721.4,5,4,4,544,Champions
16119,2011-12-01 15:10:59.999999638,9,8,1720.81,5,5,4,554,Champions
15267,2011-11-17 15:59:00.000000853,23,5,1717.36,4,4,4,444,Champions
13705,2011-12-02 12:31:59.999999972,8,7,1717.19,5,4,4,544,Champions
14021,2011-07-07 15:46:00.000000194,156,7,1716.58,3,4,4,344,Potential Loyalists
17162,2011-11-11 11:34:00.000000575,29,10,1715.46,4,5,4,454,Champions
14692,2011-07-25 15:08:00.000000306,138,12,1715.1399999999999,3,5,4,354,Potential Loyalists
14741,2011-11-28 08:47:59.999999536,12,7,1713.09,5,4,4,544,Champions
18239,2011-05-05 12:37:59.999999888,219,6,1712.26,2,4,4,244,At Risk
14447,2011-11-21 08:28:00.000000027,19,6,1711.73,5,4,4,544,Champions
13665,2010-11-18 13:05:59.999999703,387,3,1711.6599999999999,2,3,4,234,Needs Attention
17750,2011-12-04 14:08:59.999999452,6,9,1710.45,5,5,4,554,Champions
12405,2011-07-14 08:51:59.999999693,149,1,1710.39,3,1,4,314,Needs Attention
13104,2011-12-06 13:09:59.999999860,4,9,1709.1,5,5,4,554,Champions
17731,2011-09-21 15:01:59.999999759,80,6,1708.99,3,4,4,344,Potential Loyalists
15607,2011-01-07 12:43:59.999999805,337,9,1708.97,2,5,4,254,At Risk
15947,2011-09-18 10:45:59.999999981,83,1,1708.24,3,1,4,314,Needs Attention
12407,2011-10-21 10:11:00.000000686,50,5,1708.1200000000001,4,4,4,444,Champions
16902,2011-08-15 14:16:59.999999759,117,1,1706.88,3,2,4,324,Needs Attention
13309,2011-12-02 16:34:00.000000157,8,6,1706.3700000000001,5,4,4,544,Champions
16398,2011-07-08 15:15:59.999999981,155,2,1705.8,3,2,4,324,Needs Attention
14859,2011-11-27 11:17:59.999999331,13,5,1705.64,5,4,4,544,Champions
12693,2011-08-04 17:51:00.000000129,128,7,1703.02,3,4,4,344,Potential Loyalists
15326,2011-01-10 11:38:00.000000101,334,5,1700.52,2,4,4,244,At Risk
15911,2010-03-26 12:05:59.999999916,624,8,1700.24,1,4,4,144,At Risk
16768,2011-10-23 10:38:00.000000306,48,9,1698.57,4,5,4,454,Champions
12932,2010-06-18 14:22:00.000000111,540,8,1698.56,1,4,4,144,At Risk
17813,2011-11-25 16:12:59.999999814,15,5,1698.07,5,4,4,544,Champions
17694,2011-07-21 12:00:00.000000000,142,3,1695.97,3,3,4,334,Potential Loyalists
16899,2011-12-02 12:02:59.999999331,8,8,1695.77,5,5,4,554,Champions
16010,2011-04-08 10:14:00.000000018,246,11,1694.86,2,5,4,254,At Risk
15976,2011-06-27 12:59:59.999999164,166,6,1694.41,3,4,4,344,Potential Loyalists
12764,2011-01-27 10:19:00.000000361,317,1,1693.88,2,1,4,214,Hibernating
14245,2011-05-04 08:39:59.999999860,220,2,1693.45,2,2,4,224,Hibernating
16671,2011-11-11 13:40:00.000000073,29,3,1692.27,4,3,4,434,Loyal Customers
13838,2011-12-04 11:00:00.000000213,6,10,1690.07,5,5,4,554,Champions
13294,2011-06-03 08:53:59.999999452,190,3,1689.53,2,3,4,234,Needs Attention
13566,2011-10-30 11:58:59.999999805,41,5,1688.6,4,4,4,444,Champions
16725,2011-02-10 16:51:59.999999898,303,14,1688.26,2,5,4,254,At Risk
12813,2010-07-26 09:49:59.999999721,502,3,1687.8,1,3,4,134,Needs Attention
12775,2011-11-22 16:32:59.999999331,18,7,1686.12,5,4,4,544,Champions
13516,2011-11-18 13:15:00.000000213,22,4,1685.26,4,3,4,434,Loyal Customers
14643,2011-06-22 14:41:00.000000686,171,5,1679.89,3,4,4,344,Potential Loyalists
15551,2011-11-03 12:36:59.999999693,37,7,1679.81,4,4,4,444,Champions
13800,2011-02-03 12:27:00.000000250,310,3,1679.56,2,3,4,234,Needs Attention
12870,2010-11-29 13:41:59.999999832,376,3,1676.95,2,3,4,234,Needs Attention
14831,2010-01-28 14:30:59.999999981,681,3,1676.57,1,3,4,134,Needs Attention
13149,2011-11-25 13:09:00.000000296,15,4,1676.06,5,3,4,534,Loyal Customers
17656,2011-09-27 13:04:00.000000575,74,5,1674.69,3,4,4,344,Potential Loyalists
13587,2011-10-07 12:30:59.999999777,64,4,1673.5,3,3,4,334,Potential Loyalists
13308,2011-11-17 09:30:59.999999777,23,4,1670.3700000000001,4,3,4,434,Loyal Customers
13417,2011-12-05 08:49:00.000000361,5,6,1669.49,5,4,4,544,Champions
13184,2011-11-25 12:01:59.999999759,15,10,1668.95,5,5,4,554,Champions
17534,2011-10-17 12:46:59.999999759,54,5,1668.83,4,4,4,444,Champions
13434,2011-09-26 14:29:59.999999164,75,5,1666.8600000000001,3,4,4,344,Potential Loyalists
13064,2011-11-27 12:30:59.999999777,13,6,1666.84,5,4,4,544,Champions
15192,2011-08-12 11:41:00.000000686,120,5,1666.39,3,4,4,344,Potential Loyalists
17321,2011-12-01 13:40:59.999999638,9,6,1665.21,5,4,4,544,Champions
16329,2010-10-08 12:43:59.999999805,428,4,1664.92,1,4,4,144,At Risk
12912,2011-12-07 08:54:59.999999647,3,5,1662.3,5,4,4,544,Champions
15214,2011-12-08 12:07:00.000000111,2,8,1661.44,5,4,4,544,Champions
15649,2011-01-07 13:34:00.000000157,337,4,1660.35,2,3,4,234,Needs Attention
14583,2011-12-04 12:31:59.999999972,6,8,1660.29,5,4,4,544,Champions
18096,2011-11-28 12:43:59.999999805,12,6,1657.87,5,4,4,544,Champions
18276,2011-10-27 10:54:00.000000296,44,6,1656.52,4,4,4,444,Champions
17041,2011-11-13 11:20:59.999999916,27,6,1655.2,4,4,4,444,Champions
16625,2011-03-10 12:49:59.999999721,275,5,1654.03,2,4,4,244,At Risk
16813,2011-12-01 14:02:59.999999536,9,10,1652.18,5,5,4,554,Champions
12911,2010-06-06 12:13:00.000000027,552,1,1651.72,1,1,4,114,Hibernating
16634,2011-05-01 12:08:59.999999870,223,6,1649.81,2,4,4,244,At Risk
12657,2011-11-28 15:46:59.999999759,12,4,1643.18,5,3,4,534,Loyal Customers
14420,2011-09-01 18:07:00.000000111,100,4,1639.17,3,3,4,334,Potential Loyalists
12933,2011-11-15 16:38:00.000000306,25,8,1636.6299999999999,4,4,4,444,Champions
12398,2011-10-25 10:27:00.000000046,46,1,1635.6599999999999,4,1,4,414,Recent Customers
17006,2011-12-05 12:08:59.999999870,5,8,1635.27,5,5,4,554,Champions
15310,2010-08-18 11:38:00.000000101,479,1,1634.64,1,1,4,114,Hibernating
18062,2011-06-19 14:46:59.999999972,174,6,1632.67,3,4,4,344,Potential Loyalists
14164,2011-09-30 12:24:00.000000296,71,2,1631.77,3,2,4,324,Needs Attention
18136,2011-10-07 15:39:59.999999647,64,5,1631.3600000000001,3,4,4,344,Potential Loyalists
17571,2011-10-20 15:56:59.999999832,51,5,1630.91,4,4,4,444,Champions
14904,2011-12-07 12:55:00.000000073,3,4,1630.49,5,3,4,534,Loyal Customers
16256,2011-03-18 12:17:59.999999749,267,3,1629.37,2,3,4,234,Needs Attention
13554,2010-11-24 15:04:59.999999721,381,7,1629.35,2,4,4,244,At Risk
15167,2011-01-23 12:40:59.999999842,321,5,1627.62,2,4,4,244,At Risk
14759,2011-12-05 12:02:59.999999331,5,3,1625.97,5,3,4,534,Loyal Customers
13154,2010-11-05 15:59:59.999999164,400,3,1624.84,2,3,4,234,Needs Attention
15172,2011-12-01 11:51:00.000000129,9,5,1624.05,5,4,4,544,Champions
14937,2011-10-14 12:29:00.000000018,57,3,1621.88,4,3,4,434,Loyal Customers
12379,2011-09-19 10:09:00.000000296,82,4,1620.22,3,3,4,334,Potential Loyalists
15422,2011-01-20 16:16:59.999999972,324,7,1619.97,2,4,4,244,At Risk
12577,2011-11-04 13:23:59.999999452,36,8,1617.1,4,4,4,444,Champions
16224,2011-10-13 17:51:00.000000129,58,5,1616.54,4,4,4,444,Champions
14336,2011-11-23 11:39:59.999999860,17,4,1614.91,5,3,4,534,Loyal Customers
15013,2010-08-09 12:04:59.999999721,488,10,1610.82,1,5,4,154,At Risk
16860,2010-09-13 10:05:00.000000139,453,3,1610.62,1,3,4,134,Needs Attention
13900,2011-06-09 19:25:59.999999842,184,6,1610.59,3,4,4,344,Potential Loyalists
17814,2010-11-29 14:20:59.999999916,376,2,1609.37,2,3,4,234,Needs Attention
12847,2011-11-17 13:15:59.999999777,23,2,1609.0,4,2,4,424,Recent Customers
13249,2011-09-08 13:25:59.999999842,93,9,1608.93,3,5,4,354,Potential Loyalists
14920,2011-05-11 10:31:59.999999759,213,3,1607.17,2,3,4,234,Needs Attention
12947,2011-07-19 10:05:59.999999703,144,6,1603.99,3,4,4,344,Potential Loyalists
17515,2011-11-08 14:04:00.000000361,32,9,1602.51,4,5,4,454,Champions
15325,2011-08-28 11:54:59.999999647,104,8,1601.46,3,4,4,344,Potential Loyalists
14178,2011-12-01 12:01:00.000000194,9,7,1600.26,5,4,4,544,Champions
14885,2011-07-31 12:04:59.999999721,132,3,1598.12,3,3,4,334,Potential Loyalists
12514,2011-03-17 16:38:00.000000306,268,2,1597.76,2,2,4,224,Hibernating
17853,2010-10-28 15:29:00.000000018,408,3,1596.29,2,3,4,234,Needs Attention
15134,2011-11-25 08:54:59.999999647,15,10,1596.29,5,5,4,554,Champions
13850,2011-08-02 14:04:00.000000361,130,1,1595.48,3,1,4,314,Needs Attention
13239,2011-03-23 10:24:59.999999647,262,5,1594.69,2,4,4,244,At Risk
16801,2011-06-29 15:32:59.999999536,164,4,1594.23,3,4,4,344,Potential Loyalists
17028,2010-05-07 15:32:59.999999536,582,3,1593.83,1,3,4,134,Needs Attention
15289,2011-11-10 13:49:00.000000575,30,5,1593.09,4,4,4,444,Champions
17540,2011-11-15 11:55:59.999999842,25,6,1590.6000000000001,4,4,4,444,Champions
16092,2011-08-17 10:45:59.999999981,115,6,1587.94,3,4,4,344,Potential Loyalists
17345,2011-11-24 15:02:59.999999331,16,10,1586.6299999999999,5,5,4,554,Champions
13156,2010-11-19 13:09:00.000000296,386,3,1586.54,2,3,4,234,Needs Attention
16096,2011-03-20 13:38:00.000000306,265,4,1584.97,2,4,4,244,At Risk
13740,2011-04-13 10:31:59.999999759,241,5,1582.77,2,4,4,244,At Risk
17867,2011-11-09 14:15:00.000000000,31,15,1582.0500000000002,4,5,4,454,Champions
14719,2011-12-08 12:43:00.000000863,2,5,1581.84,5,4,4,544,Champions
15279,2010-12-20 10:47:59.999999749,355,5,1580.54,2,4,4,244,At Risk
13202,2010-11-10 16:23:59.999999452,395,7,1580.3,2,4,4,244,At Risk
14587,2011-11-21 11:34:00.000000575,19,9,1580.29,5,5,4,554,Champions
13752,2011-08-07 14:16:00.000000194,125,7,1579.8300000000002,3,4,4,344,Potential Loyalists
12607,2011-10-10 16:05:59.999999703,61,1,1579.51,3,1,4,314,Needs Attention
17222,2011-10-05 13:57:59.999999814,66,6,1579.51,3,4,4,344,Potential Loyalists
17649,2011-07-24 15:53:00.000000306,139,3,1578.89,3,3,4,334,Potential Loyalists
13186,2011-10-31 11:39:59.999999860,40,3,1575.89,4,3,4,434,Loyal Customers
12549,2010-05-13 12:04:59.999999721,576,6,1575.68,1,4,4,144,At Risk
13337,2010-06-11 13:27:00.000000046,547,1,1575.26,1,1,4,114,Hibernating
14489,2011-05-16 14:51:00.000000129,208,4,1574.93,2,3,4,234,Needs Attention
16099,2011-10-20 13:12:59.999999814,51,7,1573.2,4,4,4,444,Champions
17886,2011-11-08 10:09:00.000000296,32,6,1572.55,4,4,4,444,Champions
14136,2010-11-04 11:52:59.999999888,401,5,1570.81,2,4,4,244,At Risk
14198,2011-11-21 16:34:59.999999721,19,9,1569.73,5,5,4,554,Champions
13539,2011-09-15 10:17:59.999999536,86,7,1569.3600000000001,3,4,4,344,Potential Loyalists
17624,2011-11-25 10:51:59.999999898,15,4,1568.6299999999999,5,4,4,544,Champions
16774,2011-10-03 12:40:59.999999842,68,8,1567.48,3,5,4,354,Potential Loyalists
17235,2011-11-14 15:50:59.999999916,26,8,1562.98,4,5,4,454,Champions
13939,2011-11-16 13:32:59.999999331,24,7,1560.96,4,4,4,444,Champions
15466,2011-09-15 14:07:59.999999888,86,4,1560.46,3,3,4,334,Potential Loyalists
12629,2010-11-19 09:17:59.999999749,386,2,1558.22,2,2,4,224,Hibernating
16394,2011-10-14 09:47:59.999999331,57,5,1555.34,4,4,4,444,Champions
14236,2011-09-20 09:13:00.000000027,81,5,1555.34,3,4,4,344,Potential Loyalists
15149,2011-07-29 10:57:59.999999814,134,5,1554.6100000000001,3,4,4,344,Potential Loyalists
18149,2011-10-20 12:04:00.000000157,51,7,1553.96,4,4,4,444,Champions
13360,2010-10-04 12:36:59.999999693,432,4,1553.65,1,3,4,134,Needs Attention
14078,2011-08-30 12:15:59.999999981,102,9,1553.47,3,5,4,354,Potential Loyalists
15074,2011-08-26 14:45:00.000000213,106,3,1553.1299999999999,3,3,4,334,Potential Loyalists
13377,2010-11-08 12:20:00.000000139,397,2,1552.88,2,2,4,224,Hibernating
17851,2010-10-13 15:13:00.000000027,423,6,1552.35,1,4,4,144,At Risk
17323,2011-11-24 17:29:00.000000853,16,12,1551.04,5,5,4,554,Champions
14987,2011-11-24 09:59:00.000000853,16,8,1550.6499999999999,5,4,4,544,Champions
14186,2010-10-08 13:30:00.000000000,428,5,1550.63,1,4,4,144,At Risk
16366,2011-11-21 08:19:00.000000157,19,4,1548.1299999999999,5,4,4,544,Champions
17454,2011-05-31 13:57:59.999999814,193,10,1547.94,2,5,4,254,At Risk
14754,2011-10-26 12:01:00.000000194,45,6,1547.93,4,4,4,444,Champions
16461,2011-06-15 12:07:00.000000111,178,3,1545.83,3,3,4,334,Potential Loyalists
16790,2011-12-06 11:52:59.999999888,4,6,1545.6200000000001,5,4,4,544,Champions
16017,2011-10-23 12:55:59.999999638,48,5,1545.58,4,4,4,444,Champions
18036,2011-11-07 14:39:59.999999860,33,11,1545.49,4,5,4,454,Champions
15732,2011-05-11 14:23:59.999999870,213,10,1543.97,2,5,4,254,At Risk
16915,2011-11-30 16:38:59.999999870,10,11,1543.18,5,5,4,554,Champions
13783,2010-08-09 09:23:00.000000101,488,4,1542.09,1,3,4,134,Needs Attention
12818,2011-03-23 12:05:59.999999916,262,1,1542.08,2,1,4,214,Hibernating
17837,2011-10-28 16:12:59.999999814,43,8,1541.23,4,5,4,454,Champions
13310,2011-11-11 17:23:00.000000306,29,5,1541.2,4,4,4,444,Champions
15987,2011-11-27 15:37:59.999999888,13,8,1535.99,5,4,4,544,Champions
15798,2010-08-04 09:13:00.000000027,493,3,1535.37,1,3,4,134,Needs Attention
14695,2010-07-08 14:17:59.999999331,520,3,1534.22,1,3,4,134,Needs Attention
18252,2011-10-20 12:43:00.000000863,51,7,1533.69,4,4,4,444,Champions
16491,2011-10-24 10:17:59.999999536,47,2,1533.16,4,2,4,424,Recent Customers
14567,2011-10-14 10:21:00.000000129,57,2,1530.3600000000001,4,2,4,424,Recent Customers
15701,2011-12-07 14:39:00.000000296,3,4,1529.0,5,3,4,534,Loyal Customers
17990,2011-04-17 11:44:00.000000018,237,6,1527.6100000000001,2,4,4,244,At Risk
12926,2010-10-24 15:56:59.999999832,412,4,1523.97,1,3,4,134,Needs Attention
16244,2011-05-12 10:17:59.999999536,212,2,1522.75,2,2,4,224,Hibernating
15587,2011-10-20 13:37:00.000000111,51,7,1522.0800000000002,4,4,4,444,Champions
16066,2011-11-23 11:53:59.999999452,17,5,1521.04,5,4,4,544,Champions
14055,2011-08-25 15:04:00.000000157,107,3,1520.96,3,3,4,334,Potential Loyalists
14264,2011-07-08 10:20:00.000000556,155,6,1517.3600000000001,3,4,4,344,Potential Loyalists
14068,2011-01-23 16:02:00.000000185,321,4,1516.72,2,3,4,234,Needs Attention
14267,2011-06-30 10:09:00.000000296,163,3,1516.24,3,3,4,334,Potential Loyalists
13791,2011-08-04 11:44:00.000000018,128,2,1516.0,3,2,4,324,Needs Attention
14220,2011-04-06 13:22:59.999999888,248,4,1515.0,2,3,4,234,Needs Attention
14682,2011-06-05 12:11:59.999999832,188,6,1514.81,3,4,4,344,Potential Loyalists
17764,2011-10-20 11:02:59.999999536,51,5,1513.57,4,4,4,444,Champions
17610,2010-06-17 16:34:00.000000157,541,5,1511.94,1,4,4,144,At Risk
17977,2011-11-10 13:28:00.000000863,30,2,1511.45,4,3,4,434,Loyal Customers
16037,2011-03-15 09:13:00.000000027,270,5,1509.34,2,4,4,244,At Risk
15948,2011-12-01 15:31:59.999999972,9,3,1509.0900000000001,5,3,4,534,Loyal Customers
16910,2011-12-05 12:50:59.999999916,5,8,1508.96,5,5,4,554,Champions
13158,2011-09-06 11:58:00.000000863,95,5,1508.18,3,4,4,344,Potential Loyalists
15261,2011-07-27 15:20:00.000000139,136,4,1508.0,3,3,4,334,Potential Loyalists
17179,2011-06-14 16:47:59.999999749,179,6,1507.26,3,4,4,344,Potential Loyalists
18022,2011-11-04 12:45:00.000000000,36,5,1507.25,4,4,4,444,Champions
15110,2011-11-16 11:16:00.000000194,24,6,1505.8500000000001,4,4,4,444,Champions
16450,2011-07-13 11:46:59.999999972,150,3,1505.73,3,3,4,334,Potential Loyalists
14802,2010-09-27 16:34:00.000000157,439,2,1502.98,1,2,4,124,Hibernating
13810,2011-11-11 08:32:59.999999749,29,3,1499.01,4,3,4,434,Loyal Customers
16714,2011-05-05 11:08:59.999999452,219,4,1497.33,2,4,4,244,At Risk
15590,2010-11-22 14:49:00.000000361,383,5,1496.6,2,4,4,244,At Risk
16340,2011-08-24 14:52:59.999999888,108,3,1496.24,3,3,4,334,Potential Loyalists
15173,2010-11-24 10:21:00.000000129,381,7,1494.6,2,4,4,244,At Risk
14894,2011-09-15 13:50:59.999999703,86,3,1492.81,3,3,4,334,Potential Loyalists
16239,2011-10-14 08:29:00.000000853,57,6,1492.2,4,4,4,444,Champions
16314,2010-11-15 12:05:59.999999916,390,3,1491.4,2,3,4,234,Needs Attention
18268,2011-07-28 19:12:59.999999814,135,6,1490.23,3,4,4,344,Potential Loyalists
13042,2010-04-20 13:43:00.000000027,599,3,1488.59,1,3,4,134,Needs Attention
17290,2011-12-06 12:37:59.999999888,4,8,1487.96,5,5,4,554,Champions
14609,2011-09-28 12:53:59.999999870,73,10,1486.2,3,5,4,354,Potential Loyalists
16654,2011-07-21 15:23:00.000000101,142,8,1484.07,3,5,4,354,Potential Loyalists
15630,2011-10-25 15:36:00.000000129,46,3,1481.4,4,3,4,434,Loyal Customers
15101,2011-12-01 10:17:59.999999536,9,6,1477.94,5,4,4,544,Champions
13240,2011-09-04 14:07:59.999999888,97,8,1475.79,3,4,4,344,Potential Loyalists
14246,2011-08-21 11:50:00.000000556,111,3,1474.06,3,3,4,334,Potential Loyalists
16907,2011-11-10 18:04:00.000000157,30,9,1470.89,4,5,4,454,Champions
17590,2011-12-07 12:55:00.000000073,3,3,1468.02,5,3,4,534,Loyal Customers
13500,2011-11-16 15:35:00.000000556,24,4,1466.3,4,3,4,434,Loyal Customers
16419,2011-08-19 12:32:59.999999536,113,8,1463.7,3,5,4,354,Potential Loyalists
12882,2011-11-30 16:17:59.999999536,10,2,1463.04,5,2,4,524,Recent Customers
16586,2011-04-05 09:31:59.999999972,249,3,1462.78,2,3,4,234,Needs Attention
18196,2011-09-05 16:21:59.999999693,96,4,1457.19,3,4,4,344,Potential Loyalists
16835,2011-08-03 13:50:00.000000139,129,6,1456.66,3,4,4,344,Potential Loyalists
14829,2011-11-10 16:15:59.999999777,30,7,1455.8700000000001,4,4,4,444,Champions
15071,2011-09-07 11:42:59.999999814,94,4,1455.56,3,3,4,334,Potential Loyalists
16569,2011-12-06 15:31:59.999999972,4,5,1455.23,5,4,4,544,Champions
13649,2011-03-28 11:51:00.000000129,257,6,1453.68,2,4,4,244,At Risk
12970,2011-12-02 14:29:59.999999164,8,10,1453.6,5,5,4,554,Champions
17259,2011-07-14 15:01:00.000000194,149,6,1452.39,3,4,4,344,Potential Loyalists
13165,2011-10-24 15:04:59.999999721,47,3,1451.16,4,3,4,434,Loyal Customers
13361,2010-08-24 14:55:59.999999842,473,2,1450.5,1,2,4,124,Hibernating
14657,2011-11-22 12:46:59.999999759,18,6,1450.19,5,4,4,544,Champions
16121,2011-10-13 12:59:00.000000853,58,5,1450.04,4,4,4,444,Champions
15876,2010-10-26 18:58:00.000000027,410,2,1449.1399999999999,2,2,4,224,Hibernating
13023,2011-10-06 16:27:00.000000046,65,3,1449.03,3,3,4,334,Potential Loyalists
15076,2011-06-20 08:23:00.000000306,173,3,1447.74,3,3,4,334,Potential Loyalists
17582,2011-04-17 13:17:59.999999536,237,5,1446.95,2,4,4,244,At Risk
17073,2011-11-22 11:46:59.999999972,18,4,1446.09,5,4,4,544,Champions
13583,2011-07-07 10:40:00.000000073,156,2,1445.031,3,2,4,324,Needs Attention
15636,2011-09-11 11:16:59.999999759,90,4,1444.58,3,3,4,334,Potential Loyalists
17175,2011-10-26 15:30:59.999999777,45,4,1443.69,4,4,4,444,Champions
17734,2011-10-17 12:32:59.999999536,54,6,1442.32,4,4,4,444,Champions
18106,2011-01-14 12:23:00.000000101,330,6,1441.06,2,4,4,244,At Risk
18066,2011-09-25 15:30:00.000000213,76,3,1440.4,3,3,4,334,Potential Loyalists
13543,2010-03-15 13:34:00.000000157,635,2,1439.6100000000001,1,2,4,124,Hibernating
14071,2011-12-06 12:27:00.000000250,4,8,1437.57,5,4,4,544,Champions
16088,2010-05-13 10:15:59.999999777,576,2,1437.43,1,2,4,124,Hibernating
13278,2011-10-30 11:49:00.000000361,41,4,1435.85,4,3,4,434,Loyal Customers
12805,2010-11-23 12:27:00.000000250,382,4,1434.95,2,3,4,234,Needs Attention
16140,2011-10-05 12:14:59.999999164,66,3,1433.46,3,3,4,334,Potential Loyalists
12389,2010-11-02 11:51:59.999999693,403,3,1433.33,2,3,4,234,Needs Attention
17941,2011-08-01 08:29:59.999999164,131,4,1433.28,3,4,4,344,Potential Loyalists
13531,2011-05-18 16:56:00.000000686,206,6,1433.07,2,4,4,244,At Risk
13475,2011-06-01 13:51:59.999999898,192,4,1431.78,2,3,4,234,Needs Attention
15427,2011-11-06 14:29:00.000000853,34,3,1430.54,4,3,4,434,Loyal Customers
15468,2011-10-19 13:49:00.000000575,52,3,1430.48,4,3,4,434,Loyal Customers
14684,2011-11-14 11:32:59.999999749,26,6,1430.03,4,4,4,444,Champions
13159,2011-12-01 11:19:59.999999721,9,4,1429.35,5,3,4,534,Loyal Customers
15889,2011-07-06 11:09:59.999999647,157,8,1427.6,3,4,4,344,Potential Loyalists
14412,2011-10-28 10:44:59.999999164,43,3,1426.19,4,3,4,434,Loyal Customers
17411,2011-11-27 14:25:00.000000073,13,5,1425.38,5,4,4,544,Champions
18221,2011-11-17 14:39:59.999999860,23,6,1424.94,4,4,4,444,Champions
16980,2011-03-29 16:35:59.999999916,256,3,1422.8300000000002,2,3,4,234,Needs Attention
17438,2011-03-31 10:25:59.999999842,254,5,1422.77,2,4,4,244,At Risk
15106,2011-11-22 09:15:59.999999981,18,5,1422.52,5,4,4,544,Champions
16463,2011-11-18 14:00:59.999999777,22,4,1422.3999999999999,4,4,4,444,Champions
14019,2011-10-24 10:12:59.999999814,47,3,1421.61,4,3,4,434,Loyal Customers
15799,2011-09-25 12:46:00.000000194,76,4,1421.34,3,3,4,334,Potential Loyalists
16173,2011-11-24 10:53:00.000000101,16,6,1418.32,5,4,4,544,Champions
17856,2011-12-08 09:39:59.999999647,2,4,1418.03,5,4,4,544,Champions
15223,2011-04-28 11:30:59.999999981,226,5,1417.95,2,4,4,244,At Risk
16245,2011-11-16 10:14:00.000000018,24,3,1413.66,4,3,4,434,Loyal Customers
17496,2010-12-16 08:39:00.000000296,359,4,1412.89,2,4,4,244,At Risk
15237,2011-12-08 09:46:00.000000194,2,4,1412.32,5,3,4,534,Loyal Customers
16848,2011-10-18 08:42:00.000000250,53,4,1411.62,4,4,4,444,Champions
15444,2011-11-30 17:36:59.999999898,10,2,1411.21,5,2,4,524,Recent Customers
16906,2011-09-19 11:49:00.000000361,82,7,1410.92,3,4,4,344,Potential Loyalists
17714,2011-01-23 10:31:59.999999759,321,5,1410.18,2,4,4,244,At Risk
17545,2011-10-27 14:04:00.000000361,44,6,1409.8600000000001,4,4,4,444,Champions
16854,2010-10-18 16:31:00.000000194,418,2,1408.96,1,3,4,134,Needs Attention
13049,2011-10-06 15:30:59.999999777,65,4,1408.24,3,3,4,334,Potential Loyalists
12695,2011-12-02 13:21:59.999999693,8,7,1407.1200000000001,5,4,4,544,Champions
15652,2011-09-09 14:22:00.000000111,92,5,1405.94,3,4,4,344,Potential Loyalists
14909,2010-09-28 16:56:00.000000686,438,3,1404.68,1,3,4,134,Needs Attention
12765,2010-08-24 13:50:59.999999703,473,6,1404.58,1,4,4,144,At Risk
18189,2011-09-23 12:39:59.999999647,78,3,1403.73,3,3,4,334,Potential Loyalists
15186,2011-11-25 14:58:00.000000863,15,5,1403.2,5,4,4,544,Champions
13259,2011-10-09 10:47:59.999999749,62,9,1402.54,3,5,4,354,Potential Loyalists
14687,2011-08-25 11:58:59.999999805,107,3,1402.06,3,3,4,334,Potential Loyalists
18202,2011-05-24 12:11:59.999999832,200,3,1396.99,2,3,4,234,Needs Attention
16129,2010-10-28 14:29:00.000000853,408,3,1396.05,2,3,4,234,Needs Attention
15322,2011-09-15 09:34:00.000000361,86,2,1390.86,3,2,4,324,Needs Attention
15141,2010-09-08 11:32:59.999999749,458,7,1388.47,1,4,4,144,At Risk
12952,2011-12-04 10:34:59.999999721,6,4,1387.79,5,3,4,534,Loyal Customers
13382,2011-03-04 10:02:59.999999749,281,5,1387.58,2,4,4,244,At Risk
15996,2011-09-12 15:14:00.000000853,89,7,1386.4,3,4,4,344,Potential Loyalists
16167,2010-10-21 15:32:59.999999536,415,5,1386.1200000000001,1,4,4,144,At Risk
18167,2011-11-16 15:55:59.999999638,24,3,1384.8600000000001,4,3,4,434,Loyal Customers
13572,2011-05-18 11:58:59.999999805,206,1,1384.25,2,1,4,214,Hibernating
14116,2011-11-20 10:28:59.999999805,20,5,1382.74,5,4,4,544,Champions
16389,2011-10-17 14:41:00.000000686,54,4,1382.07,4,4,4,444,Champions
14861,2011-10-18 12:53:59.999999870,53,10,1380.73,4,5,4,454,Champions
15751,2010-09-05 12:43:59.999999805,461,11,1380.44,1,5,4,154,At Risk
13821,2011-07-18 09:49:00.000000157,145,6,1379.08,3,4,4,344,Potential Loyalists
17878,2011-10-27 11:23:59.999999870,44,3,1378.93,4,3,4,434,Loyal Customers
13074,2010-07-16 16:53:00.000000101,512,4,1378.74,1,3,4,134,Needs Attention
12886,2011-10-03 10:09:00.000000296,68,2,1378.4,3,2,4,324,Needs Attention
16727,2010-12-10 13:47:59.999999749,365,4,1377.77,2,4,4,244,At Risk
14853,2011-11-15 16:56:00.000000686,25,5,1376.87,4,4,4,444,Champions
14662,2011-11-11 12:13:00.000000027,29,7,1376.43,4,4,4,444,Champions
15580,2010-11-28 11:00:00.000000213,377,8,1375.39,2,4,4,244,At Risk
13579,2011-11-25 08:41:00.000000686,15,5,1374.34,5,4,4,544,Champions
14265,2011-08-22 13:31:59.999999759,110,4,1373.35,3,3,4,334,Potential Loyalists
14434,2011-11-18 08:55:59.999999842,22,6,1372.8,4,4,4,444,Champions
15453,2011-12-08 10:59:00.000000018,2,7,1371.77,5,4,4,544,Champions
14538,2011-10-06 10:31:00.000000194,65,5,1370.8400000000001,3,4,4,344,Potential Loyalists
13155,2011-11-06 15:40:59.999999842,34,6,1370.48,4,4,4,444,Champions
14316,2010-10-13 16:31:00.000000194,423,5,1370.34,1,4,4,144,At Risk
12533,2010-03-22 10:56:00.000000686,628,2,1367.89,1,2,4,124,Hibernating
16300,2010-10-05 13:14:00.000000018,431,3,1367.32,1,3,4,134,Needs Attention
13035,2011-09-27 08:57:00.000000046,74,3,1364.2,3,3,4,334,Potential Loyalists
14577,2011-11-27 12:46:59.999999759,13,7,1364.15,5,4,4,544,Champions
14114,2011-03-11 09:42:00.000000046,274,7,1364.09,2,4,4,244,At Risk
13760,2011-10-16 16:12:59.999999814,55,5,1363.6399999999999,4,4,4,444,Champions
16588,2010-11-18 17:55:59.999999842,387,4,1361.28,2,4,4,244,At Risk
13396,2011-11-10 16:59:00.000000018,30,2,1360.99,4,2,4,424,Recent Customers
13919,2011-10-11 14:23:59.999999870,60,4,1360.68,3,3,4,334,Potential Loyalists
16384,2011-09-11 11:19:00.000000157,90,4,1358.95,3,4,4,344,Potential Loyalists
17150,2010-11-28 11:26:59.999999832,377,6,1357.95,2,4,4,244,At Risk
17429,2011-08-03 13:21:59.999999693,129,5,1357.46,3,4,4,344,Potential Loyalists
12875,2011-07-19 15:30:00.000000213,144,5,1356.99,3,4,4,344,Potential Loyalists
17054,2011-11-11 12:55:59.999999638,29,5,1356.33,4,4,4,444,Champions
15116,2011-11-22 12:24:59.999999860,18,4,1352.75,5,3,4,534,Loyal Customers
16079,2011-11-23 12:47:59.999999331,17,3,1352.0,5,3,4,534,Loyal Customers
16367,2011-11-02 13:12:59.999999814,38,3,1350.48,4,3,4,434,Loyal Customers
17025,2011-10-10 09:05:59.999999916,61,5,1349.67,3,4,4,344,Potential Loyalists
14847,2011-07-14 10:51:59.999999898,149,3,1348.95,3,3,4,334,Potential Loyalists
15411,2011-11-13 15:19:00.000000575,27,4,1348.93,4,3,4,434,Loyal Customers
16669,2011-11-16 12:26:00.000000686,24,3,1348.88,4,3,4,434,Loyal Customers
12646,2011-12-05 10:14:00.000000018,5,2,1346.97,5,2,4,524,Recent Customers
14320,2011-05-17 09:24:00.000000296,207,5,1346.75,2,4,4,244,At Risk
13639,2011-09-26 13:35:59.999999916,75,2,1346.27,3,2,4,324,Needs Attention
15398,2011-11-23 16:47:00.000000185,17,2,1345.53,5,2,4,524,Recent Customers
12426,2011-05-29 12:26:00.000000686,195,2,1345.21,2,2,4,224,Hibernating
14550,2011-11-29 12:11:59.999999832,11,4,1345.06,5,3,4,534,Loyal Customers
12463,2011-10-17 13:44:00.000000853,54,4,1344.78,4,3,4,434,Loyal Customers
15154,2011-09-25 16:05:00.000000139,76,3,1343.72,3,3,4,334,Potential Loyalists
14618,2011-11-30 13:44:59.999999164,10,7,1342.32,5,4,4,544,Champions
18085,2011-01-13 15:17:00.000000185,331,4,1341.8500000000001,2,4,4,244,At Risk
13743,2011-12-07 10:09:00.000000296,3,7,1341.6,5,4,4,544,Champions
17499,2011-02-23 09:14:00.000000853,290,2,1341.3899999999999,2,3,4,234,Needs Attention
17951,2011-10-31 12:30:00.000000213,40,4,1340.5800000000002,4,4,4,444,Champions
12620,2011-11-25 10:20:00.000000556,15,3,1339.4099999999999,5,3,4,534,Loyal Customers
12711,2010-04-07 11:58:59.999999805,612,2,1339.05,1,2,4,124,Hibernating
12591,2011-01-26 14:35:00.000000139,318,3,1338.95,2,3,4,234,Needs Attention
13803,2011-03-29 12:56:59.999999832,256,3,1338.91,2,3,4,234,Needs Attention
13506,2011-01-27 13:53:00.000000101,317,5,1338.08,2,4,4,244,At Risk
13220,2011-09-22 13:38:00.000000306,79,5,1336.0900000000001,3,4,4,344,Potential Loyalists
12919,2011-12-01 13:47:00.000000185,9,6,1335.19,5,4,4,544,Champions
17033,2011-09-14 14:34:00.000000575,87,4,1332.79,3,4,4,344,Potential Loyalists
17932,2011-11-10 19:49:00.000000575,30,3,1331.57,4,3,4,434,Loyal Customers
14899,2010-11-09 15:20:00.000000139,396,1,1331.38,2,1,4,214,Hibernating
16295,2011-11-30 08:16:59.999999759,10,4,1328.55,5,4,4,544,Champions
13232,2011-11-27 10:38:59.999999870,13,7,1328.35,5,4,4,544,Champions
14712,2011-11-10 12:59:00.000000853,30,4,1328.0700000000002,4,3,4,434,Loyal Customers
15146,2011-06-28 12:08:59.999999870,165,2,1327.16,3,2,4,324,Needs Attention
14956,2010-10-14 16:40:00.000000073,422,1,1325.0,1,1,4,114,Hibernating
12960,2010-10-22 09:30:59.999999777,414,4,1322.07,1,3,4,134,Needs Attention
14591,2011-11-24 13:57:00.000000250,16,4,1320.21,5,3,4,534,Loyal Customers
12526,2011-12-09 12:08:59.999999870,1,3,1316.66,5,3,4,534,Loyal Customers
14921,2011-11-09 13:16:59.999999972,31,2,1316.07,4,2,4,424,Recent Customers
14511,2011-11-28 17:05:00.000000556,12,5,1314.81,5,4,4,544,Champions
14973,2011-08-24 15:50:59.999999916,108,3,1314.45,3,3,4,334,Potential Loyalists
16296,2010-03-23 13:11:00.000000686,627,4,1313.67,1,4,4,144,At Risk
13282,2011-11-21 15:32:59.999999536,19,4,1313.19,5,3,4,534,Loyal Customers
12364,2011-12-02 10:21:59.999999693,8,4,1313.1,5,3,4,534,Loyal Customers
16756,2011-05-09 09:32:59.999999536,215,7,1312.3700000000001,2,4,4,244,At Risk
12639,2011-04-15 12:47:59.999999331,239,3,1312.37,2,3,4,234,Needs Attention
12987,2011-09-27 12:02:59.999999331,74,5,1312.21,3,4,4,344,Potential Loyalists
17027,2011-09-22 12:24:00.000000296,79,9,1310.63,3,5,4,354,Potential Loyalists
13855,2010-07-27 09:53:00.000000306,501,4,1310.3400000000001,1,3,4,134,Needs Attention
12717,2011-07-11 14:46:59.999999972,152,3,1308.91,3,3,4,334,Potential Loyalists
16377,2011-03-17 15:40:59.999999842,268,2,1308.48,2,2,4,224,Hibernating
13328,2011-01-27 15:21:59.999999898,317,1,1308.48,2,1,4,214,Hibernating
13846,2011-11-15 12:07:00.000000111,25,4,1307.79,4,3,4,434,Loyal Customers
16282,2011-01-04 11:42:00.000000250,340,3,1307.58,2,3,4,234,Needs Attention
16894,2010-07-25 15:43:00.000000863,503,3,1306.96,1,3,4,134,Needs Attention
15677,2011-10-21 15:36:00.000000129,50,3,1305.63,4,3,4,434,Loyal Customers
14297,2011-11-22 09:05:59.999999916,18,4,1305.33,5,3,4,534,Loyal Customers
15813,2011-05-16 08:13:00.000000863,208,2,1303.9099999999999,2,2,4,224,Hibernating
15400,2011-09-08 13:57:00.000000250,93,8,1302.3,3,4,4,344,Potential Loyalists
16370,2011-09-18 15:55:00.000000073,83,4,1301.91,3,4,4,344,Potential Loyalists
16574,2011-09-29 13:38:59.999999870,72,3,1301.78,3,3,4,334,Potential Loyalists
15108,2011-07-21 10:23:59.999999452,142,4,1300.25,3,3,4,334,Potential Loyalists
14284,2011-11-09 08:10:59.999999842,31,3,1299.65,4,3,4,434,Loyal Customers
14480,2011-11-28 16:34:59.999999721,12,4,1299.52,5,3,4,534,Loyal Customers
16943,2011-05-12 11:57:00.000000046,212,5,1299.49,2,4,4,244,At Risk
16464,2011-11-20 12:10:59.999999638,20,3,1298.66,4,3,4,434,Loyal Customers
12488,2011-11-30 08:50:00.000000556,10,3,1298.66,5,3,4,534,Loyal Customers
12372,2011-09-29 12:11:59.999999832,72,3,1298.04,3,3,4,334,Potential Loyalists
18286,2010-08-20 11:57:00.000000046,477,2,1296.43,1,3,4,134,Needs Attention
16929,2011-12-06 08:36:59.999999898,4,7,1295.39,5,4,4,544,Champions
13440,2010-10-12 13:11:00.000000686,424,7,1295.25,1,4,4,144,At Risk
16212,2011-11-20 12:59:59.999999164,20,4,1293.71,4,4,4,444,Champions
15621,2011-12-05 14:00:59.999999777,5,4,1293.03,5,3,4,534,Loyal Customers
16777,2011-09-20 13:40:59.999999638,81,5,1292.18,3,4,4,344,Potential Loyalists
15471,2011-12-07 14:12:00.000000046,3,3,1292.01,5,3,4,534,Loyal Customers
16744,2011-11-28 13:05:59.999999703,12,7,1291.91,5,4,4,544,Champions
17109,2011-11-10 16:59:00.000000018,30,8,1291.71,4,5,4,454,Champions
14619,2011-04-08 07:37:00.000000111,246,2,1291.24,2,2,4,224,Hibernating
14856,2011-11-03 14:52:59.999999888,37,3,1290.53,4,3,4,434,Loyal Customers
16372,2011-11-06 13:08:00.000000101,34,5,1290.31,4,4,4,444,Champions
15171,2011-01-12 15:36:00.000000129,332,1,1289.5,2,1,4,214,Hibernating
14679,2010-11-23 11:51:00.000000129,382,3,1289.44,2,3,4,234,Needs Attention
15774,2011-10-02 12:04:00.000000157,69,6,1288.34,3,4,4,344,Potential Loyalists
15136,2011-12-07 12:26:00.000000686,3,4,1286.7,5,3,4,534,Loyal Customers
16608,2010-09-12 11:44:00.000000018,454,2,1286.6200000000001,1,2,4,124,Hibernating
16949,2011-12-06 11:06:59.999999693,4,6,1286.27,5,4,4,544,Champions
13300,2011-06-23 13:09:00.000000296,170,3,1285.51,3,3,4,334,Potential Loyalists
13617,2011-10-30 13:50:00.000000139,41,8,1278.75,4,4,4,444,Champions
17521,2011-11-10 11:22:00.000000111,30,5,1278.06,4,4,4,444,Champions
16951,2011-07-28 12:04:59.999999721,135,3,1277.75,3,3,4,334,Potential Loyalists
14478,2010-11-22 15:29:00.000000018,383,4,1276.66,2,3,4,234,Needs Attention
17034,2011-11-23 15:14:00.000000853,17,5,1276.42,5,4,4,544,Champions
13916,2010-09-02 10:04:00.000000575,464,4,1275.81,1,3,4,134,Needs Attention
17142,2011-04-14 18:21:59.999999898,240,4,1275.25,2,4,4,244,At Risk
14820,2011-11-18 15:40:59.999999842,22,9,1274.76,4,5,4,454,Champions
15809,2011-11-03 16:40:00.000000073,37,7,1274.44,4,4,4,444,Champions
14167,2011-10-31 14:29:00.000000853,40,8,1274.29,4,4,4,444,Champions
13138,2011-11-17 16:50:59.999999703,23,7,1274.01,4,4,4,444,Champions
14490,2010-10-29 15:04:00.000000157,407,2,1273.47,2,2,4,224,Hibernating
13443,2010-09-17 12:30:59.999999777,449,6,1273.16,1,4,4,144,At Risk
17478,2010-10-27 15:01:00.000000194,409,2,1272.8,2,3,4,234,Needs Attention
12394,2011-10-07 08:07:59.999999888,64,2,1272.48,3,2,4,324,Needs Attention
17341,2011-07-06 12:32:59.999999536,157,5,1272.21,3,4,4,344,Potential Loyalists
16222,2011-01-25 13:38:00.000000306,319,2,1272.05,2,2,4,224,Hibernating
12630,2011-11-30 10:47:59.999999749,10,2,1270.88,5,2,4,524,Recent Customers
13492,2011-07-26 14:25:00.000000073,137,3,1269.84,3,3,4,334,Potential Loyalists
15439,2010-10-31 10:38:00.000000306,405,4,1269.05,2,3,4,234,Needs Attention
15584,2011-11-16 10:54:59.999999860,24,6,1268.2,4,4,4,444,Champions
13892,2011-11-13 11:50:00.000000556,27,6,1267.6499999999999,4,4,4,444,Champions
17037,2011-09-13 12:49:00.000000157,88,1,1267.32,3,2,4,324,Needs Attention
17531,2011-06-02 19:16:59.999999972,191,3,1266.82,2,3,4,234,Needs Attention
14487,2011-11-13 12:17:00.000000185,27,7,1266.27,4,4,4,444,Champions
13515,2011-09-28 11:25:59.999999638,73,6,1265.82,3,4,4,344,Potential Loyalists
17635,2010-10-11 15:11:59.999999832,425,3,1265.58,1,3,4,134,Needs Attention
14379,2011-10-26 16:43:00.000000027,45,4,1265.16,4,3,4,434,Loyal Customers
16842,2011-08-31 10:41:59.999999832,101,3,1264.19,3,3,4,334,Potential Loyalists
14427,2011-10-20 14:23:00.000000306,51,4,1263.52,4,3,4,434,Loyal Customers
17759,2011-11-22 16:02:00.000000185,18,5,1261.88,5,4,4,544,Champions
16688,2011-12-08 15:24:00.000000296,2,4,1260.86,5,4,4,544,Champions
14984,2011-11-20 14:28:00.000000027,20,6,1260.51,4,4,4,444,Champions
18035,2011-11-04 12:38:59.999999452,36,5,1260.23,4,4,4,444,Champions
17343,2010-12-19 15:07:00.000000111,356,6,1259.94,2,4,4,244,At Risk
12993,2011-11-16 15:49:00.000000157,24,8,1259.6299999999999,4,4,4,444,Champions
13689,2011-10-07 13:21:00.000000129,64,2,1259.5,3,2,4,324,Needs Attention
15009,2011-11-27 13:34:59.999999721,13,3,1259.43,5,3,4,534,Loyal Customers
15651,2011-11-03 08:41:00.000000686,37,5,1259.06,4,4,4,444,Champions
14474,2011-10-24 13:25:59.999999842,47,2,1258.8899999999999,4,2,4,424,Recent Customers
14931,2011-12-05 10:19:00.000000361,5,5,1257.68,5,4,4,544,Champions
12402,2011-01-20 13:49:00.000000575,324,6,1256.9,2,4,4,244,At Risk
17481,2011-12-06 12:27:59.999999814,4,4,1255.59,5,4,4,544,Champions
17862,2011-01-20 12:23:00.000000101,324,4,1254.89,2,4,4,244,At Risk
14419,2011-11-29 11:22:00.000000111,11,7,1254.64,5,4,4,544,Champions
15064,2010-10-25 14:32:00.000000185,411,4,1254.41,1,3,4,134,Needs Attention
15441,2010-11-08 15:49:59.999999721,397,3,1254.21,2,3,4,234,Needs Attention
15664,2011-10-20 10:57:00.000000250,51,4,1254.03,4,3,4,434,Loyal Customers
16292,2011-08-10 12:24:00.000000296,122,5,1253.76,3,4,4,344,Potential Loyalists
14725,2011-11-15 12:42:00.000000046,25,4,1252.74,4,3,4,434,Loyal Customers
15579,2011-10-02 12:45:00.000000000,69,5,1250.63,3,4,4,344,Potential Loyalists
15599,2011-11-13 11:44:00.000000018,27,3,1250.06,4,3,4,434,Loyal Customers
18135,2011-11-10 19:31:59.999999759,30,10,1249.6200000000001,4,5,4,454,Champions
14020,2011-11-23 09:21:59.999999898,17,4,1249.01,5,3,4,534,Loyal Customers
12666,2010-11-10 16:40:00.000000073,395,1,1248.42,2,1,4,214,Hibernating
14383,2011-11-01 15:53:00.000000306,39,3,1247.69,4,3,4,434,Loyal Customers
12689,2011-11-14 08:30:59.999999981,26,2,1247.61,4,2,4,424,Recent Customers
14240,2011-11-09 13:44:59.999999164,31,3,1247.49,4,3,4,434,Loyal Customers
13860,2011-12-08 12:56:59.999999832,2,5,1245.9,5,4,4,544,Champions
17076,2011-11-03 17:52:59.999999888,37,6,1242.75,4,4,4,444,Champions
17529,2010-04-08 17:51:00.000000129,611,2,1240.25,1,3,4,134,Needs Attention
13863,2011-04-06 10:20:00.000000556,248,4,1239.55,2,3,4,234,Needs Attention
12985,2011-12-09 10:45:59.999999981,1,2,1239.38,5,2,4,524,Recent Customers
17796,2011-10-30 15:37:59.999999888,41,7,1236.39,4,4,4,444,Champions
14231,2011-06-09 11:05:00.000000556,184,4,1235.6200000000001,3,3,4,334,Potential Loyalists
13201,2010-07-25 14:29:59.999999164,503,4,1233.06,1,3,4,134,Needs Attention
12605,2010-11-28 14:17:59.999999331,377,4,1232.95,2,3,4,234,Needs Attention
16527,2011-09-19 16:21:00.000000129,82,2,1232.94,3,2,4,324,Needs Attention
16159,2011-03-03 12:27:00.000000250,282,4,1232.79,2,4,4,244,At Risk
18080,2011-11-21 08:01:59.999999972,19,2,1231.5,5,3,4,534,Loyal Customers
16723,2011-09-09 13:00:59.999999981,92,4,1231.36,3,4,4,344,Potential Loyalists
14821,2010-12-08 08:42:59.999999814,367,7,1230.15,2,4,4,244,At Risk
12673,2011-12-04 13:54:59.999999860,6,3,1230.02,5,3,4,534,Loyal Customers
13019,2010-11-25 14:55:59.999999842,380,6,1229.95,2,4,4,244,At Risk
14871,2011-12-06 13:41:59.999999832,4,9,1228.17,5,5,4,554,Champions
17342,2010-11-25 11:06:59.999999693,380,4,1227.54,2,4,4,244,At Risk
12866,2011-03-01 14:10:59.999999842,284,3,1227.35,2,3,4,234,Needs Attention
15800,2011-08-24 14:23:00.000000306,108,7,1227.07,3,4,4,344,Potential Loyalists
13402,2011-08-04 15:50:59.999999916,128,4,1226.85,3,3,4,334,Potential Loyalists
15269,2011-11-16 09:31:59.999999972,24,3,1225.3600000000001,4,3,4,434,Loyal Customers
15303,2011-02-22 13:59:00.000000018,291,3,1224.18,2,3,4,234,Needs Attention
14428,2011-12-02 13:16:59.999999972,8,5,1224.06,5,4,4,544,Champions
13787,2011-09-25 12:05:59.999999916,76,6,1222.5,3,4,4,344,Potential Loyalists
16946,2010-11-21 14:06:00.000000129,384,5,1222.04,2,4,4,244,At Risk
15376,2011-10-30 15:04:00.000000157,41,3,1221.56,4,3,4,434,Loyal Customers
17132,2010-09-13 16:31:00.000000194,453,2,1220.9099999999999,1,3,4,134,Needs Attention
14430,2010-07-16 11:35:00.000000139,512,3,1220.9,1,3,3,133,Needs Attention
15004,2011-07-15 14:05:00.000000556,148,1,1220.77,3,1,3,313,Needs Attention
13243,2011-05-20 13:14:00.000000018,204,5,1220.38,2,4,3,243,At Risk
13299,2011-03-16 12:55:00.000000073,269,3,1218.7,2,3,3,233,Needs Attention
13304,2010-12-23 14:35:00.000000139,352,4,1217.99,2,3,3,233,Needs Attention
14698,2011-12-08 12:26:00.000000686,2,5,1217.27,5,4,3,543,Loyal Customers
15390,2010-11-08 15:19:00.000000575,397,2,1216.66,2,2,3,223,Hibernating
14512,2011-06-05 12:38:59.999999452,188,7,1215.97,3,4,3,343,Potential Loyalists
15661,2011-01-26 13:56:00.000000686,318,8,1215.95,2,4,3,243,At Risk
17410,2011-11-23 15:46:00.000000194,17,5,1214.72,5,4,3,543,Loyal Customers
13405,2011-09-26 17:00:59.999999777,75,6,1213.811,3,4,3,343,Potential Loyalists
18263,2011-11-14 09:00:00.000000000,26,3,1213.1599999999999,4,3,3,433,Loyal Customers
16872,2011-09-23 16:05:00.000000139,78,6,1213.13,3,4,3,343,Potential Loyalists
13918,2011-10-21 12:24:59.999999860,50,2,1212.8400000000001,4,2,3,423,Recent Customers
16653,2011-11-23 14:51:00.000000129,17,2,1212.66,5,2,3,523,Recent Customers
12464,2011-11-29 13:32:59.999999331,11,8,1212.05,5,4,3,543,Loyal Customers
15377,2010-11-22 08:54:59.999999647,383,4,1211.75,2,3,3,233,Needs Attention
14193,2011-10-03 09:34:00.000000361,68,3,1210.19,3,3,3,333,Potential Loyalists
17653,2011-11-03 12:46:00.000000194,37,4,1207.56,4,4,3,443,Loyal Customers
16830,2011-11-01 11:35:00.000000139,39,4,1207.5,4,4,3,443,Loyal Customers
18193,2011-06-27 13:57:59.999999814,166,3,1207.35,3,3,3,333,Potential Loyalists
16762,2011-11-20 11:42:59.999999814,20,3,1207.24,4,3,3,433,Loyal Customers
12742,2010-03-24 12:43:00.000000863,626,1,1201.52,1,1,3,113,Hibernating
17360,2011-11-22 13:11:00.000000686,18,6,1200.51,5,4,3,543,Loyal Customers
14446,2011-12-09 11:34:00.000000575,1,5,1200.28,5,4,3,543,Loyal Customers
15181,2011-10-04 13:57:59.999999814,67,5,1200.2,3,4,3,343,Potential Loyalists
15600,2010-10-07 14:29:59.999999164,429,4,1199.31,1,3,3,133,Needs Attention
17397,2011-11-17 14:07:59.999999888,23,3,1198.28,4,3,3,433,Loyal Customers
17713,2010-11-22 16:50:00.000000139,383,4,1198.09,2,4,3,243,At Risk
16307,2010-10-06 14:30:59.999999981,430,3,1194.92,1,3,3,133,Needs Attention
15145,2011-12-05 17:20:59.999999916,5,4,1194.73,5,3,3,533,Loyal Customers
13723,2011-05-06 17:04:00.000000361,218,6,1194.08,2,4,3,243,At Risk
14382,2011-11-13 16:17:59.999999536,27,2,1193.6299999999999,4,2,3,423,Recent Customers
14201,2011-10-10 13:27:00.000000046,61,10,1193.54,3,5,3,353,Potential Loyalists
12611,2011-10-18 13:12:00.000000250,53,1,1193.32,4,1,3,413,Recent Customers
13293,2010-11-12 13:28:00.000000863,393,6,1192.94,2,4,3,243,At Risk
13976,2011-05-17 09:13:00.000000027,207,4,1192.36,2,3,3,233,Needs Attention
14213,2010-10-31 10:37:00.000000111,405,1,1192.2,2,1,3,213,Hibernating
16501,2010-11-21 14:09:59.999999647,384,1,1191.23,2,1,3,213,Hibernating
13882,2011-12-07 11:16:00.000000194,3,5,1191.13,5,4,3,543,Loyal Customers
16471,2011-03-10 09:40:59.999999842,275,4,1189.98,2,4,3,243,At Risk
12462,2011-11-21 09:10:59.999999638,19,2,1189.59,5,2,3,523,Recent Customers
17239,2011-01-31 09:40:59.999999842,313,4,1189.45,2,4,3,243,At Risk
14275,2010-11-09 09:05:59.999999916,396,6,1189.3799999999999,2,4,3,243,At Risk
18057,2010-11-11 16:54:59.999999860,394,3,1188.46,2,3,3,233,Needs Attention
15573,2011-11-08 11:38:00.000000101,32,5,1188.42,4,4,3,443,Loyal Customers
18181,2011-11-15 15:08:00.000000306,25,5,1188.34,4,4,3,443,Loyal Customers
15737,2011-11-25 11:20:59.999999916,15,8,1188.1200000000001,5,4,3,543,Loyal Customers
17800,2011-11-02 12:56:59.999999832,38,9,1187.21,4,5,3,453,Loyal Customers
13388,2011-07-31 12:52:00.000000111,132,3,1185.65,3,3,3,333,Potential Loyalists
18060,2010-10-27 16:40:59.999999638,409,2,1185.46,2,3,3,233,Needs Attention
14206,2011-04-14 16:38:00.000000306,240,3,1185.01,2,3,3,233,Needs Attention
15259,2010-07-15 08:46:59.999999972,513,4,1182.3799999999999,1,3,3,133,Needs Attention
17021,2010-09-23 20:00:59.999999777,443,6,1182.22,1,4,3,143,At Risk
13526,2009-12-01 13:12:59.999999814,739,2,1182.0,1,2,3,123,Hibernating
13395,2011-06-07 15:04:00.000000157,186,3,1180.23,3,3,3,333,Potential Loyalists
18277,2011-10-12 15:21:59.999999898,59,5,1180.05,3,4,3,343,Potential Loyalists
17058,2011-09-19 10:12:59.999999814,82,3,1179.89,3,3,3,333,Potential Loyalists
16614,2011-06-10 11:35:59.999999703,183,3,1179.79,3,3,3,333,Potential Loyalists
16693,2011-10-02 11:09:59.999999647,69,5,1179.48,3,4,3,343,Potential Loyalists
13797,2010-09-29 10:34:00.000000157,437,3,1179.45,1,3,3,133,Needs Attention
16345,2011-10-26 16:02:59.999999749,45,2,1178.79,4,2,3,423,Recent Customers
18025,2010-11-25 12:36:59.999999693,380,6,1177.72,2,4,3,243,At Risk
17539,2010-04-01 12:07:00.000000111,618,4,1176.84,1,4,3,143,At Risk
13233,2011-09-26 13:24:59.999999647,75,4,1176.46,3,3,3,333,Potential Loyalists
15210,2011-04-28 16:11:00.000000686,226,3,1176.19,2,3,3,233,Needs Attention
14370,2010-09-15 10:53:00.000000101,451,6,1175.78,1,4,3,143,At Risk
15994,2011-10-16 12:27:59.999999814,55,3,1175.68,4,3,3,433,Loyal Customers
12885,2011-10-07 13:40:00.000000073,64,3,1175.22,3,3,3,333,Potential Loyalists
15068,2011-10-24 14:46:59.999999972,47,4,1174.8999999999999,4,3,3,433,Loyal Customers
12640,2011-11-16 11:51:59.999999693,24,3,1174.58,4,3,3,433,Loyal Customers
14126,2011-12-02 11:45:00.000000213,8,4,1172.46,5,3,3,533,Loyal Customers
12691,2011-11-11 16:49:00.000000575,29,7,1170.4,4,4,3,443,Loyal Customers
18071,2011-03-27 11:58:59.999999805,258,6,1169.68,2,4,3,243,At Risk
16926,2010-12-03 13:41:59.999999832,372,5,1169.6100000000001,2,4,3,243,At Risk
17373,2011-10-30 15:27:59.999999814,41,7,1167.5,4,4,3,443,Loyal Customers
13497,2011-03-02 09:04:00.000000157,283,6,1166.83,2,4,3,243,At Risk
17950,2011-09-28 15:17:59.999999749,73,7,1166.29,3,4,3,343,Potential Loyalists
17664,2011-11-21 11:29:00.000000853,19,4,1166.23,5,4,3,543,Loyal Customers
14693,2011-03-20 12:49:59.999999721,265,7,1165.36,2,4,3,243,At Risk
14261,2011-10-20 10:04:00.000000575,51,2,1163.45,4,2,3,423,Recent Customers
16800,2011-11-28 14:06:00.000000129,12,1,1162.65,5,2,3,523,Recent Customers
15347,2010-12-08 15:24:59.999999860,367,4,1162.0,2,3,3,233,Needs Attention
17525,2010-12-15 12:04:59.999999721,360,3,1161.9,2,3,3,233,Needs Attention
12546,2011-10-24 12:08:59.999999870,47,2,1161.5,4,2,3,423,Recent Customers
12972,2010-10-22 08:41:00.000000686,414,4,1161.2,1,3,3,133,Needs Attention
13897,2011-10-20 14:29:59.999999164,51,3,1160.72,4,3,3,433,Loyal Customers
13459,2010-03-25 10:23:59.999999452,625,2,1160.4099999999999,1,2,3,123,Hibernating
15088,2011-11-18 13:14:00.000000018,22,2,1160.07,4,2,3,423,Recent Customers
13601,2011-10-25 17:30:59.999999981,46,4,1159.99,4,3,3,433,Loyal Customers
17978,2010-12-09 14:05:00.000000556,366,4,1159.99,2,4,3,243,At Risk
16838,2011-05-26 13:12:59.999999814,198,4,1159.61,2,4,3,243,At Risk
13499,2011-11-22 11:20:59.999999916,18,5,1159.11,5,4,3,543,Loyal Customers
17513,2011-09-28 16:41:59.999999832,73,3,1158.8,3,3,3,333,Potential Loyalists
16184,2011-10-06 17:42:59.999999814,65,6,1158.79,3,4,3,343,Potential Loyalists
17169,2011-10-13 10:24:59.999999647,58,3,1156.73,4,3,3,433,Loyal Customers
14788,2011-12-02 17:06:00.000000129,8,3,1156.32,5,3,3,533,Loyal Customers
17127,2010-10-07 09:53:59.999999870,429,5,1155.0300000000002,1,4,3,143,At Risk
16637,2011-11-07 13:16:59.999999972,33,4,1154.47,4,4,3,443,Loyal Customers
13462,2011-04-01 11:19:59.999999721,253,5,1153.85,2,4,3,243,At Risk
14818,2011-09-27 11:00:59.999999777,74,6,1153.56,3,4,3,343,Potential Loyalists
17984,2011-07-17 15:59:00.000000853,146,5,1152.19,3,4,3,343,Potential Loyalists
14475,2011-09-29 10:45:59.999999981,72,4,1151.15,3,3,3,333,Potential Loyalists
12475,2011-10-17 10:09:59.999999860,54,2,1149.64,4,2,3,423,Recent Customers
12710,2011-09-04 12:00:00.000000000,97,3,1149.02,3,3,3,333,Potential Loyalists
14308,2010-06-08 16:47:59.999999749,550,2,1147.02,1,2,3,123,Hibernating
15038,2011-10-12 11:32:59.999999749,59,9,1146.53,4,5,3,453,Loyal Customers
16766,2011-03-11 15:21:59.999999898,274,2,1145.6,2,2,3,223,Hibernating
17477,2010-04-06 10:05:59.999999703,613,2,1144.3,1,3,3,133,Needs Attention
12769,2011-04-15 10:24:59.999999647,239,1,1143.6,2,1,3,213,Hibernating
17097,2011-12-07 17:05:00.000000556,3,9,1143.36,5,5,3,553,Loyal Customers
14585,2011-10-20 14:32:59.999999749,51,5,1143.27,4,4,3,443,Loyal Customers
17770,2011-05-25 12:34:00.000000361,199,5,1143.27,2,4,3,243,At Risk
17201,2011-10-17 11:54:59.999999647,54,4,1143.1,4,4,3,443,Loyal Customers
12439,2010-01-26 12:10:59.999999638,683,2,1142.88,1,2,3,123,Hibernating
17908,2010-12-01 11:45:00.000000213,374,5,1142.47,2,4,3,243,At Risk
13856,2011-06-24 10:02:59.999999749,169,11,1142.03,3,5,3,353,Potential Loyalists
16270,2010-12-21 14:25:59.999999638,354,1,1141.24,2,1,3,213,Hibernating
16521,2010-10-20 13:09:00.000000296,416,3,1140.11,1,3,3,133,Needs Attention
15586,2010-04-26 11:00:00.000000213,593,3,1139.1,1,3,3,133,Needs Attention
17500,2011-11-22 14:25:00.000000073,18,3,1138.0,5,3,3,533,Loyal Customers
15879,2010-10-31 16:21:00.000000129,405,4,1137.8,2,3,3,233,Needs Attention
17302,2011-11-25 09:36:00.000000129,15,5,1135.63,5,4,3,543,Loyal Customers
17866,2011-07-20 11:06:59.999999693,143,3,1134.95,3,3,3,333,Potential Loyalists
13109,2011-10-11 10:15:59.999999777,60,3,1134.03,3,3,3,333,Potential Loyalists
15022,2011-11-28 12:35:00.000000556,12,5,1133.44,5,4,3,543,Loyal Customers
16989,2011-12-02 16:38:59.999999870,8,6,1133.25,5,4,3,543,Loyal Customers
18125,2011-11-10 12:29:00.000000018,30,4,1131.75,4,4,3,443,Loyal Customers
15500,2011-12-01 13:47:00.000000185,9,4,1131.56,5,3,3,533,Loyal Customers
13393,2010-05-05 09:34:00.000000361,584,4,1131.45,1,3,3,133,Needs Attention
12616,2011-09-05 15:17:00.000000185,96,3,1131.1,3,3,3,333,Potential Loyalists
15695,2011-03-18 08:32:00.000000185,267,4,1131.04,2,3,3,233,Needs Attention
17622,2010-04-21 12:36:00.000000129,598,2,1130.21,1,3,3,133,Needs Attention
13447,2011-11-16 13:38:00.000000306,24,3,1129.14,4,3,3,433,Loyal Customers
13145,2011-10-31 12:45:00.000000000,40,7,1128.52,4,4,3,443,Loyal Customers
14450,2011-06-12 10:45:59.999999981,181,7,1128.44,3,4,3,343,Potential Loyalists
12373,2011-02-01 13:09:59.999999860,312,3,1127.65,2,3,3,233,Needs Attention
14671,2010-06-08 13:38:59.999999870,550,2,1127.45,1,2,3,123,Hibernating
15969,2011-12-07 11:06:00.000000129,3,5,1127.05,5,4,3,543,Loyal Customers
12503,2010-05-04 13:59:00.000000018,585,1,1126.0,1,1,3,113,Hibernating
13167,2011-11-21 12:24:00.000000296,19,5,1125.1499999999999,5,4,3,543,Loyal Customers
16306,2011-05-10 12:11:59.999999832,214,7,1124.72,2,4,3,243,At Risk
14479,2011-03-31 09:07:00.000000111,254,4,1124.71,2,3,3,233,Needs Attention
15882,2011-05-25 11:35:00.000000139,199,8,1124.66,2,4,3,243,At Risk
13778,2011-08-28 15:24:59.999999860,104,4,1124.49,3,3,3,333,Potential Loyalists
14917,2010-04-22 11:28:00.000000027,597,2,1123.75,1,2,3,123,Hibernating
17492,2011-04-05 15:20:59.999999703,249,3,1122.42,2,3,3,233,Needs Attention
13486,2011-09-22 13:12:59.999999814,79,3,1122.41,3,3,3,333,Potential Loyalists
17562,2011-11-25 14:20:59.999999916,15,7,1122.38,5,4,3,543,Loyal Customers
18218,2011-05-12 12:53:00.000000306,212,4,1121.84,2,4,3,243,At Risk
13368,2011-03-28 09:59:00.000000853,257,4,1121.5,2,3,3,233,Needs Attention
13589,2011-11-25 12:10:00.000000073,15,6,1120.74,5,4,3,543,Loyal Customers
16955,2011-06-08 10:35:59.999999916,185,6,1120.31,3,4,3,343,Potential Loyalists
17007,2011-10-20 10:47:00.000000185,51,7,1120.1,4,4,3,443,Loyal Customers
16354,2011-10-07 14:28:00.000000027,64,5,1119.46,3,4,3,343,Potential Loyalists
17423,2011-10-24 13:35:59.999999916,47,3,1118.95,4,3,3,433,Loyal Customers
16430,2011-10-13 14:46:59.999999972,58,7,1117.94,4,4,3,443,Loyal Customers
17788,2011-09-27 10:09:00.000000296,74,2,1117.9,3,3,3,333,Potential Loyalists
16278,2011-08-31 17:12:00.000000046,101,3,1117.84,3,3,3,333,Potential Loyalists
16769,2011-03-24 13:40:59.999999638,261,4,1117.05,2,4,3,243,At Risk
14080,2011-11-07 11:08:59.999999452,33,5,1115.68,4,4,3,443,Loyal Customers
13509,2011-12-01 10:09:59.999999860,9,8,1114.72,5,4,3,543,Loyal Customers
14672,2011-04-19 10:19:00.000000361,235,4,1113.14,2,3,3,233,Needs Attention
12679,2011-10-12 12:30:00.000000213,59,4,1113.02,4,3,3,433,Loyal Customers
12648,2011-07-08 11:54:59.999999647,155,4,1112.0,3,3,3,333,Potential Loyalists
16139,2011-11-21 08:36:59.999999898,19,5,1111.15,5,4,3,543,Loyal Customers
16702,2010-10-20 14:09:59.999999647,416,4,1110.83,1,4,3,143,At Risk
15069,2011-06-13 14:16:00.000000194,180,1,1109.53,3,1,3,313,Needs Attention
15559,2010-05-20 14:06:00.000000129,569,1,1109.4,1,1,3,113,Hibernating
15828,2010-11-29 16:40:59.999999638,376,1,1108.82,2,1,3,213,Hibernating
15933,2011-11-18 13:14:00.000000018,22,3,1107.46,4,3,3,433,Loyal Customers
14375,2011-06-07 13:44:00.000000853,186,3,1106.82,3,3,3,333,Potential Loyalists
14891,2011-07-14 18:08:00.000000306,149,4,1106.73,3,3,3,333,Potential Loyalists
14102,2011-12-04 15:37:59.999999888,6,5,1105.8799999999999,5,4,3,543,Loyal Customers
12434,2011-09-16 12:37:59.999999888,85,3,1103.43,3,3,3,333,Potential Loyalists
16895,2011-10-06 12:14:59.999999164,65,5,1102.9,3,4,3,343,Potential Loyalists
13295,2010-12-15 11:20:59.999999916,360,4,1101.97,2,3,3,233,Needs Attention
14948,2011-11-16 17:16:00.000000194,24,6,1101.97,4,4,3,443,Loyal Customers
15574,2011-06-15 12:01:00.000000194,178,6,1101.44,3,4,3,343,Potential Loyalists
12785,2010-12-10 13:47:59.999999749,365,3,1100.4,2,3,3,233,Needs Attention
16014,2011-11-02 12:04:00.000000157,38,5,1100.28,4,4,3,443,Loyal Customers
14009,2011-05-25 15:46:59.999999759,199,3,1099.91,2,3,3,233,Needs Attention
17137,2010-10-19 14:51:00.000000129,417,6,1099.81,1,4,3,143,At Risk
12421,2011-11-24 09:07:00.000000111,16,6,1098.6,5,4,3,543,Loyal Customers
14971,2011-11-04 17:06:59.999999693,36,3,1097.98,4,3,3,433,Loyal Customers
13835,2011-11-14 15:36:59.999999693,26,7,1095.27,4,4,3,443,Loyal Customers
17703,2011-11-04 15:50:59.999999916,36,4,1094.84,4,4,3,443,Loyal Customers
15745,2011-11-20 13:44:59.999999164,20,4,1094.59,4,3,3,433,Loyal Customers
14460,2011-08-21 14:19:00.000000157,111,9,1093.5,3,5,3,353,Potential Loyalists
12803,2010-11-11 14:57:00.000000046,394,1,1092.81,2,1,3,213,Hibernating
17726,2010-11-09 13:37:00.000000111,396,7,1092.06,2,4,3,243,At Risk
14199,2011-05-05 13:44:00.000000853,219,4,1091.7,2,3,3,233,Needs Attention
16805,2011-06-19 11:23:00.000000306,174,5,1091.34,3,4,3,343,Potential Loyalists
16211,2011-09-12 12:10:59.999999638,89,3,1090.59,3,3,3,333,Potential Loyalists
13853,2011-10-13 14:17:59.999999331,58,1,1090.14,4,1,3,413,Recent Customers
12534,2011-08-01 10:25:59.999999842,131,1,1089.18,3,1,3,313,Needs Attention
15254,2011-08-04 15:04:00.000000157,128,3,1088.35,3,3,3,333,Potential Loyalists
16188,2011-10-26 12:19:00.000000575,45,5,1087.66,4,4,3,443,Loyal Customers
16223,2010-11-30 11:50:00.000000556,375,2,1087.05,2,2,3,223,Hibernating
15763,2011-11-08 09:43:59.999999805,32,2,1086.92,4,2,3,423,Recent Customers
14139,2011-10-24 13:34:00.000000157,47,4,1086.8,4,3,3,433,Loyal Customers
13546,2011-11-27 14:50:00.000000556,13,5,1086.24,5,4,3,543,Loyal Customers
16298,2011-11-17 11:58:59.999999805,23,7,1085.7,4,4,3,443,Loyal Customers
14013,2011-08-21 15:01:00.000000194,111,5,1084.57,3,4,3,343,Potential Loyalists
16533,2011-11-20 13:08:00.000000101,20,3,1082.81,4,3,3,433,Loyal Customers
14805,2011-11-24 16:20:00.000000556,16,7,1082.55,5,4,3,543,Loyal Customers
14083,2011-12-05 13:14:00.000000018,5,11,1082.19,5,5,3,553,Loyal Customers
14561,2011-09-25 12:38:59.999999452,76,3,1080.76,3,3,3,333,Potential Loyalists
13744,2011-09-05 15:19:00.000000575,96,2,1080.52,3,2,3,323,Needs Attention
14343,2010-10-14 13:05:00.000000139,422,4,1079.66,1,3,3,133,Needs Attention
13726,2011-11-01 10:49:00.000000575,39,2,1079.6599999999999,4,2,3,423,Recent Customers
12354,2011-04-21 13:11:00.000000686,233,1,1079.4,2,1,3,213,Hibernating
13567,2010-10-07 12:50:59.999999916,429,4,1079.29,1,3,3,133,Needs Attention
15546,2010-04-12 11:51:00.000000129,607,2,1079.1000000000001,1,2,3,123,Hibernating
14352,2011-07-05 15:40:59.999999842,158,4,1078.96,3,3,3,333,Potential Loyalists
13656,2011-06-28 10:31:00.000000194,165,4,1078.85,3,3,3,333,Potential Loyalists
16183,2011-10-03 14:58:59.999999805,68,4,1077.81,3,4,3,343,Potential Loyalists
16642,2011-12-05 11:30:59.999999981,5,3,1077.45,5,3,3,533,Loyal Customers
17366,2010-10-03 16:04:00.000000575,433,2,1077.24,1,3,3,133,Needs Attention
16071,2011-10-26 11:13:59.999999805,45,4,1076.8,4,4,3,443,Loyal Customers
13607,2011-10-30 16:16:59.999999972,41,2,1075.81,4,2,3,423,Recent Customers
15912,2011-06-14 14:29:00.000000853,179,9,1074.7,3,5,3,353,Potential Loyalists
16231,2010-11-25 15:00:00.000000000,380,4,1074.47,2,4,3,243,At Risk
13727,2011-11-11 09:46:00.000000194,29,8,1074.15,4,4,3,443,Loyal Customers
15238,2011-11-10 14:28:00.000000027,30,3,1071.99,4,3,3,433,Loyal Customers
13467,2011-11-29 10:00:59.999999981,11,2,1071.91,5,2,3,523,Recent Customers
12801,2010-07-27 09:37:59.999999888,501,1,1071.82,1,1,3,113,Hibernating
13521,2011-12-08 13:50:00.000000139,2,3,1071.73,5,3,3,533,Loyal Customers
16593,2011-10-20 12:40:59.999999842,51,8,1071.1399999999999,4,5,3,453,Loyal Customers
14484,2011-10-20 14:10:59.999999842,51,4,1070.98,4,3,3,433,Loyal Customers
16884,2011-11-02 11:51:59.999999693,38,4,1070.97,4,4,3,443,Loyal Customers
17522,2011-12-08 12:30:59.999999777,2,5,1070.71,5,4,3,543,Loyal Customers
12728,2011-09-29 15:30:59.999999777,72,5,1070.17,3,4,3,343,Potential Loyalists
17871,2011-05-19 11:32:00.000000185,205,5,1068.95,2,4,3,243,At Risk
17854,2011-06-07 16:21:00.000000129,186,6,1068.5,3,4,3,343,Potential Loyalists
16386,2011-11-11 12:27:59.999999814,29,3,1068.16,4,3,3,433,Loyal Customers
15436,2011-11-27 16:05:00.000000139,13,3,1067.75,5,3,3,533,Loyal Customers
15626,2011-09-26 10:02:59.999999749,75,3,1067.52,3,3,3,333,Potential Loyalists
17277,2011-04-26 12:46:59.999999759,228,2,1065.3500000000001,2,3,3,233,Needs Attention
15639,2011-07-28 14:29:59.999999164,135,3,1065.08,3,3,3,333,Potential Loyalists
13959,2011-09-21 15:05:59.999999916,80,6,1064.77,3,4,3,343,Potential Loyalists
14488,2011-10-03 09:30:00.000000213,68,1,1064.28,3,1,3,313,Needs Attention
14966,2011-11-25 12:20:00.000000139,15,6,1064.26,5,4,3,543,Loyal Customers
15801,2011-10-24 13:51:59.999999898,47,3,1063.95,4,3,3,433,Loyal Customers
12936,2011-11-22 17:32:00.000000185,18,4,1063.9,5,3,3,533,Loyal Customers
17849,2011-05-05 13:45:59.999999981,219,8,1063.76,2,5,3,253,At Risk
12815,2011-07-15 10:21:00.000000129,148,2,1063.46,3,2,3,323,Needs Attention
14411,2011-02-02 10:56:00.000000686,311,1,1063.0,2,1,3,213,Hibernating
15706,2011-10-07 10:09:00.000000296,64,4,1060.56,3,3,3,333,Potential Loyalists
17727,2011-11-24 17:06:00.000000129,16,1,1060.25,5,2,3,523,Recent Customers
17421,2010-11-18 16:57:00.000000250,387,3,1059.41,2,3,3,233,Needs Attention
18130,2011-11-24 14:39:59.999999860,16,3,1059.3899999999999,5,3,3,533,Loyal Customers
17214,2011-10-10 13:16:59.999999972,61,6,1059.1200000000001,3,4,3,343,Potential Loyalists
14734,2010-10-10 12:04:00.000000157,426,4,1056.42,1,3,3,133,Needs Attention
15645,2011-11-21 11:54:59.999999647,19,3,1055.17,5,3,3,533,Loyal Customers
13065,2010-12-01 16:51:59.999999898,374,5,1055.05,2,4,3,243,At Risk
13140,2011-08-23 15:32:59.999999536,109,5,1054.92,3,4,3,343,Potential Loyalists
15977,2011-11-22 13:28:59.999999805,18,2,1054.73,5,2,3,523,Recent Customers
12716,2011-12-06 08:54:59.999999647,4,2,1053.49,5,2,3,523,Recent Customers
12580,2011-04-07 10:23:59.999999452,247,2,1052.9,2,2,3,223,Hibernating
15886,2011-10-10 14:25:00.000000073,61,4,1052.8700000000001,3,3,3,333,Potential Loyalists
15855,2011-07-26 10:20:00.000000556,137,6,1052.72,3,4,3,343,Potential Loyalists
16391,2010-11-04 12:27:00.000000250,401,4,1052.26,2,4,3,243,At Risk
14947,2011-09-28 15:47:59.999999331,73,6,1049.79,3,4,3,343,Potential Loyalists
13775,2010-04-28 12:14:59.999999164,591,1,1049.66,1,1,3,113,Hibernating
17934,2011-10-19 11:16:00.000000194,52,3,1049.15,4,3,3,433,Loyal Customers
15026,2011-09-20 13:51:59.999999898,81,5,1048.8899999999999,3,4,3,343,Potential Loyalists
15839,2011-11-06 13:54:00.000000296,34,3,1048.49,4,3,3,433,Loyal Customers
16728,2011-10-24 14:35:59.999999703,47,4,1048.28,4,4,3,443,Loyal Customers
17578,2011-05-05 18:37:59.999999888,219,7,1047.33,2,4,3,243,At Risk
17474,2010-04-19 10:43:00.000000027,600,1,1047.0,1,2,3,123,Hibernating
15407,2011-11-06 11:54:59.999999647,34,4,1046.74,4,3,3,433,Loyal Customers
15091,2011-10-03 12:46:59.999999759,68,3,1046.6100000000001,3,3,3,333,Potential Loyalists
17555,2011-11-20 12:21:59.999999898,20,5,1045.74,4,4,3,443,Loyal Customers
14108,2011-11-09 10:40:59.999999638,31,4,1044.96,4,3,3,433,Loyal Customers
15464,2011-01-05 15:55:59.999999638,339,1,1044.65,2,1,3,213,Hibernating
15535,2011-06-19 16:02:00.000000185,174,6,1044.3700000000001,3,4,3,343,Potential Loyalists
13359,2011-10-07 09:30:00.000000213,64,2,1043.31,3,2,3,323,Needs Attention
16903,2011-11-10 15:31:59.999999972,30,3,1041.75,4,3,3,433,Loyal Customers
16991,2010-10-14 14:07:59.999999888,422,1,1041.21,1,2,3,123,Hibernating
16261,2011-11-22 17:23:00.000000306,18,6,1041.16,5,4,3,543,Loyal Customers
13613,2010-09-13 12:01:00.000000194,453,5,1039.8500000000001,1,4,3,143,At Risk
13873,2011-08-12 10:08:00.000000101,120,8,1038.92,3,4,3,343,Potential Loyalists
12486,2010-10-04 12:14:00.000000853,432,1,1037.28,1,1,3,113,Hibernating
17042,2011-12-07 12:26:00.000000686,3,5,1036.58,5,4,3,543,Loyal Customers
14902,2011-11-14 10:34:00.000000157,26,3,1035.6200000000001,4,3,3,433,Loyal Customers
17926,2011-07-29 14:39:00.000000296,134,5,1035.49,3,4,3,343,Potential Loyalists
16260,2011-10-20 09:39:59.999999647,51,1,1035.45,4,1,3,413,Recent Customers
12811,2011-03-24 09:42:00.000000046,261,5,1033.9,2,4,3,243,At Risk
17724,2011-09-29 15:26:00.000000686,72,3,1033.0,3,3,3,333,Potential Loyalists
14248,2011-01-25 14:45:00.000000213,319,3,1032.95,2,3,3,233,Needs Attention
13000,2011-08-25 10:43:00.000000027,107,4,1032.5,3,3,3,333,Potential Loyalists
17405,2011-12-08 17:12:00.000000046,2,3,1031.41,5,3,3,533,Loyal Customers
13235,2011-05-11 17:13:00.000000863,213,1,1031.07,2,1,3,213,Hibernating
16198,2011-09-25 14:58:00.000000863,76,2,1030.0410000000002,3,2,3,323,Needs Attention
16418,2011-10-26 12:38:59.999999452,45,5,1028.74,4,4,3,443,Loyal Customers
15333,2011-05-15 13:27:00.000000046,209,1,1028.56,2,1,3,213,Hibernating
16682,2011-12-05 12:13:00.000000027,5,5,1028.0,5,4,3,543,Loyal Customers
16227,2011-04-28 13:32:59.999999331,226,3,1027.22,2,3,3,233,Needs Attention
15887,2010-10-29 08:35:59.999999703,407,3,1027.15,2,3,3,233,Needs Attention
15003,2010-08-23 15:43:59.999999805,474,6,1027.03,1,4,3,143,At Risk
17749,2011-06-14 15:45:00.000000000,179,3,1026.18,3,3,3,333,Potential Loyalists
16160,2011-10-05 14:19:00.000000157,66,2,1025.44,3,2,3,323,Needs Attention
13602,2011-10-06 11:46:59.999999972,65,4,1025.17,3,3,3,333,Potential Loyalists
17310,2010-11-17 15:59:59.999999164,388,2,1025.1,2,3,3,233,Needs Attention
14204,2011-12-07 13:38:00.000000306,3,4,1024.83,5,3,3,533,Loyal Customers
17362,2011-04-14 14:42:59.999999814,240,7,1024.04,2,4,3,243,At Risk
16568,2010-10-08 10:54:00.000000296,428,2,1020.9000000000001,1,2,3,123,Hibernating
12572,2011-12-01 09:20:00.000000139,9,2,1020.42,5,2,3,523,Recent Customers
13376,2011-09-01 16:15:59.999999777,100,3,1019.76,3,3,3,333,Potential Loyalists
18142,2011-07-05 13:19:00.000000361,158,2,1019.52,3,3,3,333,Potential Loyalists
18074,2010-12-01 09:53:00.000000306,374,2,1019.44,2,3,3,233,Needs Attention
12403,2011-10-21 10:50:59.999999703,50,2,1019.36,4,2,3,423,Recent Customers
13956,2011-12-04 13:20:00.000000556,6,5,1019.27,5,4,3,543,Loyal Customers
16441,2011-10-03 17:47:59.999999536,68,5,1019.13,3,4,3,343,Potential Loyalists
12828,2011-12-07 08:45:00.000000213,3,6,1018.71,5,4,3,543,Loyal Customers
16284,2011-11-08 16:12:00.000000250,32,3,1018.48,4,3,3,433,Loyal Customers
12905,2010-05-12 10:05:00.000000139,577,2,1018.42,1,2,3,123,Hibernating
16787,2010-11-07 11:00:59.999999777,398,4,1017.53,2,4,3,243,At Risk
15970,2011-02-09 12:08:00.000000306,304,2,1017.32,2,2,3,223,Hibernating
12652,2011-01-12 15:00:00.000000000,332,2,1017.03,2,2,3,223,Hibernating
13641,2010-03-09 07:37:00.000000111,641,5,1016.47,1,4,3,143,At Risk
13333,2010-10-24 13:23:59.999999452,412,3,1015.74,1,3,3,133,Needs Attention
14675,2011-11-23 12:58:00.000000027,17,2,1015.58,5,2,3,523,Recent Customers
16623,2011-04-08 10:09:00.000000296,246,4,1015.24,2,4,3,243,At Risk
12410,2011-02-04 10:38:59.999999870,309,3,1013.71,2,3,3,233,Needs Attention
13466,2011-06-08 16:38:59.999999870,185,5,1013.35,3,4,3,343,Potential Loyalists
12642,2011-11-14 15:02:59.999999331,26,3,1013.26,4,3,3,433,Loyal Customers
15951,2011-12-01 08:34:00.000000575,9,3,1013.17,5,3,3,533,Loyal Customers
16451,2011-09-13 09:17:00.000000185,88,3,1013.15,3,3,3,333,Potential Loyalists
17197,2011-11-10 10:31:59.999999759,30,1,1013.01,4,2,3,423,Recent Customers
17980,2011-06-27 12:01:00.000000194,166,4,1012.72,3,4,3,343,Potential Loyalists
14775,2011-10-12 15:27:00.000000250,59,3,1011.9,4,3,3,433,Loyal Customers
13039,2010-05-04 16:44:59.999999164,585,4,1010.73,1,3,3,133,Needs Attention
16572,2011-08-04 16:34:00.000000157,128,3,1009.6,3,3,3,333,Potential Loyalists
13258,2011-11-28 09:30:59.999999777,12,5,1009.43,5,4,3,543,Loyal Customers
16287,2011-06-23 09:08:00.000000306,170,5,1006.98,3,4,3,343,Potential Loyalists
13429,2011-11-29 09:10:00.000000073,11,4,1006.8,5,3,3,533,Loyal Customers
15850,2011-11-20 14:13:59.999999805,20,6,1006.75,4,4,3,443,Loyal Customers
13238,2011-11-22 15:36:59.999999693,18,6,1006.63,5,4,3,543,Loyal Customers
15771,2010-04-14 13:56:00.000000686,605,3,1006.54,1,3,3,133,Needs Attention
12703,2011-09-29 17:51:59.999999693,72,4,1006.53,3,3,3,333,Potential Loyalists
13427,2011-11-20 13:02:00.000000185,20,6,1006.53,5,4,3,543,Loyal Customers
13549,2011-11-14 09:20:00.000000139,26,8,1005.8,4,4,3,443,Loyal Customers
13867,2011-11-08 15:47:59.999999331,32,3,1005.09,4,3,3,433,Loyal Customers
14214,2011-11-09 10:31:00.000000194,31,5,1004.38,4,4,3,443,Loyal Customers
18160,2011-10-13 15:49:59.999999721,58,3,1003.88,4,3,3,433,Loyal Customers
16435,2010-07-15 18:21:59.999999898,513,3,1003.0699999999999,1,3,3,133,Needs Attention
12446,2011-10-13 12:49:59.999999721,58,1,1002.3100000000001,4,1,3,413,Recent Customers
13857,2010-11-11 12:53:59.999999870,394,6,1001.01,2,4,3,243,At Risk
14255,2010-06-11 15:53:59.999999870,547,1,1000.63,1,1,3,113,Hibernating
12545,2011-09-25 13:38:59.999999870,76,2,1000.39,3,2,3,323,Needs Attention
15508,2011-06-03 15:43:00.000000863,190,6,1000.27,2,4,3,243,At Risk
18143,2011-08-15 12:07:00.000000111,117,2,1000.16,3,3,3,333,Potential Loyalists
13005,2011-06-19 10:53:00.000000101,174,4,999.68,3,3,3,333,Potential Loyalists
12413,2011-10-04 09:00:00.000000000,67,4,999.45,3,3,3,333,Potential Loyalists
17205,2011-10-17 12:46:00.000000194,54,3,999.35,4,3,3,433,Loyal Customers
17329,2011-11-25 14:23:59.999999870,15,5,998.53,5,4,3,543,Loyal Customers
17631,2011-12-08 09:46:59.999999759,2,7,998.49,5,4,3,543,Loyal Customers
12722,2011-09-15 14:50:00.000000556,86,4,997.63,3,3,3,333,Potential Loyalists
13965,2010-08-20 10:40:00.000000073,477,3,996.61,1,3,3,133,Needs Attention
16699,2010-11-24 14:38:00.000000101,381,7,994.6,2,4,3,243,At Risk
13292,2011-11-01 10:04:00.000000575,39,5,994.51,4,4,3,443,Loyal Customers
17237,2011-11-28 15:01:59.999999759,12,4,994.13,5,4,3,543,Loyal Customers
15104,2011-05-27 12:29:00.000000018,197,2,993.54,2,2,3,223,Hibernating
17299,2011-11-28 12:01:00.000000194,12,6,993.23,5,4,3,543,Loyal Customers
14223,2011-09-08 13:38:00.000000306,93,3,991.13,3,3,3,333,Potential Loyalists
13559,2010-07-15 09:52:00.000000111,513,2,990.0,1,2,3,123,Hibernating
13245,2011-10-20 11:39:59.999999860,51,2,989.22,4,2,3,423,Recent Customers
17883,2011-12-06 17:49:00.000000361,4,7,988.42,5,4,3,543,Loyal Customers
15176,2010-02-10 10:35:59.999999916,668,1,988.04,1,1,3,113,Hibernating
16130,2010-10-13 15:14:00.000000853,423,4,987.48,1,4,3,143,At Risk
18237,2011-12-07 12:49:00.000000157,3,5,987.1,5,4,3,543,Loyal Customers
13439,2011-03-29 14:19:59.999999721,256,3,986.61,2,3,3,233,Needs Attention
12862,2010-10-10 11:46:59.999999972,426,2,984.62,1,2,3,123,Hibernating
17144,2011-12-08 17:57:00.000000046,2,2,984.57,5,3,3,533,Loyal Customers
15109,2011-04-08 09:58:00.000000027,246,3,983.1,2,3,3,233,Needs Attention
12541,2011-11-10 10:40:00.000000073,30,3,981.18,4,3,3,433,Loyal Customers
12543,2010-09-17 15:50:59.999999916,449,1,980.25,1,1,3,113,Hibernating
14510,2010-11-29 12:46:00.000000194,376,3,979.85,2,3,3,233,Needs Attention
14230,2010-09-30 09:07:00.000000111,436,3,979.8000000000001,1,3,3,133,Needs Attention
15025,2011-11-06 15:20:00.000000139,34,2,979.79,4,2,3,423,Recent Customers
17369,2010-09-10 09:49:00.000000157,456,1,979.1999999999999,1,2,3,123,Hibernating
13350,2011-11-23 16:32:59.999999331,17,2,979.12,5,2,3,523,Recent Customers
14157,2011-11-20 11:32:00.000000185,20,5,978.69,5,4,3,543,Loyal Customers
15132,2011-11-21 17:09:59.999999647,19,5,977.9300000000001,5,4,3,543,Loyal Customers
14454,2010-11-28 13:25:59.999999842,377,5,977.3,2,4,3,243,At Risk
17123,2011-07-01 10:47:00.000000185,162,3,977.17,3,3,3,333,Potential Loyalists
17221,2011-12-02 13:34:59.999999721,8,5,976.62,5,4,3,543,Loyal Customers
15247,2011-08-09 12:52:00.000000111,123,3,976.06,3,3,3,333,Potential Loyalists
15406,2011-11-08 13:21:59.999999693,32,4,975.87,4,3,3,433,Loyal Customers
17456,2010-12-09 15:23:00.000000101,366,2,975.5600000000001,2,3,3,233,Needs Attention
12915,2011-07-14 11:34:00.000000575,149,4,975.1,3,3,3,333,Potential Loyalists
16376,2011-12-01 11:38:00.000000101,9,2,974.96,5,2,3,523,Recent Customers
15449,2011-11-13 15:01:59.999999759,27,3,974.52,4,3,3,433,Loyal Customers
12994,2011-12-05 15:43:00.000000863,5,3,974.42,5,3,3,533,Loyal Customers
17958,2011-08-15 12:19:00.000000575,117,2,973.88,3,3,3,333,Potential Loyalists
12525,2010-07-29 16:08:00.000000101,499,3,973.73,1,3,3,133,Needs Attention
16009,2011-11-17 16:50:59.999999703,23,4,972.11,4,4,3,443,Loyal Customers
16535,2011-12-04 15:17:59.999999749,6,3,972.04,5,3,3,533,Loyal Customers
14350,2011-03-10 14:13:59.999999805,275,3,972.03,2,3,3,233,Needs Attention
17100,2011-11-21 16:35:59.999999916,19,2,971.74,5,3,3,533,Loyal Customers
14953,2011-11-14 14:58:59.999999805,26,4,971.32,4,3,3,433,Loyal Customers
15208,2011-12-08 17:23:59.999999870,2,6,970.52,5,4,3,543,Loyal Customers
18006,2011-11-16 16:51:59.999999898,24,4,969.51,4,4,3,443,Loyal Customers
13223,2011-05-23 13:02:59.999999749,201,6,969.1200000000001,2,4,3,243,At Risk
16254,2010-11-26 13:21:59.999999693,379,3,967.44,2,3,3,233,Needs Attention
13204,2009-12-08 14:55:59.999999842,732,1,966.6600000000001,1,1,3,113,Hibernating
14138,2011-12-08 12:43:59.999999805,2,2,965.8800000000001,5,2,3,523,Recent Customers
17987,2011-06-07 14:22:00.000000111,186,5,965.4399999999999,3,4,3,343,Potential Loyalists
15084,2010-11-25 11:58:00.000000863,380,2,965.1999999999999,2,2,3,223,Hibernating
12550,2011-09-21 14:35:00.000000139,80,1,964.83,3,1,3,313,Needs Attention
16763,2011-05-25 11:51:59.999999693,199,2,964.6999999999999,2,2,3,223,Hibernating
15028,2011-12-01 14:06:00.000000129,9,6,962.9399999999999,5,4,3,543,Loyal Customers
15268,2010-08-18 10:32:59.999999331,479,3,961.9000000000001,1,3,3,133,Needs Attention
15156,2011-12-08 18:21:59.999999898,2,3,961.49,5,3,3,533,Loyal Customers
16518,2011-10-09 15:04:00.000000157,62,4,959.37,3,4,3,343,Potential Loyalists
12588,2011-10-31 15:01:00.000000194,40,4,958.78,4,3,3,433,Loyal Customers
18192,2011-09-29 09:53:00.000000306,72,1,957.97,3,2,3,323,Needs Attention
12697,2011-11-11 08:46:59.999999972,29,3,957.59,4,3,3,433,Loyal Customers
17080,2011-11-17 12:59:00.000000853,23,7,957.53,4,4,3,443,Loyal Customers
12675,2010-06-04 09:49:00.000000157,554,2,957.25,1,2,3,123,Hibernating
17172,2011-09-22 09:36:00.000000129,79,3,956.5699999999999,3,3,3,333,Potential Loyalists
16141,2011-09-12 13:11:00.000000686,89,2,955.94,3,2,3,323,Needs Attention
12990,2011-11-08 13:00:59.999999981,32,7,955.5,4,4,3,443,Loyal Customers
14629,2011-12-05 16:54:59.999999860,5,2,955.26,5,2,3,523,Recent Customers
16947,2011-04-18 09:37:59.999999888,236,5,955.21,2,4,3,243,At Risk
12505,2010-10-27 09:17:59.999999749,409,1,955.2,2,1,3,213,Hibernating
15430,2010-08-29 10:41:59.999999832,468,2,954.75,1,2,3,123,Hibernating
17298,2011-08-30 16:43:00.000000027,102,5,954.26,3,4,3,343,Potential Loyalists
15835,2011-10-26 15:46:59.999999759,45,4,954.09,4,3,3,433,Loyal Customers
17189,2011-08-25 19:38:59.999999870,107,5,953.63,3,4,3,343,Potential Loyalists
17420,2011-10-20 14:51:59.999999693,51,6,953.58,4,4,3,443,Loyal Customers
12414,2011-05-06 14:51:00.000000129,218,6,952.41,2,4,3,243,At Risk
14615,2010-11-10 13:35:59.999999916,395,5,951.76,2,4,3,243,At Risk
17955,2011-05-25 12:00:00.000000000,199,6,949.9,2,4,3,243,At Risk
12767,2010-11-29 09:37:59.999999888,376,1,949.82,2,1,3,213,Hibernating
17081,2011-11-14 12:55:59.999999638,26,6,949.39,4,4,3,443,Loyal Customers
13046,2011-11-09 08:35:59.999999703,31,3,949.25,4,3,3,433,Loyal Customers
13636,2011-11-03 10:30:00.000000000,37,5,949.12,4,4,3,443,Loyal Customers
15177,2010-10-10 12:47:59.999999331,426,1,948.93,1,1,3,113,Hibernating
12822,2011-09-30 10:04:00.000000575,71,2,948.88,3,2,3,323,Needs Attention
12874,2010-11-19 15:23:00.000000101,386,2,948.42,2,2,3,223,Hibernating
12355,2011-05-09 13:49:00.000000575,215,2,947.61,2,2,3,223,Hibernating
17516,2011-11-24 16:50:59.999999703,16,6,947.5,5,4,3,543,Loyal Customers
16136,2011-10-11 09:10:00.000000073,60,4,946.8,3,4,3,343,Potential Loyalists
14994,2010-11-22 12:59:00.000000853,383,5,946.72,2,4,3,243,At Risk
16861,2011-10-11 09:04:59.999999721,60,5,946.59,3,4,3,343,Potential Loyalists
17356,2011-02-01 11:06:59.999999693,312,5,946.47,2,4,3,243,At Risk
16146,2011-07-05 14:19:59.999999721,158,4,946.38,3,4,3,343,Potential Loyalists
18217,2011-11-10 13:17:59.999999536,30,4,945.04,4,4,3,443,Loyal Customers
17544,2010-11-14 15:08:00.000000306,391,3,944.82,2,3,3,233,Needs Attention
13261,2011-03-16 12:21:59.999999898,269,2,944.1,2,2,3,223,Hibernating
16203,2011-10-12 12:30:59.999999777,59,6,943.84,4,4,3,443,Loyal Customers
16199,2010-11-12 12:55:00.000000073,393,7,942.75,2,4,3,243,At Risk
17604,2011-05-06 13:43:00.000000027,218,6,942.38,2,4,3,243,At Risk
15385,2011-10-30 15:10:59.999999638,41,3,942.08,4,3,3,433,Loyal Customers
14958,2011-07-15 14:19:59.999999721,148,6,941.99,3,4,3,343,Potential Loyalists
14326,2011-04-11 15:04:00.000000157,243,3,940.98,2,3,3,233,Needs Attention
13416,2011-10-27 08:55:59.999999842,44,3,940.8000000000001,4,3,3,433,Loyal Customers
13936,2011-06-13 08:46:59.999999972,180,3,939.66,3,3,3,333,Potential Loyalists
16109,2011-05-05 09:17:00.000000185,219,3,939.48,2,3,3,233,Needs Attention
17527,2011-10-17 12:31:59.999999972,54,4,939.37,4,4,3,443,Loyal Customers
17020,2010-06-15 13:05:59.999999703,543,2,935.62,1,3,3,133,Needs Attention
14140,2011-12-06 09:04:59.999999721,4,2,935.05,5,2,3,523,Recent Customers
15792,2010-11-05 08:20:59.999999916,400,2,933.84,2,2,3,223,Hibernating
15787,2011-11-13 14:54:59.999999647,27,3,933.26,4,3,3,433,Loyal Customers
16661,2010-06-17 15:24:00.000000296,541,4,932.76,1,4,3,143,At Risk
18154,2011-12-06 16:40:59.999999638,4,5,932.6,5,4,3,543,Loyal Customers
18133,2011-05-11 14:13:59.999999805,213,1,931.4999999999999,2,2,3,223,Hibernating
12396,2010-02-03 13:21:59.999999693,675,1,931.43,1,1,3,113,Hibernating
13465,2010-09-19 15:13:00.000000027,447,2,931.12,1,2,3,123,Hibernating
14924,2011-04-08 09:24:59.999999860,246,3,931.01,2,3,3,233,Needs Attention
15723,2010-12-10 11:12:00.000000046,365,4,930.7,2,3,3,233,Needs Attention
14338,2011-07-01 14:07:59.999999888,162,3,928.1,3,3,3,333,Potential Loyalists
13288,2010-09-22 16:31:59.999999759,444,5,927.61,1,4,3,143,At Risk
15243,2011-09-26 14:12:00.000000046,75,2,927.28,3,2,3,323,Needs Attention
17805,2011-09-27 11:49:00.000000361,74,2,927.03,3,3,3,333,Potential Loyalists
16975,2010-10-12 17:52:59.999999888,424,3,926.12,1,3,3,133,Needs Attention
12745,2010-08-10 10:14:00.000000018,487,3,925.41,1,3,3,133,Needs Attention
13805,2011-10-18 14:50:00.000000556,53,2,924.5999999999999,4,2,3,423,Recent Customers
14128,2011-10-10 12:00:00.000000000,61,3,924.21,3,3,3,333,Potential Loyalists
18001,2011-11-27 16:02:00.000000185,13,6,924.14,5,4,3,543,Loyal Customers
16643,2011-04-08 08:23:59.999999870,246,2,923.11,2,2,3,223,Hibernating
17322,2010-11-28 14:41:00.000000686,377,5,922.59,2,4,3,243,At Risk
15654,2011-11-30 13:08:00.000000101,10,2,922.53,5,2,3,523,Recent Customers
13122,2011-09-06 15:53:00.000000306,95,2,922.39,3,2,3,323,Needs Attention
17472,2011-06-01 14:57:00.000000046,192,4,922.35,2,4,3,243,At Risk
16362,2011-11-07 13:00:59.999999981,33,6,922.16,4,4,3,443,Loyal Customers
13934,2011-03-21 08:39:00.000000296,264,1,922.1,2,1,3,213,Hibernating
14605,2010-11-30 14:06:59.999999693,375,4,921.5600000000001,2,3,3,233,Needs Attention
12638,2011-11-06 13:11:00.000000686,34,2,921.49,4,2,3,423,Recent Customers
15576,2011-11-02 12:02:59.999999331,38,1,921.37,4,1,3,413,Recent Customers
15957,2011-11-08 12:14:00.000000853,32,3,921.25,4,3,3,433,Loyal Customers
14272,2011-09-27 10:08:00.000000101,74,4,920.81,3,3,3,333,Potential Loyalists
17363,2010-11-09 17:10:59.999999842,396,3,920.46,2,3,3,233,Needs Attention
12998,2010-08-04 08:05:00.000000556,493,3,920.08,1,3,3,133,Needs Attention
14568,2010-09-30 17:15:00.000000000,436,1,919.7,1,1,3,113,Hibernating
13075,2011-08-02 10:19:00.000000361,130,1,919.61,3,1,3,313,Needs Attention
13872,2010-06-30 15:35:00.000000556,528,3,919.57,1,3,3,133,Needs Attention
16204,2011-11-16 13:40:00.000000073,24,3,918.71,4,3,3,433,Loyal Customers
14342,2011-11-18 13:21:00.000000129,22,6,918.44,4,4,3,443,Loyal Customers
12368,2010-03-21 15:55:59.999999638,629,1,917.6999999999999,1,1,3,113,Hibernating
14061,2010-07-20 17:22:00.000000111,508,3,917.4300000000001,1,3,3,133,Needs Attention
14015,2011-10-18 10:02:00.000000185,53,1,917.34,4,1,3,413,Recent Customers
15707,2011-11-04 14:35:00.000000139,36,4,916.98,4,3,3,433,Loyal Customers
14423,2011-05-05 15:11:59.999999832,219,3,916.6099999999999,2,3,3,233,Needs Attention
14839,2010-10-17 13:00:59.999999981,419,3,915.28,1,3,3,133,Needs Attention
14141,2011-12-07 09:53:00.000000306,3,4,915.13,5,3,3,533,Loyal Customers
16216,2011-03-17 15:34:00.000000361,268,1,914.9300000000001,2,1,3,213,Hibernating
14549,2011-02-01 13:47:00.000000185,312,4,913.6,2,3,3,233,Needs Attention
15364,2011-09-05 09:46:00.000000194,96,2,913.19,3,2,3,323,Needs Attention
14359,2011-11-20 13:16:59.999999972,20,3,912.18,5,3,3,533,Loyal Customers
15244,2011-10-05 13:19:00.000000361,66,3,912.08,3,3,3,333,Potential Loyalists
17812,2011-11-27 11:46:59.999999972,13,7,911.99,5,4,3,543,Loyal Customers
16034,2011-05-27 16:16:59.999999972,197,6,911.3199999999999,2,4,3,243,At Risk
14289,2011-12-01 11:44:00.000000018,9,6,911.26,5,4,3,543,Loyal Customers
14133,2011-08-02 11:34:00.000000575,130,4,911.14,3,3,3,333,Potential Loyalists
16138,2010-11-26 12:13:00.000000027,379,3,910.35,2,3,3,233,Needs Attention
13038,2011-09-20 14:36:59.999999898,81,3,908.46,3,3,3,333,Potential Loyalists
15097,2011-12-05 14:02:59.999999536,5,3,908.35,5,3,3,533,Loyal Customers
17464,2011-07-04 13:19:00.000000361,159,3,907.14,3,3,3,333,Potential Loyalists
14714,2011-11-15 13:06:59.999999898,25,4,906.24,4,3,3,433,Loyal Customers
14969,2010-01-05 12:43:00.000000863,704,1,906.23,1,1,3,113,Hibernating
13573,2011-10-20 14:32:59.999999749,51,6,904.52,4,4,3,443,Loyal Customers
17746,2011-04-13 14:30:59.999999981,241,4,904.1800000000001,2,4,3,243,At Risk
17176,2011-05-22 12:40:59.999999842,202,3,902.3199999999999,2,3,3,233,Needs Attention
17382,2011-10-05 13:05:00.000000139,66,8,902.28,3,5,3,353,Potential Loyalists
16916,2011-11-16 12:08:00.000000306,24,4,902.02,4,4,3,443,Loyal Customers
13548,2011-09-04 14:50:00.000000556,97,3,901.4399999999999,3,3,3,333,Potential Loyalists
15511,2011-11-28 09:43:00.000000863,12,5,900.53,5,4,3,543,Loyal Customers
12945,2011-02-24 14:15:00.000000000,289,2,900.11,2,2,3,223,Hibernating
12940,2011-10-16 12:08:59.999999870,55,2,899.69,4,2,3,423,Recent Customers
16834,2011-04-26 09:36:59.999999693,228,2,898.96,2,3,3,233,Needs Attention
15710,2010-10-18 17:05:00.000000556,418,1,898.87,1,1,3,113,Hibernating
15992,2011-12-06 11:00:00.000000213,4,3,896.6,5,3,3,533,Loyal Customers
13996,2010-11-18 16:27:00.000000046,387,2,895.76,2,2,3,223,Hibernating
16122,2011-09-27 15:34:00.000000361,74,6,895.62,3,4,3,343,Potential Loyalists
17226,2011-02-04 11:51:59.999999693,309,3,895.47,2,3,3,233,Needs Attention
15211,2011-10-10 13:31:00.000000194,61,2,894.4100000000001,3,2,3,323,Needs Attention
15066,2011-10-17 13:24:59.999999647,54,1,893.59,4,1,3,413,Recent Customers
12772,2011-10-11 09:19:00.000000575,60,1,892.47,3,1,3,313,Needs Attention
17155,2011-11-22 12:37:59.999999888,18,7,892.46,5,4,3,543,Loyal Customers
16784,2011-11-20 12:20:00.000000139,20,5,892.33,4,4,3,443,Loyal Customers
16442,2011-12-08 11:42:59.999999814,2,5,891.98,5,4,3,543,Loyal Customers
15393,2011-11-23 16:47:59.999999749,17,5,891.34,5,4,3,543,Loyal Customers
16361,2011-11-30 12:31:59.999999972,10,4,891.21,5,4,3,543,Loyal Customers
14065,2010-11-15 16:12:59.999999814,390,3,891.02,2,3,3,233,Needs Attention
15824,2010-09-12 13:20:00.000000556,454,2,890.94,1,2,3,123,Hibernating
15525,2011-12-07 14:42:59.999999814,3,4,890.22,5,3,3,533,Loyal Customers
17062,2011-01-30 11:00:59.999999777,314,6,889.75,2,4,3,243,At Risk
14813,2010-12-05 11:57:00.000000046,370,4,888.91,2,3,3,233,Needs Attention
17537,2011-11-10 10:56:00.000000686,30,2,887.67,4,3,3,433,Loyal Customers
16900,2011-11-23 10:31:59.999999759,17,3,887.11,5,3,3,533,Loyal Customers
15900,2011-11-16 12:19:00.000000575,24,4,886.5699999999999,4,3,3,433,Loyal Customers
16228,2010-11-19 14:19:59.999999721,386,3,885.71,2,3,3,233,Needs Attention
12793,2011-01-09 12:11:59.999999832,335,3,885.53,2,3,3,233,Needs Attention
16898,2011-11-13 15:43:59.999999805,27,5,885.21,4,4,3,443,Loyal Customers
17704,2011-06-24 09:39:59.999999647,169,2,885.19,3,3,3,333,Potential Loyalists
17708,2011-06-05 10:12:00.000000250,188,4,884.1800000000001,3,4,3,343,Potential Loyalists
15907,2011-12-06 12:20:59.999999703,4,3,882.72,5,3,3,533,Loyal Customers
18141,2010-11-03 11:44:00.000000018,402,2,882.47,2,3,3,233,Needs Attention
16387,2011-01-21 11:34:00.000000575,323,5,882.46,2,4,3,243,At Risk
17480,2011-09-23 11:39:00.000000296,78,2,882.23,3,3,3,333,Potential Loyalists
16385,2011-10-10 13:12:00.000000250,61,5,881.35,3,4,3,343,Potential Loyalists
17143,2010-10-18 15:27:00.000000250,418,2,880.97,1,3,3,133,Needs Attention
12680,2011-12-09 12:49:59.999999721,1,4,880.81,5,3,3,533,Loyal Customers
16677,2010-10-24 14:52:59.999999888,412,2,880.62,1,2,3,123,Hibernating
13937,2011-06-23 16:34:59.999999721,170,2,880.13,3,2,3,323,Needs Attention
14551,2011-11-21 13:35:59.999999916,19,7,878.09,5,4,3,543,Loyal Customers
14612,2010-10-20 16:00:59.999999981,416,1,877.7,1,1,3,113,Hibernating
15653,2011-09-08 10:49:00.000000575,93,2,877.4399999999999,3,2,3,323,Needs Attention
14645,2011-07-06 09:14:59.999999164,157,3,876.89,3,3,3,333,Potential Loyalists
17864,2011-11-27 11:15:00.000000000,13,5,876.57,5,4,3,543,Loyal Customers
13768,2009-12-13 10:40:59.999999638,727,2,875.97,1,2,3,123,Hibernating
13166,2011-03-01 15:15:59.999999981,284,2,875.93,2,2,3,223,Hibernating
14681,2011-09-29 15:52:00.000000111,72,6,875.1500000000001,3,4,3,343,Potential Loyalists
16513,2011-12-05 10:17:59.999999536,5,4,874.59,5,4,3,543,Loyal Customers
16657,2011-11-30 11:47:59.999999536,10,4,874.43,5,4,3,543,Loyal Customers
15469,2011-10-20 16:21:00.000000129,51,3,874.25,4,3,3,433,Loyal Customers
14437,2010-12-09 09:27:00.000000250,366,5,873.34,2,4,3,243,At Risk
17361,2011-10-21 15:43:00.000000863,50,5,871.79,4,4,3,443,Loyal Customers
15224,2010-12-16 15:01:59.999999759,359,5,871.36,2,4,3,243,At Risk
13200,2011-11-20 15:35:00.000000556,20,4,870.09,5,3,3,533,Loyal Customers
17566,2011-12-01 19:54:00.000000296,9,2,869.77,5,3,3,533,Loyal Customers
14753,2011-09-13 14:50:00.000000556,88,2,869.51,3,2,3,323,Needs Attention
16948,2011-07-24 12:46:00.000000194,139,7,868.77,3,4,3,343,Potential Loyalists
16357,2011-11-06 16:04:00.000000575,34,4,868.37,4,4,3,443,Loyal Customers
17167,2010-11-25 10:05:00.000000139,380,3,867.11,2,3,3,233,Needs Attention
16567,2011-05-29 13:57:00.000000250,195,2,865.6,2,2,3,223,Hibernating
13922,2010-12-23 10:38:00.000000306,352,3,865.2,2,3,3,233,Needs Attention
14600,2011-02-07 09:47:59.999999331,306,2,865.1700000000001,2,2,3,223,Hibernating
12791,2010-12-01 11:26:59.999999832,374,6,863.51,2,4,3,243,At Risk
16668,2011-11-24 17:42:59.999999814,16,13,862.42,5,5,3,553,Loyal Customers
12787,2011-11-30 08:44:00.000000018,10,4,862.18,5,3,3,533,Loyal Customers
17358,2011-02-09 16:57:00.000000250,304,5,861.01,2,4,3,243,At Risk
12794,2011-10-17 14:53:59.999999452,54,2,860.41,4,2,3,423,Recent Customers
13339,2011-05-23 08:30:59.999999981,201,1,860.12,2,1,3,213,Hibernating
14372,2010-09-22 16:16:59.999999972,444,2,860.08,1,2,3,123,Hibernating
13891,2010-11-26 15:56:59.999999832,379,3,859.21,2,3,3,233,Needs Attention
12440,2010-09-03 13:11:00.000000686,463,2,859.2,1,2,3,123,Hibernating
15870,2011-11-07 10:57:59.999999814,33,4,857.46,4,3,3,433,Loyal Customers
15287,2011-11-17 15:34:00.000000361,23,5,856.03,4,4,3,443,Loyal Customers
17161,2010-09-21 16:44:00.000000853,445,1,856.01,1,2,3,123,Hibernating
15542,2010-07-15 13:31:59.999999759,513,3,855.71,1,3,3,133,Needs Attention
17064,2011-10-12 10:17:59.999999536,59,3,855.45,4,3,3,433,Loyal Customers
12878,2011-04-17 13:06:59.999999898,237,2,854.99,2,2,3,223,Hibernating
13945,2010-11-10 09:59:59.999999164,395,2,854.15,2,2,3,223,Hibernating
14873,2011-05-13 13:51:59.999999898,211,2,854.13,2,2,3,223,Hibernating
13991,2011-11-27 16:17:59.999999536,13,6,852.88,5,4,3,543,Loyal Customers
14686,2010-10-21 18:30:59.999999777,415,5,852.53,1,4,3,143,At Risk
15266,2011-01-05 13:40:00.000000073,339,5,852.21,2,4,3,243,At Risk
16070,2011-11-17 15:49:59.999999721,23,2,852.15,4,2,3,423,Recent Customers
12696,2010-10-01 10:43:00.000000027,435,2,851.91,1,2,3,123,Hibernating
13479,2011-05-23 10:44:59.999999164,201,4,851.37,2,3,3,233,Needs Attention
16020,2011-11-23 11:17:59.999999331,17,3,851.01,5,3,3,533,Loyal Customers
18108,2011-03-30 13:56:00.000000686,255,3,848.8100000000001,2,3,3,233,Needs Attention
12713,2011-12-09 12:15:59.999999981,1,1,848.55,5,1,3,513,Recent Customers
15264,2011-10-06 13:49:00.000000575,65,2,848.4,3,2,3,323,Needs Attention
15784,2010-08-29 10:38:00.000000306,468,2,848.3299999999999,1,2,3,123,Hibernating
14202,2010-11-23 17:13:00.000000863,382,3,847.76,2,3,3,233,Needs Attention
13221,2011-04-13 16:57:59.999999814,241,2,847.41,2,2,3,223,Hibernating
13487,2011-10-13 12:07:00.000000111,58,5,846.87,4,4,3,443,Loyal Customers
16877,2011-11-27 13:47:00.000000185,13,6,846.62,5,4,3,543,Loyal Customers
13970,2010-11-18 13:21:00.000000129,387,2,846.55,2,2,3,223,Hibernating
14803,2011-06-30 13:57:59.999999814,163,3,845.55,3,3,3,333,Potential Loyalists
16500,2011-12-05 12:04:00.000000157,5,9,843.9100000000001,5,5,3,553,Loyal Customers
14922,2010-11-11 11:13:59.999999805,394,2,843.74,2,2,3,223,Hibernating
16344,2011-07-04 15:49:59.999999721,159,4,842.42,3,4,3,343,Potential Loyalists
16846,2011-10-20 13:54:59.999999860,51,3,842.41,4,3,3,433,Loyal Customers
17638,2010-03-02 14:32:00.000000185,648,2,842.4,1,3,3,133,Needs Attention
16810,2011-05-31 15:31:59.999999972,193,2,842.0400000000001,2,2,3,223,Hibernating
14862,2011-11-14 10:00:59.999999981,26,2,841.1999999999999,4,2,3,423,Recent Customers
16798,2010-06-03 19:00:59.999999981,555,3,841.16,1,3,3,133,Needs Attention
12891,2011-06-07 12:30:59.999999777,186,11,840.5,3,5,3,353,Potential Loyalists
13169,2011-10-07 12:10:59.999999638,64,3,840.08,3,3,3,333,Potential Loyalists
14355,2010-12-09 12:15:59.999999981,366,3,840.0500000000001,2,3,3,233,Needs Attention
18247,2010-10-21 09:49:00.000000157,415,3,839.73,1,3,3,133,Needs Attention
15713,2011-07-19 13:34:00.000000157,144,4,839.64,3,3,3,333,Potential Loyalists
13940,2011-11-22 15:14:59.999999164,18,4,839.14,5,3,3,533,Loyal Customers
17332,2010-06-29 16:09:59.999999860,529,5,838.27,1,4,3,143,At Risk
14037,2011-06-16 13:57:00.000000250,177,6,836.95,3,4,3,343,Potential Loyalists
15832,2011-03-30 15:29:00.000000018,255,1,836.79,2,1,3,213,Hibernating
14929,2011-11-07 17:20:59.999999916,33,2,836.69,4,2,3,423,Recent Customers
13795,2010-11-16 17:25:00.000000073,389,4,836.3,2,3,3,233,Needs Attention
16747,2011-11-02 11:36:59.999999898,38,2,836.06,4,2,3,423,Recent Customers
13386,2010-10-21 12:52:00.000000111,415,2,835.46,1,2,3,123,Hibernating
16737,2011-10-17 13:02:59.999999749,54,2,835.1999999999999,4,2,3,423,Recent Customers
15190,2010-10-01 13:09:00.000000296,435,1,834.4399999999999,1,1,3,113,Hibernating
16863,2011-11-08 15:26:00.000000686,32,3,834.27,4,3,3,433,Loyal Customers
16644,2011-06-15 12:38:59.999999452,178,2,833.78,3,2,3,323,Needs Attention
12903,2010-10-07 12:38:59.999999452,429,1,833.53,1,1,3,113,Hibernating
13175,2010-05-06 13:12:59.999999814,583,2,831.45,1,2,3,123,Hibernating
15766,2011-10-06 17:02:59.999999536,65,3,831.06,3,3,3,333,Potential Loyalists
15759,2011-05-05 15:13:00.000000027,219,7,830.9300000000001,2,4,3,243,At Risk
16924,2011-11-18 12:53:00.000000306,22,3,829.89,4,3,3,433,Loyal Customers
14087,2011-12-07 12:40:59.999999842,3,3,829.47,5,3,3,533,Loyal Customers
14851,2011-11-16 14:19:59.999999721,24,3,829.4100000000001,4,3,3,433,Loyal Customers
12730,2010-07-06 12:19:00.000000575,522,1,829.25,1,1,3,113,Hibernating
12953,2011-11-30 09:24:00.000000296,10,2,828.8100000000001,5,2,3,523,Recent Customers
15617,2010-11-08 16:06:59.999999898,397,3,828.5500000000001,2,3,3,233,Needs Attention
17003,2010-11-02 13:15:00.000000213,403,4,828.21,2,4,3,243,At Risk
13681,2011-11-22 11:13:00.000000863,18,4,827.83,5,3,3,533,Loyal Customers
17045,2011-08-18 17:08:59.999999452,114,5,827.6800000000001,3,4,3,343,Potential Loyalists
12792,2011-03-28 11:35:59.999999703,257,2,827.01,2,2,3,223,Hibernating
12461,2011-09-06 16:57:00.000000250,95,2,826.88,3,2,3,323,Needs Attention
12781,2011-10-07 10:37:00.000000111,64,2,826.74,3,2,3,323,Needs Attention
16494,2011-02-16 12:49:00.000000157,297,1,826.53,2,1,3,213,Hibernating
12427,2011-11-18 08:55:59.999999842,22,3,825.8,4,3,3,433,Loyal Customers
17880,2010-12-10 10:21:00.000000129,365,3,824.9200000000001,2,3,3,233,Needs Attention
13513,2011-08-05 11:50:00.000000556,127,3,824.59,3,3,3,333,Potential Loyalists
15107,2011-02-01 14:45:59.999999777,312,9,824.35,2,5,3,253,At Risk
14260,2010-08-25 14:54:59.999999647,472,3,824.28,1,3,3,133,Needs Attention
16264,2010-09-27 15:00:00.000000000,439,2,823.53,1,2,3,123,Hibernating
15137,2010-07-07 09:40:59.999999842,521,2,823.4,1,2,3,123,Hibernating
14508,2011-11-17 19:47:59.999999749,23,5,822.92,4,4,3,443,Loyal Customers
15847,2011-11-01 14:41:00.000000686,39,5,822.57,4,4,3,443,Loyal Customers
16164,2011-11-22 15:04:00.000000157,18,3,822.48,5,3,3,533,Loyal Customers
16680,2011-10-27 17:35:00.000000139,44,3,821.45,4,3,3,433,Loyal Customers
16246,2010-09-06 12:04:00.000000157,460,2,821.35,1,2,3,123,Hibernating
13893,2011-02-15 11:29:59.999999164,298,1,821.1,2,1,3,213,Hibernating
15314,2011-05-24 14:39:00.000000296,200,3,820.4499999999999,2,3,3,233,Needs Attention
16135,2011-03-22 12:30:00.000000213,263,2,819.45,2,2,3,223,Hibernating
17683,2010-11-19 10:11:00.000000686,386,3,819.01,2,3,3,233,Needs Attention
16048,2010-12-01 15:27:59.999999814,374,4,818.7900000000001,2,4,3,243,At Risk
13612,2010-03-17 12:14:00.000000853,633,1,818.29,1,1,3,113,Hibernating
15483,2011-07-01 13:06:59.999999898,162,10,817.8199999999999,3,5,3,353,Potential Loyalists
14890,2011-03-31 11:57:00.000000046,254,3,817.25,2,3,3,233,Needs Attention
16869,2011-11-17 12:01:59.999999759,23,4,817.12,4,4,3,443,Loyal Customers
15180,2010-12-07 14:57:00.000000046,368,3,816.93,2,3,3,233,Needs Attention
14872,2010-08-13 12:34:00.000000361,484,3,816.6,1,3,3,133,Needs Attention
13514,2011-09-27 09:38:59.999999452,74,4,815.9000000000001,3,3,3,333,Potential Loyalists
15399,2011-12-08 13:04:00.000000575,2,3,815.77,5,3,3,533,Loyal Customers
14556,2010-04-22 14:57:00.000000046,597,3,815.69,1,3,3,133,Needs Attention
13811,2011-06-09 09:53:59.999999870,184,3,814.5,3,3,3,333,Potential Loyalists
14624,2011-10-13 13:44:00.000000853,58,6,814.07,4,4,3,443,Loyal Customers
17869,2011-08-24 16:15:59.999999777,108,7,813.64,3,4,3,343,Potential Loyalists
16621,2011-10-19 11:38:00.000000101,52,4,813.48,4,4,3,443,Loyal Customers
17194,2011-03-11 12:04:59.999999721,274,3,812.5,2,3,3,233,Needs Attention
16460,2011-11-11 13:45:59.999999981,29,3,811.23,4,3,3,433,Loyal Customers
16624,2011-09-20 12:38:59.999999452,81,2,810.5699999999999,3,2,3,323,Needs Attention
13045,2011-09-01 15:04:00.000000157,100,3,808.92,3,3,3,333,Potential Loyalists
15533,2011-11-20 15:35:00.000000556,20,3,807.57,4,3,3,433,Loyal Customers
17495,2011-12-02 12:08:00.000000306,8,3,806.72,5,3,3,533,Loyal Customers
12632,2010-07-07 09:38:59.999999452,521,2,804.88,1,2,3,123,Hibernating
13637,2011-10-18 13:31:59.999999759,53,3,804.3,4,3,3,433,Loyal Customers
18248,2011-08-09 10:19:00.000000361,123,2,804.02,3,3,3,333,Potential Loyalists
16469,2011-11-16 12:24:59.999999860,24,5,803.9,4,4,3,443,Loyal Customers
15644,2011-06-26 14:53:59.999999452,167,4,803.54,3,3,3,333,Potential Loyalists
18265,2011-09-28 14:09:59.999999647,73,2,801.51,3,3,3,333,Potential Loyalists
16127,2011-10-31 13:57:59.999999814,40,2,801.31,4,2,3,423,Recent Customers
17114,2011-12-04 12:17:00.000000185,6,8,801.12,5,5,3,553,Loyal Customers
17023,2010-10-18 15:36:59.999999693,418,3,800.18,1,3,3,133,Needs Attention
13720,2011-08-15 12:46:00.000000194,117,4,799.9,3,3,3,333,Potential Loyalists
13041,2010-09-15 11:44:00.000000018,451,4,799.13,1,3,3,133,Needs Attention
17251,2010-12-12 11:06:00.000000129,363,3,798.98,2,3,3,233,Needs Attention
16438,2011-12-04 10:50:59.999999703,6,5,798.35,5,4,3,543,Loyal Customers
15309,2010-04-08 11:10:59.999999842,611,4,797.96,1,3,3,133,Needs Attention
13389,2011-11-28 14:00:59.999999777,12,3,797.96,5,3,3,533,Loyal Customers
17281,2010-11-30 18:04:59.999999721,375,6,797.8499999999999,2,4,3,243,At Risk
15637,2011-10-18 08:28:00.000000027,53,5,797.59,4,4,3,443,Loyal Customers
16155,2010-11-23 12:02:59.999999331,382,5,796.9,2,4,3,243,At Risk
15304,2011-10-10 10:22:59.999999888,61,9,796.4000000000001,3,5,3,353,Potential Loyalists
15396,2011-08-19 10:56:00.000000686,113,2,796.38,3,2,3,323,Needs Attention
16952,2011-08-22 13:02:59.999999749,110,5,795.83,3,4,3,343,Potential Loyalists
18084,2011-11-23 13:57:00.000000250,17,3,795.2299999999999,5,3,3,533,Loyal Customers
13336,2011-09-23 14:05:00.000000556,78,1,795.12,3,1,3,313,Needs Attention
15831,2011-10-12 13:14:00.000000018,59,3,794.64,4,3,3,433,Loyal Customers
16961,2011-08-15 13:45:59.999999981,117,3,794.56,3,3,3,333,Potential Loyalists
17212,2011-03-31 19:41:59.999999832,254,3,794.41,2,3,3,233,Needs Attention
13296,2011-07-25 13:45:59.999999981,138,6,792.51,3,4,3,343,Potential Loyalists
14022,2011-04-28 14:39:00.000000296,226,2,792.15,2,2,3,223,Hibernating
14976,2011-10-13 16:37:00.000000111,58,7,790.86,4,4,3,443,Loyal Customers
13484,2011-04-12 16:30:00.000000000,242,3,790.72,2,3,3,233,Needs Attention
13544,2011-10-31 11:57:00.000000046,40,6,790.2,4,4,3,443,Loyal Customers
14656,2011-06-23 13:50:59.999999703,170,5,790.0,3,4,3,343,Potential Loyalists
13016,2011-09-27 14:07:59.999999888,74,3,789.89,3,3,3,333,Potential Loyalists
16759,2011-12-02 12:42:00.000000046,8,3,789.79,5,3,3,533,Loyal Customers
16472,2010-10-01 13:56:00.000000686,435,2,789.6,1,2,3,123,Hibernating
15448,2011-01-31 10:41:59.999999832,313,2,788.81,2,2,3,223,Hibernating
17952,2010-11-26 13:54:00.000000296,379,4,788.46,2,4,3,243,At Risk
14557,2011-09-15 15:47:59.999999331,86,1,788.38,3,1,3,313,Needs Attention
17817,2011-12-05 14:39:00.000000296,5,6,788.15,5,4,3,543,Loyal Customers
14513,2011-08-31 11:25:00.000000073,101,6,788.01,3,4,3,343,Potential Loyalists
13323,2011-12-06 17:12:00.000000046,4,5,787.85,5,4,3,543,Loyal Customers
16468,2011-09-26 14:13:00.000000863,75,3,787.52,3,3,3,333,Potential Loyalists
13212,2011-11-20 12:39:59.999999647,20,3,786.83,5,3,3,533,Loyal Customers
14463,2011-09-02 15:20:00.000000139,99,4,786.5699999999999,3,3,3,333,Potential Loyalists
12628,2011-12-05 13:15:00.000000213,5,3,786.46,5,3,3,533,Loyal Customers
16739,2011-06-16 09:17:00.000000185,177,2,786.43,3,2,3,323,Needs Attention
13770,2010-10-13 15:10:00.000000073,423,4,785.37,1,3,3,133,Needs Attention
13541,2010-10-08 16:37:00.000000111,428,2,785.25,1,2,3,123,Hibernating
15646,2011-07-05 09:53:00.000000306,158,5,784.8100000000001,3,4,3,343,Potential Loyalists
15806,2011-10-24 14:35:00.000000139,47,3,784.58,4,3,3,433,Loyal Customers
13595,2010-07-11 12:36:00.000000129,517,3,784.48,1,3,3,133,Needs Attention
13415,2010-08-24 11:38:00.000000101,473,4,784.17,1,3,3,133,Needs Attention
15714,2011-11-28 11:25:59.999999638,12,5,783.96,5,4,3,543,Loyal Customers
12761,2010-09-08 12:17:00.000000185,458,2,782.95,1,2,3,123,Hibernating
16836,2011-10-31 10:05:00.000000139,40,4,782.37,4,4,3,443,Loyal Customers
15952,2011-11-06 11:17:59.999999331,34,4,781.91,4,4,3,443,Loyal Customers
17255,2011-10-30 12:17:59.999999749,41,4,781.7,4,4,3,443,Loyal Customers
13453,2011-06-27 09:34:00.000000361,166,3,781.6899999999999,3,3,3,333,Potential Loyalists
13287,2010-04-15 15:26:00.000000686,604,3,781.59,1,3,3,133,Needs Attention
15679,2011-11-15 16:19:00.000000361,25,4,781.28,4,3,3,433,Loyal Customers
15239,2011-11-29 14:13:59.999999805,11,2,780.59,5,2,3,523,Recent Customers
13502,2011-11-23 10:38:59.999999870,17,5,780.5,5,4,3,543,Loyal Customers
15246,2011-04-15 14:45:00.000000213,239,3,780.4,2,3,3,233,Needs Attention
18228,2011-10-14 09:20:59.999999703,57,2,779.9,4,3,3,433,Loyal Customers
12735,2011-01-28 13:37:00.000000111,316,2,779.5699999999999,2,2,3,223,Hibernating
12504,2011-11-21 16:02:00.000000185,19,4,779.05,5,3,3,533,Loyal Customers
13781,2011-04-03 12:08:00.000000306,251,3,778.83,2,3,3,233,Needs Attention
14815,2011-11-03 11:35:59.999999703,37,2,778.5,4,2,3,423,Recent Customers
16958,2010-09-30 14:25:00.000000073,436,1,778.49,1,2,3,123,Hibernating
14690,2011-10-26 15:38:59.999999452,45,4,777.68,4,3,3,433,Loyal Customers
16505,2011-11-08 12:14:00.000000853,32,1,777.6,4,1,3,413,Recent Customers
13563,2011-09-16 14:45:00.000000213,85,2,777.53,3,2,3,323,Needs Attention
13745,2011-06-30 16:43:00.000000027,163,2,777.36,3,2,3,323,Needs Attention
15837,2011-10-06 09:01:00.000000194,65,2,777.01,3,2,3,323,Needs Attention
15794,2009-12-03 13:04:00.000000575,737,2,777.0,1,2,3,123,Hibernating
15618,2011-11-07 08:34:00.000000575,33,4,776.851,4,3,3,433,Loyal Customers
12808,2011-11-03 10:05:00.000000139,37,5,776.7,4,4,3,443,Loyal Customers
14997,2011-10-24 13:28:00.000000863,47,4,776.5999999999999,4,3,3,433,Loyal Customers
15092,2011-05-08 14:09:59.999999647,216,3,776.46,2,3,3,233,Needs Attention
15743,2011-11-23 17:19:00.000000157,17,4,775.96,5,3,3,533,Loyal Customers
13314,2011-12-08 12:29:00.000000018,2,3,775.94,5,3,3,533,Loyal Customers
13341,2011-03-24 09:49:59.999999721,261,1,775.85,2,1,3,213,Hibernating
17482,2010-08-09 15:32:59.999999536,488,2,775.64,1,3,3,133,Needs Attention
15921,2011-06-20 11:02:59.999999536,173,4,775.26,3,3,3,333,Potential Loyalists
15414,2011-11-30 09:49:59.999999721,10,3,774.9000000000001,5,3,3,533,Loyal Customers
15773,2011-12-04 12:47:59.999999331,6,2,774.52,5,2,3,523,Recent Customers
18058,2011-11-30 08:38:00.000000101,10,3,774.06,5,3,3,533,Loyal Customers
18112,2011-11-27 14:42:59.999999814,13,4,773.36,5,4,3,543,Loyal Customers
16565,2010-12-10 15:20:59.999999703,365,4,773.05,2,4,3,243,At Risk
15075,2011-09-23 12:27:00.000000250,78,1,773.03,3,1,3,313,Needs Attention
17349,2011-06-13 14:29:00.000000853,180,5,772.41,3,4,3,343,Potential Loyalists
12923,2011-10-06 16:20:00.000000556,65,3,770.42,3,3,3,333,Potential Loyalists
17801,2010-09-14 14:32:00.000000185,452,3,770.03,1,3,3,133,Needs Attention
14838,2010-10-12 15:46:00.000000194,424,2,769.9200000000001,1,2,3,123,Hibernating
12965,2011-09-11 15:30:59.999999777,90,1,769.8100000000001,3,1,3,313,Needs Attention
16480,2011-09-25 11:39:59.999999860,76,1,769.29,3,1,3,313,Needs Attention
16978,2011-09-23 12:49:59.999999721,78,3,768.88,3,3,3,333,Potential Loyalists
13980,2011-10-10 13:34:00.000000157,61,5,768.8199999999999,3,4,3,343,Potential Loyalists
13356,2011-09-20 14:32:59.999999749,81,1,768.24,3,1,3,313,Needs Attention
15331,2010-07-28 09:42:00.000000046,500,3,767.91,1,3,3,133,Needs Attention
13712,2011-04-07 12:32:59.999999536,247,2,766.42,2,2,3,223,Hibernating
12991,2011-11-16 15:34:00.000000361,24,3,764.82,4,3,3,433,Loyal Customers
14413,2010-12-12 13:37:00.000000111,363,4,764.52,2,3,3,233,Needs Attention
13699,2011-07-07 16:50:59.999999703,156,2,764.15,3,2,3,323,Needs Attention
16602,2011-11-03 15:53:59.999999870,37,2,763.3299999999999,4,2,3,423,Recent Customers
17466,2011-11-29 13:15:00.000000213,11,2,763.28,5,3,3,533,Loyal Customers
15428,2011-11-24 16:54:00.000000296,16,4,762.75,5,3,3,533,Loyal Customers
16806,2011-08-28 15:27:00.000000250,104,4,762.16,3,4,3,343,Potential Loyalists
13598,2011-10-23 14:28:00.000000027,48,5,761.96,4,4,3,443,Loyal Customers
14883,2011-11-21 10:22:59.999999888,19,6,761.5899999999999,5,4,3,543,Loyal Customers
17425,2011-11-20 15:30:00.000000213,20,2,759.17,4,3,3,433,Loyal Customers
18246,2011-11-16 11:49:00.000000361,24,3,758.8199999999999,4,3,3,433,Loyal Customers
16720,2011-11-13 16:21:59.999999693,27,3,758.74,4,3,3,433,Loyal Customers
15908,2010-08-06 11:55:59.999999842,491,2,758.62,1,2,3,123,Hibernating
15568,2011-12-07 11:26:59.999999832,3,3,758.29,5,3,3,533,Loyal Customers
15006,2011-10-19 15:08:00.000000306,52,2,757.78,4,2,3,423,Recent Customers
13034,2011-10-16 12:20:59.999999703,55,3,756.82,4,3,3,433,Loyal Customers
16392,2011-03-15 12:10:59.999999638,270,3,756.7,2,3,3,233,Needs Attention
14176,2011-02-15 13:12:00.000000250,298,5,756.46,2,4,3,243,At Risk
16411,2011-11-20 13:22:59.999999888,20,4,756.39,4,4,3,443,Loyal Customers
16262,2010-11-26 13:21:59.999999693,379,1,755.15,2,1,3,213,Hibernating
13370,2010-12-03 10:25:59.999999842,372,1,754.87,2,1,3,213,Hibernating
16892,2011-12-08 13:17:59.999999536,2,7,754.75,5,4,3,543,Loyal Customers
18104,2011-11-02 14:06:59.999999693,38,1,754.64,4,2,3,423,Recent Customers
18034,2011-11-18 12:21:59.999999898,22,3,754.2,4,3,3,433,Loyal Customers
14234,2011-11-17 17:52:59.999999888,23,4,754.12,4,3,3,433,Loyal Customers
14247,2011-03-06 15:20:59.999999703,279,5,753.56,2,4,3,243,At Risk
17579,2011-12-05 12:27:59.999999814,5,4,753.28,5,4,3,543,Loyal Customers
14998,2011-06-22 17:29:59.999999164,171,4,753.18,3,3,3,333,Potential Loyalists
13730,2011-07-27 08:35:00.000000139,136,2,752.6,3,2,3,323,Needs Attention
13030,2011-11-28 14:29:59.999999164,12,2,752.4399999999999,5,2,3,523,Recent Customers
13070,2011-05-31 13:44:59.999999164,193,4,751.7,2,3,3,233,Needs Attention
14923,2011-10-20 11:51:00.000000129,51,1,749.1,4,1,3,413,Recent Customers
16972,2010-11-22 10:59:00.000000018,383,2,749.0,2,3,3,233,Needs Attention
14048,2011-02-07 14:52:59.999999888,306,3,748.69,2,3,3,233,Needs Attention
15656,2011-10-25 14:55:59.999999842,46,4,748.5,4,3,3,433,Loyal Customers
13108,2010-12-02 10:34:59.999999721,373,2,748.46,2,2,3,223,Hibernating
17387,2011-11-20 11:00:00.000000213,20,2,746.81,4,3,3,433,Loyal Customers
14942,2010-11-03 10:50:59.999999703,402,4,746.56,2,3,3,233,Needs Attention
17889,2011-05-11 16:25:59.999999842,213,7,746.42,2,4,3,243,At Risk
17760,2011-11-18 10:56:00.000000686,22,6,746.39,4,4,3,443,Loyal Customers
14050,2011-11-08 09:59:59.999999164,32,2,746.36,4,2,3,423,Recent Customers
16465,2010-10-15 09:27:00.000000250,421,2,746.24,1,2,3,123,Hibernating
18190,2011-05-31 14:47:59.999999536,193,5,745.62,2,4,3,243,At Risk
14228,2010-09-28 09:45:00.000000000,438,3,745.5,1,3,3,133,Needs Attention
13950,2011-11-28 14:44:00.000000018,12,4,745.06,5,3,3,533,Loyal Customers
13236,2011-11-15 12:49:59.999999721,25,2,744.85,4,2,3,423,Recent Customers
12871,2011-09-16 15:07:00.000000111,85,3,744.02,3,3,3,333,Potential Loyalists
13354,2011-09-29 13:16:59.999999972,72,1,743.53,3,1,3,313,Needs Attention
14104,2011-07-08 12:49:59.999999721,155,5,743.53,3,4,3,343,Potential Loyalists
17038,2011-11-09 13:50:00.000000139,31,2,743.17,4,3,3,433,Loyal Customers
16730,2011-10-18 14:10:59.999999842,53,3,743.11,4,3,3,433,Loyal Customers
15420,2010-10-01 15:46:00.000000194,435,6,743.0,1,4,3,143,At Risk
14302,2010-10-05 08:09:59.999999647,431,3,742.9000000000001,1,3,3,133,Needs Attention
12465,2011-11-22 16:34:00.000000157,18,2,742.1899999999999,5,2,3,523,Recent Customers
18275,2010-05-10 15:46:00.000000194,579,2,741.85,1,3,3,133,Needs Attention
13721,2011-11-03 14:05:00.000000556,37,2,741.54,4,2,3,423,Recent Customers
13713,2010-10-27 16:17:59.999999536,409,3,740.76,2,3,3,233,Needs Attention
15720,2011-11-15 14:47:59.999999536,25,2,739.22,4,2,3,423,Recent Customers
12603,2011-11-18 10:41:59.999999832,22,1,739.1999999999999,4,1,3,413,Recent Customers
15988,2011-11-20 13:22:59.999999888,20,3,738.89,4,3,3,433,Loyal Customers
15070,2010-12-02 11:23:00.000000306,373,3,737.0500000000001,2,3,3,233,Needs Attention
15462,2011-09-06 13:11:00.000000686,95,4,737.05,3,3,3,333,Potential Loyalists
16075,2010-07-25 11:30:59.999999981,503,2,736.9300000000001,1,2,3,123,Hibernating
17461,2011-11-17 10:21:00.000000129,23,3,735.82,4,3,3,433,Loyal Customers
15045,2011-07-11 11:32:59.999999749,152,2,735.66,3,2,3,323,Needs Attention
12527,2011-09-19 11:54:59.999999647,82,5,735.51,3,4,3,343,Potential Loyalists
13286,2010-04-18 15:35:00.000000556,601,1,734.91,1,1,3,113,Hibernating
15938,2011-08-19 12:55:59.999999638,113,9,734.81,3,5,3,353,Potential Loyalists
17616,2011-06-19 10:11:00.000000686,174,4,734.4,3,4,3,343,Potential Loyalists
12537,2010-10-27 08:35:59.999999703,409,1,732.94,2,1,3,213,Hibernating
17979,2011-11-04 12:04:59.999999721,36,4,732.41,4,4,3,443,Loyal Customers
13780,2011-12-02 13:49:00.000000575,8,3,732.07,5,3,3,533,Loyal Customers
13575,2011-11-16 13:14:00.000000018,24,5,732.0699999999999,4,4,3,443,Loyal Customers
17548,2011-04-20 12:01:00.000000194,234,4,731.26,2,4,3,243,At Risk
17681,2010-04-21 17:22:00.000000111,598,5,731.2,1,4,3,143,At Risk
14778,2011-08-04 15:23:00.000000101,128,2,730.86,3,2,3,323,Needs Attention
13921,2010-11-02 16:31:59.999999759,403,4,730.7,2,3,3,233,Needs Attention
13452,2011-03-25 14:19:00.000000157,260,3,729.8,2,3,3,233,Needs Attention
12925,2011-12-05 11:10:59.999999842,5,3,729.3299999999999,5,3,3,533,Loyal Customers
15872,2011-11-25 11:54:59.999999647,15,4,729.25,5,3,3,533,Loyal Customers
18163,2010-05-04 14:51:00.000000129,585,1,728.84,1,2,3,123,Hibernating
17756,2010-11-29 12:20:00.000000139,376,3,728.75,2,3,3,233,Needs Attention
12786,2010-04-09 12:11:59.999999832,610,1,728.5,1,1,3,113,Hibernating
17547,2010-11-29 09:40:59.999999842,376,2,727.85,2,3,3,233,Needs Attention
17141,2010-10-17 14:53:59.999999452,419,4,727.58,1,4,3,143,At Risk
17374,2011-05-05 09:04:59.999999721,219,3,727.11,2,3,3,233,Needs Attention
16447,2011-07-27 12:45:00.000000000,136,3,727.1,3,3,3,333,Potential Loyalists
13569,2011-11-22 13:06:59.999999898,18,4,726.54,5,3,3,533,Loyal Customers
18078,2011-05-06 14:32:00.000000185,218,4,725.53,2,4,3,243,At Risk
12723,2011-12-06 10:19:00.000000361,4,5,725.07,5,4,3,543,Loyal Customers
18187,2010-03-18 09:49:00.000000157,632,1,724.89,1,2,3,123,Hibernating
13729,2010-09-30 10:44:00.000000853,436,3,724.73,1,3,3,133,Needs Attention
14798,2011-10-18 10:57:59.999999814,53,8,724.31,4,4,3,443,Loyal Customers
15368,2011-11-18 14:42:00.000000250,22,2,722.74,4,2,3,423,Recent Customers
13264,2010-09-23 12:42:00.000000046,443,1,722.5600000000001,1,1,3,113,Hibernating
17615,2011-08-01 14:06:00.000000129,131,6,721.8,3,4,3,343,Potential Loyalists
13441,2011-09-09 09:37:59.999999888,92,2,720.9,3,2,3,323,Needs Attention
16023,2011-10-24 16:34:00.000000157,47,3,719.81,4,3,3,433,Loyal Customers
13537,2010-10-10 12:45:00.000000000,426,2,717.85,1,2,3,123,Hibernating
13604,2010-02-19 12:01:59.999999759,659,1,717.62,1,1,3,113,Hibernating
16269,2010-09-28 11:50:00.000000556,438,1,717.57,1,1,3,113,Hibernating
12573,2011-04-26 15:52:00.000000111,228,5,717.41,2,4,3,243,At Risk
17860,2010-12-06 12:40:59.999999842,369,4,717.39,2,4,3,243,At Risk
16526,2011-06-21 12:01:59.999999759,172,2,717.21,3,2,3,323,Needs Attention
15274,2011-12-05 16:57:00.000000250,5,2,716.57,5,2,3,523,Recent Customers
12519,2011-10-07 09:26:00.000000686,64,2,716.54,3,2,3,323,Needs Attention
12535,2011-09-09 08:47:59.999999536,92,2,716.35,3,2,3,323,Needs Attention
12492,2011-10-07 15:14:59.999999164,64,3,715.21,3,3,3,333,Potential Loyalists
15330,2011-11-07 17:50:00.000000556,33,2,714.96,4,2,3,423,Recent Customers
13512,2011-03-24 10:02:59.999999749,261,4,713.39,2,3,3,233,Needs Attention
14026,2010-08-26 10:31:00.000000194,471,2,713.11,1,2,3,123,Hibernating
13147,2011-11-29 13:59:00.000000018,11,4,712.8000000000001,5,3,3,533,Loyal Customers
17761,2011-11-07 10:22:59.999999888,33,1,712.78,4,2,3,423,Recent Customers
14470,2011-11-28 10:31:00.000000194,12,3,712.04,5,3,3,533,Loyal Customers
15127,2011-10-05 10:30:00.000000000,66,2,711.5,3,2,3,323,Needs Attention
13103,2011-10-31 09:37:59.999999888,40,3,709.64,4,3,3,433,Loyal Customers
13057,2010-06-27 15:43:59.999999805,531,3,709.59,1,3,3,133,Needs Attention
13927,2011-09-26 12:00:00.000000000,75,2,708.26,3,2,3,323,Needs Attention
12485,2010-06-28 15:21:59.999999898,530,1,708.1,1,1,3,113,Hibernating
14398,2010-11-03 13:45:59.999999981,402,2,707.79,2,2,3,223,Hibernating
16449,2011-05-26 10:24:59.999999647,198,2,707.69,2,2,3,223,Hibernating
12453,2011-07-28 14:07:59.999999888,135,1,707.09,3,1,3,313,Needs Attention
13626,2011-04-01 10:05:00.000000139,253,2,707.04,2,2,3,223,Hibernating
16309,2011-08-25 15:35:00.000000556,107,2,706.57,3,2,3,323,Needs Attention
17051,2011-05-29 14:13:00.000000863,195,4,706.49,2,4,3,243,At Risk
12890,2011-11-15 17:25:59.999999638,25,2,706.02,4,2,3,423,Recent Customers
16364,2011-11-28 11:26:59.999999832,12,2,705.79,5,2,3,523,Recent Customers
16882,2011-10-04 10:41:59.999999832,67,3,705.12,3,3,3,333,Potential Loyalists
16015,2011-12-06 10:57:59.999999814,4,3,704.55,5,3,3,533,Loyal Customers
12612,2011-09-26 15:35:00.000000556,75,1,704.0400000000001,3,1,3,313,Needs Attention
12883,2011-11-15 09:31:59.999999972,25,4,703.47,4,3,3,433,Loyal Customers
15103,2011-11-08 14:52:59.999999888,32,2,703.36,4,2,3,423,Recent Customers
17561,2011-11-20 12:53:00.000000306,20,4,703.02,4,4,3,443,Loyal Customers
14699,2011-05-09 14:53:59.999999452,215,4,702.6,2,3,3,233,Needs Attention
16997,2011-02-24 17:28:00.000000027,289,3,702.0,2,3,3,233,Needs Attention
17825,2010-04-20 12:01:00.000000194,599,4,701.96,1,4,3,143,At Risk
14324,2010-10-26 11:44:00.000000018,410,2,701.61,2,2,3,223,Hibernating
14179,2011-10-30 12:07:00.000000111,41,2,701.57,4,2,3,423,Recent Customers
14356,2011-09-21 09:17:59.999999749,80,2,701.23,3,2,3,323,Needs Attention
13833,2011-07-03 13:27:00.000000046,160,2,700.41,3,2,3,323,Needs Attention
17163,2011-11-18 08:57:00.000000046,22,4,699.78,4,4,3,443,Loyal Customers
13242,2011-08-19 12:53:00.000000306,113,7,699.4,3,4,3,343,Potential Loyalists
16018,2011-10-31 14:13:00.000000863,40,4,698.13,4,4,3,443,Loyal Customers
14497,2011-02-03 17:00:59.999999777,310,2,697.0600000000001,2,2,3,223,Hibernating
16415,2011-10-26 13:34:59.999999721,45,3,696.76,4,3,3,433,Loyal Customers
15700,2011-06-20 16:53:00.000000101,173,2,696.68,3,2,3,323,Needs Attention
14959,2011-10-06 18:23:00.000000101,65,4,695.42,3,3,3,333,Potential Loyalists
13101,2011-04-19 14:36:59.999999898,235,4,695.4,2,3,3,233,Needs Attention
15995,2010-10-21 13:57:00.000000250,415,1,694.54,1,1,3,113,Hibernating
15053,2011-12-05 12:08:00.000000306,5,3,693.95,5,3,3,533,Loyal Customers
14111,2011-11-25 13:44:00.000000853,15,4,692.85,5,3,3,533,Loyal Customers
17198,2011-11-16 10:38:59.999999870,24,3,692.22,4,3,3,433,Loyal Customers
17733,2011-11-01 08:16:00.000000194,39,2,692.19,4,3,3,433,Loyal Customers
12817,2011-03-03 16:28:00.000000863,282,3,690.98,2,3,3,233,Needs Attention
16658,2010-12-06 13:47:00.000000185,369,6,690.83,2,4,3,243,At Risk
14880,2011-09-23 13:41:59.999999832,78,3,690.59,3,3,3,333,Potential Loyalists
16545,2011-06-28 10:37:00.000000111,165,2,689.82,3,2,3,323,Needs Attention
17834,2010-10-21 12:08:59.999999870,415,2,689.6700000000001,1,3,3,133,Needs Attention
17502,2011-11-30 13:12:59.999999814,10,4,689.1,5,4,3,543,Loyal Customers
15361,2010-12-13 09:52:00.000000111,362,4,689.07,2,3,3,233,Needs Attention
12450,2011-07-06 14:41:00.000000686,157,5,688.2,3,4,3,343,Potential Loyalists
18017,2011-09-19 16:15:00.000000213,82,4,688.0,3,4,3,343,Potential Loyalists
15901,2011-11-23 12:43:00.000000863,17,7,687.72,5,4,3,543,Loyal Customers
14809,2010-03-28 15:43:59.999999805,622,2,686.76,1,2,3,123,Hibernating
13898,2011-01-18 10:28:00.000000863,326,2,686.4,2,2,3,223,Hibernating
16824,2011-11-24 12:37:59.999999888,16,3,686.24,5,3,3,533,Loyal Customers
17935,2011-07-24 13:17:59.999999536,139,7,686.14,3,4,3,343,Potential Loyalists
12658,2011-11-21 10:21:59.999999693,19,1,686.05,5,1,3,513,Recent Customers
15257,2011-03-01 12:58:00.000000027,284,2,685.9,2,2,3,223,Hibernating
15219,2011-06-16 16:57:00.000000250,177,2,685.45,3,2,3,323,Needs Attention
15184,2011-11-10 13:40:59.999999638,30,4,685.39,4,3,3,433,Loyal Customers
16885,2011-11-24 13:40:00.000000073,16,4,684.6,5,4,3,543,Loyal Customers
13585,2010-06-27 12:32:59.999999536,531,3,684.54,1,3,3,133,Needs Attention
15669,2011-10-30 16:02:59.999999749,41,4,684.34,4,3,3,433,Loyal Customers
15207,2010-10-19 13:28:59.999999805,417,3,683.9200000000001,1,3,3,133,Needs Attention
17874,2011-06-07 12:53:59.999999870,186,6,683.46,3,4,3,343,Potential Loyalists
14222,2011-06-15 16:41:59.999999832,178,1,683.17,3,1,3,313,Needs Attention
15582,2011-11-15 09:55:00.000000073,25,3,682.9100000000001,4,3,3,433,Loyal Customers
13987,2010-11-25 10:20:00.000000556,380,2,682.54,2,2,3,223,Hibernating
12601,2011-06-03 10:16:59.999999972,190,6,681.26,3,4,3,343,Potential Loyalists
12478,2011-12-06 09:55:59.999999638,4,1,680.99,5,1,3,513,Recent Customers
18271,2010-04-09 09:26:00.000000686,610,2,680.85,1,3,3,133,Needs Attention
18082,2011-11-14 12:45:00.000000000,26,1,680.84,4,2,3,423,Recent Customers
15973,2010-12-08 11:42:00.000000250,367,3,680.62,2,3,3,233,Needs Attention
13524,2011-10-30 12:34:00.000000361,41,5,680.1800000000001,4,4,3,443,Loyal Customers
13809,2011-02-07 13:15:00.000000213,306,3,679.7,2,3,3,233,Needs Attention
14151,2010-02-04 15:35:00.000000556,674,2,679.45,1,2,3,123,Hibernating
13430,2011-11-21 08:19:00.000000157,19,2,679.45,5,2,3,523,Recent Customers
17782,2010-11-22 11:15:00.000000000,383,2,679.02,2,3,3,233,Needs Attention
16646,2010-09-16 13:28:00.000000863,450,1,678.8,1,1,3,113,Hibernating
14182,2010-09-22 11:45:00.000000213,444,4,678.77,1,3,3,133,Needs Attention
13255,2011-11-30 13:14:00.000000018,10,3,678.76,5,3,3,533,Loyal Customers
13925,2011-09-08 12:46:59.999999759,93,4,678.25,3,3,3,333,Potential Loyalists
15363,2010-12-02 12:27:59.999999814,373,2,678.11,2,2,3,223,Hibernating
13974,2011-10-21 14:41:00.000000686,50,2,677.72,4,2,3,423,Recent Customers
16601,2011-10-30 11:08:59.999999452,41,3,677.0,4,3,3,433,Loyal Customers
13040,2011-12-01 10:38:00.000000306,9,2,676.99,5,2,3,523,Recent Customers
17462,2011-10-10 13:56:00.000000686,61,2,675.69,3,3,3,333,Potential Loyalists
18156,2011-11-27 12:24:00.000000296,13,2,675.64,5,3,3,533,Loyal Customers
12942,2011-07-31 14:39:00.000000296,132,3,675.6,3,3,3,333,Potential Loyalists
13325,2011-09-19 10:35:59.999999916,82,1,675.3,3,1,3,313,Needs Attention
13355,2011-08-09 14:47:59.999999536,123,1,674.7,3,1,3,313,Needs Attention
13951,2011-06-16 16:43:00.000000027,177,3,674.45,3,3,3,333,Potential Loyalists
14504,2011-10-23 15:59:59.999999164,48,4,673.26,4,3,3,433,Loyal Customers
16648,2011-10-28 08:58:00.000000863,43,3,672.8,4,3,3,433,Loyal Customers
16226,2011-05-20 14:41:00.000000686,204,5,672.17,2,4,3,243,At Risk
17011,2011-11-09 13:30:00.000000000,31,3,671.7,4,3,3,433,Loyal Customers
15562,2010-12-23 09:55:00.000000073,352,3,671.4300000000001,2,3,3,233,Needs Attention
14142,2010-12-01 16:32:59.999999331,374,2,671.34,2,2,3,223,Hibernating
17709,2011-06-23 11:54:59.999999647,170,5,671.01,3,4,3,343,Potential Loyalists
13398,2011-05-31 13:16:59.999999972,193,2,670.34,2,2,3,223,Hibernating
17418,2011-10-28 12:59:59.999999164,43,3,670.0600000000001,4,3,3,433,Loyal Customers
13741,2011-09-29 09:19:00.000000575,72,3,668.4300000000001,3,3,3,333,Potential Loyalists
16268,2011-09-29 18:30:00.000000213,72,2,667.65,3,2,3,323,Needs Attention
17962,2011-07-20 14:16:00.000000194,143,4,666.96,3,4,3,343,Potential Loyalists
18123,2011-11-15 14:23:00.000000306,25,3,666.64,4,3,3,433,Loyal Customers
13217,2011-08-09 15:31:59.999999972,123,4,666.48,3,3,3,333,Potential Loyalists
14932,2010-12-09 11:47:59.999999536,366,2,666.13,2,2,3,223,Hibernating
17105,2011-07-03 15:53:00.000000306,160,2,665.78,3,3,3,333,Potential Loyalists
16132,2010-06-13 13:49:00.000000575,545,2,664.1999999999999,1,2,3,123,Hibernating
16704,2010-03-31 14:01:59.999999972,619,2,664.16,1,2,3,123,Hibernating
13596,2011-12-04 12:01:00.000000194,6,2,664.11,5,2,3,523,Recent Customers
15643,2011-06-01 07:38:00.000000306,192,3,664.0,2,3,3,233,Needs Attention
14720,2011-12-04 12:01:59.999999759,6,3,663.81,5,3,3,533,Loyal Customers
16573,2011-09-16 09:13:00.000000027,85,2,663.61,3,2,3,323,Needs Attention
16679,2010-12-08 13:50:59.999999703,367,3,663.31,2,3,3,233,Needs Attention
12837,2011-06-19 16:06:59.999999898,174,2,662.66,3,2,3,323,Needs Attention
13864,2010-11-18 12:49:59.999999721,387,1,662.4000000000001,2,1,3,213,Hibernating
16862,2010-06-10 13:05:00.000000139,548,4,662.33,1,4,3,143,At Risk
14425,2010-10-01 10:23:59.999999452,435,3,661.39,1,3,3,133,Needs Attention
13028,2011-11-17 11:09:59.999999647,23,2,661.3199999999999,4,2,3,423,Recent Customers
17375,2011-05-24 15:45:00.000000000,200,4,660.55,2,4,3,243,At Risk
14603,2011-03-10 10:27:00.000000046,275,1,660.0,2,1,3,213,Hibernating
15405,2011-06-03 14:44:00.000000018,190,2,659.84,2,2,3,223,Hibernating
15492,2011-11-11 14:52:59.999999888,29,2,659.4599999999999,4,2,3,423,Recent Customers
13759,2011-11-06 14:46:59.999999972,34,2,659.4100000000001,4,2,3,423,Recent Customers
14452,2011-11-29 12:05:59.999999916,11,4,658.95,5,3,3,533,Loyal Customers
13622,2010-01-12 13:21:59.999999693,697,1,658.95,1,1,3,113,Hibernating
14150,2011-11-04 10:05:00.000000139,36,2,658.64,4,2,3,423,Recent Customers
13433,2010-07-26 16:54:59.999999860,502,4,658.3199999999999,1,3,3,133,Needs Attention
16887,2011-11-04 14:06:59.999999693,36,3,658.17,4,3,3,433,Loyal Customers
15715,2010-06-02 09:55:59.999999638,556,5,658.02,1,4,3,143,At Risk
16696,2011-07-27 14:23:00.000000306,136,4,657.9000000000001,3,4,3,343,Potential Loyalists
17852,2011-11-28 12:36:00.000000129,12,5,657.8100000000001,5,4,3,543,Loyal Customers
17459,2011-10-27 13:24:59.999999647,44,2,657.3,4,3,3,433,Loyal Customers
16157,2011-11-24 11:41:00.000000686,16,3,656.69,5,3,3,533,Loyal Customers
16708,2011-10-25 12:20:00.000000139,46,1,656.63,4,2,3,423,Recent Customers
14558,2010-02-23 12:50:59.999999916,655,3,655.5,1,3,3,133,Needs Attention
17371,2011-11-22 13:30:00.000000000,18,6,655.37,5,4,3,543,Loyal Customers
16117,2011-06-03 11:42:00.000000250,190,3,654.4,2,3,3,233,Needs Attention
17398,2011-08-17 09:47:59.999999331,115,3,653.38,3,3,3,333,Potential Loyalists
13496,2011-11-29 10:57:59.999999814,11,2,653.33,5,2,3,523,Recent Customers
18121,2011-07-13 12:53:00.000000306,150,2,653.3,3,3,3,333,Potential Loyalists
15205,2011-09-15 19:35:59.999999916,86,2,653.24,3,2,3,323,Needs Attention
13820,2010-10-17 13:45:59.999999981,419,3,652.75,1,3,3,133,Needs Attention
17523,2011-11-28 13:20:00.000000556,12,4,652.74,5,4,3,543,Loyal Customers
17572,2011-09-29 17:52:59.999999888,72,10,652.21,3,5,3,353,Potential Loyalists
13840,2010-10-19 13:34:00.000000157,417,1,651.4,1,1,3,113,Hibernating
16056,2011-10-25 15:19:00.000000575,46,1,650.75,4,1,3,413,Recent Customers
16969,2011-10-31 13:12:00.000000250,40,3,650.41,4,3,3,433,Loyal Customers
17779,2011-11-18 14:15:00.000000000,22,3,650.32,4,3,3,433,Loyal Customers
14034,2011-11-17 14:01:59.999999972,23,3,648.89,4,3,3,433,Loyal Customers
12844,2011-11-10 13:31:00.000000194,30,4,648.6,4,3,3,433,Loyal Customers
16495,2011-12-06 13:20:00.000000556,4,3,648.26,5,3,3,533,Loyal Customers
17777,2011-11-15 12:01:59.999999759,25,3,647.56,4,3,3,433,Loyal Customers
16734,2011-10-18 13:44:00.000000853,53,3,646.76,4,3,3,433,Loyal Customers
13474,2011-04-17 13:53:00.000000101,237,3,646.59,2,3,3,233,Needs Attention
15945,2010-12-09 13:14:00.000000018,366,4,646.27,2,4,3,243,At Risk
15012,2011-10-17 12:21:59.999999898,54,3,646.26,4,3,3,433,Loyal Customers
14024,2011-08-10 11:29:59.999999164,122,3,645.74,3,3,3,333,Potential Loyalists
17380,2010-10-01 16:41:59.999999832,435,3,645.0,1,3,3,133,Needs Attention
12719,2011-12-04 13:44:59.999999164,6,2,644.95,5,2,3,523,Recent Customers
16185,2011-11-23 09:40:59.999999842,17,3,644.72,5,3,3,533,Loyal Customers
17312,2011-07-24 11:51:59.999999693,139,3,644.3,3,3,3,333,Potential Loyalists
17963,2010-08-25 15:58:00.000000027,472,4,643.16,1,4,3,143,At Risk
13237,2010-11-17 10:06:59.999999898,388,1,643.0,2,1,3,213,Hibernating
15297,2011-11-29 16:31:59.999999759,11,3,641.94,5,3,3,533,Loyal Customers
14537,2011-10-13 10:54:00.000000296,58,2,641.4,4,2,3,423,Recent Customers
12365,2011-02-21 14:04:00.000000361,292,2,641.38,2,2,3,223,Hibernating
12624,2011-08-25 15:04:00.000000157,107,2,641.13,3,2,3,323,Needs Attention
13318,2011-12-08 18:50:59.999999916,2,3,640.76,5,3,3,533,Loyal Customers
14563,2010-07-18 12:01:00.000000194,510,2,640.54,1,2,3,123,Hibernating
12538,2011-11-10 17:16:00.000000194,30,2,640.45,4,2,3,423,Recent Customers
12880,2010-11-23 10:50:00.000000139,382,2,640.13,2,2,3,223,Hibernating
15183,2010-06-10 10:43:00.000000027,548,3,639.93,1,3,3,133,Needs Attention
12734,2010-12-22 12:46:59.999999759,353,3,639.65,2,3,3,233,Needs Attention
15648,2011-05-19 15:53:00.000000306,205,2,639.5,2,2,3,223,Hibernating
17998,2010-11-24 15:30:59.999999777,381,3,639.24,2,3,3,233,Needs Attention
16428,2010-10-22 12:21:59.999999898,414,3,638.49,1,3,3,133,Needs Attention
12699,2010-10-18 12:07:00.000000111,418,1,638.11,1,1,3,113,Hibernating
17691,2010-12-16 17:19:59.999999721,359,4,637.5500000000001,2,4,3,243,At Risk
14664,2011-11-20 10:59:00.000000018,20,2,636.24,4,2,3,423,Recent Customers
15829,2011-09-01 16:44:59.999999164,100,2,636.14,3,2,3,323,Needs Attention
16534,2010-03-07 15:46:59.999999759,643,1,635.9,1,1,3,113,Hibernating
17334,2011-02-10 14:58:59.999999805,303,3,635.15,2,3,3,233,Needs Attention
14365,2010-11-10 09:52:00.000000111,395,2,634.68,2,2,3,223,Hibernating
14219,2011-12-05 16:22:59.999999888,5,3,633.83,5,3,3,533,Loyal Customers
15666,2010-08-24 16:14:00.000000018,473,2,632.9399999999999,1,2,3,123,Hibernating
13540,2010-08-29 14:19:59.999999721,468,3,632.39,1,3,3,133,Needs Attention
18183,2011-04-26 15:26:00.000000686,228,2,632.07,2,3,3,233,Needs Attention
13822,2011-12-04 12:13:00.000000027,6,2,632.0,5,2,3,523,Recent Customers
17985,2011-11-17 14:23:59.999999870,23,1,631.35,4,2,3,423,Recent Customers
13706,2011-02-10 09:20:59.999999703,303,2,631.17,2,2,3,223,Hibernating
16193,2011-04-17 11:45:00.000000213,237,2,630.43,2,2,3,223,Hibernating
16399,2011-11-20 16:12:00.000000250,20,3,630.22,4,3,3,433,Loyal Customers
13525,2011-11-25 12:01:00.000000194,15,2,628.78,5,2,3,523,Recent Customers
14283,2010-09-02 14:45:59.999999777,464,4,628.4399999999999,1,3,3,133,Needs Attention
16158,2010-07-05 13:54:59.999999860,523,9,628.32,1,5,3,153,At Risk
13480,2010-10-19 11:52:59.999999888,417,2,627.82,1,2,3,123,Hibernating
13518,2011-09-15 10:28:59.999999805,86,1,627.16,3,1,3,313,Needs Attention
14036,2011-02-28 09:26:00.000000686,285,1,626.65,2,1,3,213,Hibernating
13914,2011-11-28 10:34:59.999999721,12,2,626.45,5,2,3,523,Recent Customers
14381,2011-10-18 17:09:59.999999647,53,2,625.9399999999999,4,2,3,423,Recent Customers
14793,2011-11-18 14:50:00.000000556,22,2,625.9,4,2,3,423,Recent Customers
16715,2011-09-22 18:14:59.999999164,79,2,625.52,3,2,3,323,Needs Attention
16330,2011-11-22 12:24:00.000000296,18,7,625.38,5,4,3,543,Loyal Customers
17134,2011-08-25 09:53:00.000000306,107,3,625.3,3,3,3,333,Potential Loyalists
13776,2010-10-07 16:11:00.000000686,429,2,623.98,1,2,3,123,Hibernating
16750,2011-10-26 12:47:59.999999331,45,5,623.93,4,4,3,443,Loyal Customers
15147,2011-04-13 15:56:59.999999832,241,1,623.5,2,1,3,213,Hibernating
16792,2011-03-02 14:41:00.000000686,283,5,623.46,2,4,3,243,At Risk
16431,2011-05-10 14:08:59.999999452,214,3,623.28,2,3,3,233,Needs Attention
15258,2011-06-24 12:30:00.000000213,169,2,623.16,3,2,3,323,Needs Attention
16781,2010-12-02 14:25:59.999999638,373,2,623.0,2,2,3,223,Hibernating
12575,2010-09-08 13:09:00.000000296,458,2,622.8199999999999,1,2,3,123,Hibernating
14115,2010-07-26 12:36:00.000000129,502,2,622.6700000000001,1,2,3,123,Hibernating
17430,2011-11-07 09:24:00.000000296,33,4,622.57,4,4,3,443,Loyal Customers
17005,2010-08-26 10:57:00.000000250,471,2,622.36,1,3,3,133,Needs Attention
18101,2011-11-28 13:37:00.000000111,12,5,622.01,5,4,3,543,Loyal Customers
14169,2010-10-05 08:45:00.000000213,431,2,621.51,1,2,3,123,Hibernating
16368,2011-12-07 13:12:00.000000250,3,3,621.44,5,3,3,533,Loyal Customers
15016,2011-06-20 12:05:59.999999916,173,5,620.89,3,4,3,343,Potential Loyalists
13836,2010-11-05 13:31:00.000000194,400,2,620.37,2,2,3,223,Hibernating
14339,2011-04-11 11:06:00.000000129,243,2,620.27,2,2,3,223,Hibernating
12667,2011-10-12 17:00:00.000000213,59,1,620.13,4,1,3,413,Recent Customers
15276,2011-10-04 16:38:59.999999870,67,4,619.8,3,3,3,333,Potential Loyalists
13444,2010-11-30 13:02:00.000000185,375,2,619.08,2,2,3,223,Hibernating
13020,2010-05-26 11:12:00.000000046,563,2,618.96,1,2,3,123,Hibernating
14079,2011-08-07 12:10:00.000000073,125,2,618.73,3,2,3,323,Needs Attention
13493,2011-03-09 15:35:00.000000556,276,2,618.63,2,2,3,223,Hibernating
16613,2011-09-30 15:52:00.000000111,71,1,618.59,3,1,3,313,Needs Attention
12596,2011-10-19 13:02:00.000000185,52,2,618.27,4,2,3,423,Recent Customers
13301,2011-08-28 11:25:00.000000073,104,4,618.09,3,3,3,333,Potential Loyalists
14455,2010-10-03 15:47:59.999999331,433,4,617.72,1,3,3,133,Needs Attention
15956,2010-06-06 13:05:59.999999703,552,2,617.6,1,2,3,123,Hibernating
14377,2011-06-01 13:31:59.999999759,192,2,617.05,2,2,3,223,Hibernating
16311,2011-11-22 08:53:59.999999452,18,2,616.26,5,2,3,523,Recent Customers
17639,2011-03-08 15:21:59.999999898,277,6,615.17,2,4,3,243,At Risk
15275,2011-11-02 11:19:59.999999721,38,1,615.14,4,1,3,413,Recent Customers
14077,2011-10-30 12:35:00.000000556,41,6,615.0799999999999,4,4,3,443,Loyal Customers
16847,2011-10-27 13:28:59.999999805,44,2,614.89,4,3,3,433,Loyal Customers
16566,2011-11-24 16:34:00.000000157,16,5,614.66,5,4,3,543,Loyal Customers
16844,2010-05-26 10:28:59.999999805,563,2,614.34,1,3,3,133,Needs Attention
16343,2011-11-23 17:45:00.000000213,17,3,614.12,5,3,3,533,Loyal Customers
14570,2011-03-04 10:57:59.999999814,281,3,613.75,2,3,3,233,Needs Attention
17035,2011-04-08 11:23:00.000000306,246,4,613.59,2,4,3,243,At Risk
15362,2010-09-17 10:37:00.000000111,449,2,613.0799999999999,1,2,3,123,Hibernating
12855,2010-12-02 09:36:59.999999693,373,4,612.84,2,3,3,233,Needs Attention
16116,2011-05-12 12:01:00.000000194,212,1,612.78,2,1,3,213,Hibernating
16178,2011-07-24 16:05:00.000000139,139,2,612.6,3,2,3,323,Needs Attention
16589,2011-09-29 14:50:00.000000556,72,4,612.36,3,4,3,343,Potential Loyalists
12513,2011-08-19 10:50:59.999999703,113,1,612.29,3,1,3,313,Needs Attention
13008,2011-01-20 14:23:59.999999870,324,3,612.13,2,3,3,233,Needs Attention
15232,2011-08-18 16:27:00.000000046,114,2,612.06,3,2,3,323,Needs Attention
16922,2010-05-16 11:23:59.999999870,573,1,611.08,1,2,3,123,Hibernating
13731,2011-05-04 14:32:59.999999749,220,2,610.59,2,2,3,223,Hibernating
13832,2011-11-20 15:36:00.000000129,20,2,609.89,5,2,3,523,Recent Customers
14636,2011-11-03 16:12:00.000000250,37,2,609.85,4,2,3,423,Recent Customers
15748,2011-10-30 12:50:59.999999916,41,3,609.8100000000001,4,3,3,433,Loyal Customers
17325,2011-03-04 13:09:00.000000296,281,3,609.5699999999999,2,3,3,233,Needs Attention
17707,2011-06-07 15:02:59.999999331,186,8,609.3000000000001,3,5,3,353,Potential Loyalists
16675,2010-09-24 12:14:59.999999164,442,2,608.86,1,2,2,122,Hibernating
13933,2011-08-22 14:02:59.999999536,110,2,608.7900000000001,3,2,2,322,Needs Attention
17473,2010-10-27 11:45:00.000000213,409,2,607.0,2,3,2,232,Needs Attention
15717,2011-04-19 13:21:00.000000129,235,5,607.0,2,4,2,242,Needs Attention
17119,2011-12-06 14:39:59.999999860,4,2,606.91,5,3,2,532,Loyal Customers
15158,2011-10-25 13:53:00.000000101,46,2,606.02,4,2,2,422,Recent Customers
16590,2010-11-04 09:05:59.999999916,401,2,605.9,2,2,2,222,Hibernating
17507,2011-03-23 11:47:59.999999536,262,2,605.58,2,3,2,232,Needs Attention
14323,2011-08-17 11:36:59.999999898,115,2,605.0600000000001,3,2,2,322,Needs Attention
16321,2011-09-28 14:54:59.999999647,73,7,604.5500000000001,3,4,2,342,Potential Loyalists
12944,2011-11-04 11:04:00.000000361,36,2,604.51,4,2,2,422,Recent Customers
14611,2010-09-22 09:19:00.000000575,444,2,604.3299999999999,1,2,2,122,Hibernating
13106,2011-07-29 15:11:59.999999832,134,2,603.46,3,2,2,322,Needs Attention
12707,2011-02-21 08:38:00.000000101,292,1,603.42,2,1,2,212,Hibernating
18264,2010-07-29 10:02:00.000000185,499,1,603.25,1,2,2,122,Hibernating
16022,2011-03-24 13:15:59.999999777,261,1,602.63,2,1,2,212,Hibernating
16080,2011-09-19 10:41:59.999999832,82,4,602.5600000000001,3,4,2,342,Potential Loyalists
12654,2011-11-29 10:09:59.999999860,11,5,601.98,5,4,2,542,Loyal Customers
17270,2010-08-27 14:08:59.999999452,470,2,601.4499999999999,1,3,2,132,Needs Attention
14254,2010-10-03 11:51:59.999999693,433,1,601.03,1,1,2,112,Hibernating
12420,2011-10-07 08:54:59.999999647,64,1,600.39,3,1,2,312,Needs Attention
17745,2010-08-19 12:30:00.000000213,478,2,600.34,1,3,2,132,Needs Attention
18211,2011-11-14 08:09:59.999999647,26,5,600.07,4,4,2,442,Loyal Customers
17678,2011-03-21 11:51:59.999999693,264,2,599.76,2,3,2,232,Needs Attention
12521,2011-07-20 10:50:59.999999703,143,1,599.68,3,1,2,312,Needs Attention
12556,2011-10-20 13:05:59.999999703,51,2,599.56,4,2,2,422,Recent Customers
13311,2011-12-05 12:55:00.000000073,5,2,598.57,5,2,2,522,Recent Customers
15424,2011-03-30 13:02:00.000000185,255,3,597.78,2,3,2,232,Needs Attention
14569,2011-12-08 14:58:00.000000863,2,4,597.3299999999999,5,3,2,532,Loyal Customers
15631,2010-03-07 14:51:59.999999693,643,1,596.67,1,1,2,112,Hibernating
16780,2011-08-31 16:09:00.000000296,101,3,596.4,3,3,2,332,Potential Loyalists
15346,2011-01-11 11:17:59.999999331,333,3,596.12,2,3,2,232,Needs Attention
14965,2011-09-04 13:20:00.000000556,97,2,596.09,3,2,2,322,Needs Attention
17845,2010-06-02 15:20:00.000000139,556,4,596.09,1,4,2,142,Needs Attention
17209,2010-02-28 16:00:59.999999981,650,3,595.7,1,3,2,132,Needs Attention
17658,2011-11-14 12:07:00.000000111,26,2,595.42,4,3,2,432,Loyal Customers
13684,2011-02-27 10:12:59.999999814,286,4,594.88,2,3,2,232,Needs Attention
14771,2010-03-28 12:52:00.000000111,622,2,594.62,1,2,2,122,Hibernating
13558,2011-12-04 11:23:59.999999870,6,4,594.52,5,3,2,532,Loyal Customers
15442,2011-04-05 12:24:00.000000296,249,1,594.0,2,1,2,212,Hibernating
15929,2010-03-05 14:55:59.999999842,645,1,594.0,1,1,2,112,Hibernating
14746,2010-10-29 14:44:00.000000018,407,4,593.5,2,3,2,232,Needs Attention
16412,2011-10-17 12:35:00.000000556,54,5,593.19,4,4,2,442,Loyal Customers
18232,2011-09-19 11:49:00.000000361,82,4,592.97,3,4,2,342,Potential Loyalists
16776,2011-10-10 13:04:00.000000575,61,2,592.51,3,2,2,322,Needs Attention
13472,2010-09-02 09:40:59.999999842,464,2,592.24,1,2,2,122,Hibernating
17815,2010-11-11 14:39:00.000000296,394,1,591.96,2,2,2,222,Hibernating
17156,2010-08-05 11:29:59.999999164,492,1,591.87,1,2,2,122,Hibernating
12790,2011-05-31 14:13:59.999999805,193,2,591.85,2,2,2,222,Hibernating
17483,2011-10-05 13:09:59.999999860,66,4,591.73,3,4,2,342,Potential Loyalists
15524,2011-11-15 12:08:59.999999870,25,2,591.4,4,2,2,422,Recent Customers
17098,2010-11-23 12:13:00.000000027,382,3,591.0699999999999,2,3,2,232,Needs Attention
17968,2010-12-01 12:23:00.000000101,374,4,590.4399999999999,2,4,2,242,Needs Attention
13270,2010-12-08 14:52:59.999999888,367,1,590.0,2,1,2,212,Hibernating
15160,2010-12-17 14:15:00.000000000,358,4,589.27,2,3,2,232,Needs Attention
15624,2011-08-15 11:38:00.000000101,117,4,588.13,3,3,2,332,Potential Loyalists
15191,2010-09-02 15:36:59.999999693,464,3,588.05,1,3,2,132,Needs Attention
17890,2011-01-21 11:19:00.000000157,323,2,586.89,2,3,2,232,Needs Attention
14729,2010-12-01 12:43:00.000000863,374,3,586.24,2,3,2,232,Needs Attention
14173,2011-11-29 11:53:59.999999452,11,6,586.0,5,4,2,542,Loyal Customers
17392,2011-02-06 12:47:59.999999331,307,3,585.92,2,3,2,232,Needs Attention
12384,2011-11-11 08:39:00.000000296,29,2,585.27,4,2,2,422,Recent Customers
12800,2010-08-26 14:10:59.999999842,471,3,584.25,1,3,2,132,Needs Attention
14023,2011-12-02 13:57:59.999999814,8,2,584.07,5,2,2,522,Recent Customers
15762,2011-10-05 16:15:00.000000213,66,2,583.75,3,2,2,322,Needs Attention
17014,2011-12-01 14:08:59.999999452,9,3,583.4300000000001,5,3,2,532,Loyal Customers
16001,2010-11-23 17:09:59.999999647,382,1,583.39,2,1,2,212,Hibernating
14670,2011-03-04 14:13:00.000000863,281,3,583.33,2,3,2,232,Needs Attention
16445,2011-11-06 12:31:59.999999972,34,4,583.16,4,4,2,442,Loyal Customers
15918,2011-06-02 11:42:00.000000250,191,3,582.88,2,3,2,232,Needs Attention
16100,2010-09-03 11:39:00.000000296,463,1,582.64,1,1,2,112,Hibernating
16802,2010-01-29 13:44:00.000000853,680,2,582.61,1,2,2,122,Hibernating
17099,2010-06-24 16:24:59.999999647,534,1,582.17,1,2,2,122,Hibernating
14742,2010-09-30 14:06:59.999999693,436,1,579.85,1,1,2,112,Hibernating
15588,2010-01-31 12:19:00.000000575,678,1,579.6,1,1,2,112,Hibernating
14529,2011-10-10 15:27:00.000000250,61,3,578.61,3,3,2,332,Potential Loyalists
18262,2011-07-22 16:04:00.000000575,141,3,577.54,3,3,2,332,Potential Loyalists
15830,2011-11-02 10:40:00.000000073,38,1,576.0,4,1,2,412,Recent Customers
17557,2011-11-25 12:56:59.999999832,15,4,575.46,5,4,2,542,Loyal Customers
17773,2010-07-13 14:06:59.999999693,515,2,575.37,1,3,2,132,Needs Attention
12859,2010-09-07 12:20:00.000000139,459,1,575.1,1,1,2,112,Hibernating
13262,2011-03-21 15:05:59.999999916,264,3,573.45,2,3,2,232,Needs Attention
17274,2011-11-04 13:15:59.999999777,36,2,573.22,4,3,2,432,Loyal Customers
12879,2011-10-26 12:24:00.000000296,45,3,573.22,4,3,2,432,Loyal Customers
13424,2010-09-16 10:49:00.000000575,450,1,572.77,1,1,2,112,Hibernating
13379,2011-11-13 13:44:59.999999164,27,3,572.56,4,3,2,432,Loyal Customers
13179,2010-03-31 11:39:59.999999860,619,1,572.3100000000001,1,1,2,112,Hibernating
14053,2011-08-07 14:26:59.999999832,125,4,572.3,3,3,2,332,Potential Loyalists
12816,2011-09-05 12:40:59.999999842,96,2,572.2,3,2,2,322,Needs Attention
13816,2011-11-16 08:38:00.000000101,24,2,571.6700000000001,4,2,2,422,Recent Customers
15198,2011-09-08 14:42:00.000000250,93,5,571.35,3,4,2,342,Potential Loyalists
15691,2011-04-01 15:13:00.000000027,253,4,571.3,2,3,2,232,Needs Attention
18053,2011-09-30 09:04:59.999999721,71,3,571.0699999999999,3,3,2,332,Potential Loyalists
15821,2011-10-26 15:47:59.999999331,45,2,570.96,4,2,2,422,Recent Customers
13190,2010-06-13 15:46:59.999999759,545,3,570.66,1,3,2,132,Needs Attention
17122,2011-08-12 14:32:59.999999749,120,4,570.5,3,4,2,342,Potential Loyalists
15315,2011-10-06 12:50:59.999999916,65,2,570.5,3,2,2,322,Needs Attention
15857,2011-11-21 12:17:59.999999749,19,2,570.48,5,2,2,522,Recent Customers
14170,2010-11-29 13:09:59.999999860,376,3,570.18,2,3,2,232,Needs Attention
17433,2011-09-12 14:23:59.999999870,89,2,569.96,3,3,2,332,Potential Loyalists
15169,2010-11-22 13:04:00.000000575,383,2,569.22,2,2,2,222,Hibernating
15920,2011-07-08 15:30:59.999999777,155,9,569.14,3,5,2,352,Potential Loyalists
13406,2010-10-08 14:44:00.000000018,428,2,568.92,1,2,2,122,Hibernating
18244,2010-10-05 11:15:00.000000000,431,2,568.64,1,3,2,132,Needs Attention
13321,2011-09-28 15:24:00.000000296,73,2,567.36,3,2,2,322,Needs Attention
16667,2011-10-02 15:26:00.000000686,69,2,567.1800000000001,3,2,2,322,Needs Attention
14208,2011-09-06 12:47:59.999999331,95,2,567.05,3,2,2,322,Needs Attention
15627,2010-09-08 14:13:59.999999805,458,2,566.9,1,2,2,122,Hibernating
13998,2010-09-19 10:20:00.000000556,447,3,566.7,1,3,2,132,Needs Attention
18150,2011-11-07 16:49:00.000000575,33,3,566.58,4,3,2,432,Loyal Customers
16250,2011-03-23 15:07:00.000000111,262,3,565.24,2,3,2,232,Needs Attention
13894,2011-11-16 09:43:59.999999805,24,3,564.62,4,3,2,432,Loyal Customers
15344,2011-12-09 10:44:59.999999164,1,3,563.9399999999999,5,3,2,532,Loyal Customers
15143,2011-04-28 12:02:59.999999331,226,2,563.63,2,2,2,222,Hibernating
15597,2011-11-04 13:25:59.999999842,36,2,563.37,4,2,2,422,Recent Customers
14986,2010-11-28 15:24:59.999999860,377,2,563.1,2,2,2,222,Hibernating
17665,2010-08-03 13:12:00.000000250,494,1,563.1,1,2,2,122,Hibernating
17195,2010-02-22 13:05:00.000000139,656,1,562.98,1,2,2,122,Hibernating
17970,2011-05-12 20:02:59.999999536,212,1,562.79,2,2,2,222,Hibernating
12559,2011-02-02 09:49:00.000000157,311,2,561.71,2,2,2,222,Hibernating
17233,2011-11-04 14:06:00.000000129,36,3,560.86,4,3,2,432,Loyal Customers
15655,2011-04-10 15:24:59.999999860,244,1,560.67,2,1,2,212,Hibernating
17413,2010-10-31 12:32:59.999999536,405,2,560.14,2,3,2,232,Needs Attention
14273,2011-10-19 13:20:00.000000556,52,4,559.97,4,3,2,432,Loyal Customers
15415,2011-01-30 14:13:00.000000863,314,1,559.61,2,1,2,212,Hibernating
17503,2011-12-07 09:17:59.999999749,3,2,558.96,5,3,2,532,Loyal Customers
17223,2011-02-02 15:56:59.999999832,311,3,558.04,2,3,2,232,Needs Attention
14592,2011-11-04 16:34:59.999999721,36,3,557.94,4,3,2,432,Loyal Customers
13260,2011-10-09 13:21:00.000000129,62,1,557.62,3,1,2,312,Needs Attention
18127,2011-11-20 14:05:00.000000556,20,4,556.13,4,4,2,442,Loyal Customers
13024,2010-08-26 09:42:00.000000046,471,2,555.87,1,2,2,122,Hibernating
15102,2010-06-27 12:15:59.999999981,531,2,554.67,1,2,2,122,Hibernating
15634,2011-11-22 16:28:00.000000863,18,2,554.65,5,2,2,522,Recent Customers
18056,2011-02-24 14:26:59.999999832,289,2,554.6,2,3,2,232,Needs Attention
16641,2011-08-26 12:49:00.000000157,106,2,554.5,3,2,2,322,Needs Attention
15650,2010-07-06 10:40:59.999999638,522,2,553.88,1,2,2,122,Hibernating
17407,2010-10-24 11:57:00.000000046,412,1,552.9,1,2,2,122,Hibernating
17016,2010-05-12 12:31:59.999999972,577,1,552.4,1,2,2,122,Hibernating
12797,2010-12-09 10:54:59.999999860,366,2,552.08,2,2,2,222,Hibernating
12363,2011-08-22 10:17:59.999999536,110,2,552.0,3,2,2,322,Needs Attention
13677,2010-10-31 11:32:00.000000185,405,2,551.24,2,2,2,222,Hibernating
16414,2011-11-18 09:42:00.000000046,22,5,551.21,4,4,2,442,Loyal Customers
17674,2011-09-26 13:34:59.999999721,75,2,551.04,3,3,2,332,Potential Loyalists
17291,2011-02-04 13:04:00.000000575,309,1,550.8000000000001,2,2,2,222,Hibernating
17265,2011-07-24 10:49:00.000000575,139,2,550.01,3,3,2,332,Potential Loyalists
12390,2011-09-21 09:32:59.999999536,80,1,549.84,3,1,2,312,Needs Attention
16111,2010-10-07 19:50:59.999999703,429,1,549.33,1,1,2,112,Hibernating
15055,2010-08-22 11:06:00.000000129,475,3,549.12,1,3,2,132,Needs Attention
15200,2010-08-02 09:37:59.999999888,495,1,549.05,1,1,2,112,Hibernating
15842,2010-11-11 14:07:59.999999888,394,2,548.8,2,2,2,222,Hibernating
13948,2010-12-14 10:17:59.999999536,361,4,548.76,2,3,2,232,Needs Attention
16936,2011-11-14 11:04:00.000000361,26,2,548.29,4,3,2,432,Loyal Customers
18039,2010-11-30 13:06:59.999999898,375,4,548.22,2,4,2,242,Needs Attention
16536,2011-08-21 15:53:59.999999870,111,1,548.12,3,1,2,312,Needs Attention
15598,2011-10-17 16:04:00.000000575,54,2,548.02,4,2,2,422,Recent Customers
16031,2011-09-08 13:06:59.999999898,93,2,547.9,3,2,2,322,Needs Attention
15350,2010-12-01 13:32:59.999999331,374,2,547.6,2,2,2,222,Hibernating
16811,2011-12-05 11:39:00.000000296,5,2,547.0699999999999,5,2,2,522,Recent Customers
17637,2011-11-08 12:50:59.999999916,32,2,547.0600000000001,4,3,2,432,Loyal Customers
17295,2011-11-11 10:49:00.000000575,29,3,547.0,4,3,2,432,Loyal Customers
17520,2011-10-17 12:04:00.000000157,54,1,546.81,4,2,2,422,Recent Customers
15080,2010-10-08 11:51:59.999999693,428,2,546.25,1,2,2,122,Hibernating
17806,2011-11-28 14:12:00.000000046,12,1,546.04,5,2,2,522,Recent Customers
15728,2010-11-25 10:38:59.999999870,380,2,544.6,2,2,2,222,Hibernating
18207,2010-07-28 14:25:59.999999638,500,1,544.47,1,2,2,122,Hibernating
16475,2011-09-12 14:36:59.999999898,89,4,544.3,3,4,2,342,Potential Loyalists
13390,2011-09-26 08:38:00.000000101,75,1,544.08,3,1,2,312,Needs Attention
13955,2011-07-08 17:19:00.000000157,155,3,544.0699999999999,3,3,2,332,Potential Loyalists
14716,2011-10-27 17:29:00.000000853,44,3,543.28,4,3,2,432,Loyal Customers
16927,2011-08-16 11:09:59.999999647,116,3,543.05,3,3,2,332,Potential Loyalists
15959,2010-01-26 16:38:00.000000306,683,3,542.89,1,3,2,132,Needs Attention
13785,2010-10-07 09:24:59.999999860,429,4,542.49,1,3,2,132,Needs Attention
15675,2011-09-19 13:47:59.999999749,82,4,542.04,3,3,2,332,Potential Loyalists
16230,2011-06-03 10:05:59.999999703,190,2,542.03,2,2,2,222,Hibernating
16060,2010-11-04 12:10:00.000000073,401,3,541.95,2,3,2,232,Needs Attention
16647,2011-06-23 11:46:59.999999972,170,4,541.9,3,4,2,342,Potential Loyalists
17447,2011-10-30 14:17:59.999999331,41,2,541.53,4,3,2,432,Loyal Customers
17580,2011-04-01 12:40:59.999999842,253,5,541.02,2,4,2,242,Needs Attention
16576,2010-10-15 13:37:00.000000111,421,2,540.87,1,2,2,122,Hibernating
12819,2010-09-07 15:20:00.000000139,459,1,540.52,1,1,2,112,Hibernating
12743,2011-07-28 16:21:00.000000129,135,2,540.13,3,2,2,322,Needs Attention
17524,2010-12-13 14:32:00.000000185,362,3,539.14,2,3,2,232,Needs Attention
13812,2011-10-28 14:26:59.999999832,43,3,539.0,4,3,2,432,Loyal Customers
15539,2011-12-02 13:35:59.999999916,8,1,538.46,5,1,2,512,Recent Customers
13961,2010-11-12 14:39:59.999999860,393,1,538.4,2,1,2,212,Hibernating
14539,2011-11-24 09:49:59.999999721,16,2,537.48,5,2,2,522,Recent Customers
16804,2011-11-16 16:43:00.000000027,24,3,536.99,4,3,2,432,Loyal Customers
18140,2010-08-23 11:58:00.000000863,474,1,536.41,1,2,2,122,Hibernating
13207,2011-11-24 14:51:59.999999693,16,4,535.86,5,3,2,532,Loyal Customers
15890,2010-11-10 12:46:00.000000194,395,5,535.65,2,4,2,242,Needs Attention
16142,2011-04-04 10:15:59.999999777,250,1,535.34,2,1,2,212,Hibernating
12810,2010-06-23 10:53:00.000000101,535,2,534.99,1,2,2,122,Hibernating
13385,2011-01-14 09:52:00.000000111,330,1,534.57,2,1,2,212,Hibernating
17443,2011-05-04 10:47:00.000000185,220,1,534.24,2,2,2,222,Hibernating
17436,2011-12-08 12:30:00.000000213,2,5,534.06,5,4,2,542,Loyal Customers
16785,2010-10-26 10:35:59.999999916,410,1,533.78,2,2,2,222,Hibernating
16707,2010-11-04 14:39:00.000000296,401,4,533.41,2,4,2,242,Needs Attention
13594,2011-10-18 10:19:00.000000361,53,2,533.32,4,2,2,422,Recent Customers
15433,2011-05-10 10:44:59.999999164,214,2,533.3,2,2,2,222,Hibernating
15825,2011-06-20 13:27:00.000000046,173,1,532.94,3,1,2,312,Needs Attention
15659,2011-10-27 09:23:00.000000101,44,3,532.49,4,3,2,432,Loyal Customers
15115,2011-11-21 14:58:59.999999805,19,2,531.85,5,2,2,522,Recent Customers
14940,2010-10-18 10:47:00.000000185,418,2,531.49,1,2,2,122,Hibernating
16706,2011-11-02 13:50:00.000000139,38,3,531.35,4,3,2,432,Loyal Customers
16935,2010-11-23 09:15:59.999999981,382,3,530.86,2,3,2,232,Needs Attention
15917,2011-04-06 10:40:00.000000073,248,5,530.17,2,4,2,242,Needs Attention
18159,2011-02-11 14:25:59.999999638,302,1,530.15,2,2,2,222,Hibernating
14002,2011-07-28 15:55:00.000000073,135,2,529.73,3,2,2,322,Needs Attention
17458,2011-11-24 13:00:59.999999981,16,2,529.58,5,3,2,532,Loyal Customers
18191,2011-03-23 12:08:00.000000306,262,2,529.4,2,3,2,232,Needs Attention
18043,2011-11-15 12:47:59.999999331,25,3,529.29,4,3,2,432,Loyal Customers
17999,2011-11-02 15:55:59.999999638,38,3,528.46,4,3,2,432,Loyal Customers
16406,2011-11-21 11:57:00.000000046,19,3,528.36,5,3,2,532,Loyal Customers
15756,2011-10-09 13:30:00.000000000,62,4,528.01,3,3,2,332,Potential Loyalists
18098,2010-11-08 16:31:00.000000194,397,1,527.9399999999999,2,2,2,222,Hibernating
14616,2011-04-11 09:53:59.999999870,243,5,527.78,2,4,2,242,Needs Attention
12479,2011-11-28 13:25:59.999999842,12,1,527.2,5,1,2,512,Recent Customers
16421,2010-11-28 13:31:00.000000194,377,3,526.27,2,3,2,232,Needs Attention
15919,2011-11-20 11:28:00.000000027,20,2,525.69,4,2,2,422,Recent Customers
15467,2011-11-30 14:16:59.999999759,10,3,524.88,5,3,2,532,Loyal Customers
14417,2010-11-17 10:54:59.999999860,388,1,524.65,2,1,2,212,Hibernating
15683,2011-08-14 12:55:59.999999638,118,2,524.54,3,2,2,322,Needs Attention
17765,2011-07-04 12:40:59.999999842,159,4,524.0,3,4,2,342,Potential Loyalists
13277,2011-11-24 09:20:59.999999703,16,7,523.3,5,4,2,542,Loyal Customers
17712,2011-10-26 12:27:59.999999814,45,1,522.91,4,2,2,422,Recent Customers
13605,2010-11-17 17:16:00.000000194,388,2,522.67,2,2,2,222,Hibernating
16413,2011-10-14 12:08:00.000000306,57,2,522.03,4,2,2,422,Recent Customers
17514,2011-08-03 15:45:00.000000000,129,2,522.0,3,3,2,332,Potential Loyalists
12956,2011-02-06 16:08:00.000000101,307,4,521.89,2,3,2,232,Needs Attention
15689,2011-08-12 09:36:59.999999693,120,3,521.03,3,3,2,332,Potential Loyalists
13977,2010-10-24 14:07:59.999999888,412,1,519.8100000000001,1,1,2,112,Hibernating
12571,2011-10-31 10:19:00.000000361,40,2,519.61,4,2,2,422,Recent Customers
12777,2010-09-08 11:35:00.000000139,458,1,519.45,1,1,2,112,Hibernating
12825,2010-07-06 13:56:00.000000686,522,2,518.63,1,2,2,122,Hibernating
13600,2011-01-31 15:27:00.000000250,313,2,518.42,2,2,2,222,Hibernating
12979,2009-12-10 15:45:00.000000000,730,1,517.7,1,1,2,112,Hibernating
18205,2011-11-03 13:21:59.999999693,37,2,517.36,4,3,2,432,Loyal Customers
14311,2011-04-11 10:14:00.000000018,243,2,516.45,2,2,2,222,Hibernating
13043,2011-03-11 14:51:59.999999693,274,1,516.42,2,1,2,212,Hibernating
14429,2010-11-01 10:08:00.000000101,404,1,516.28,2,1,2,212,Hibernating
13859,2011-01-17 16:14:00.000000018,327,2,515.86,2,2,2,222,Hibernating
18243,2010-10-21 14:29:00.000000853,415,1,515.78,1,2,2,122,Hibernating
14949,2010-08-27 15:37:59.999999888,470,4,515.0,1,3,2,132,Needs Attention
17510,2011-11-15 09:59:59.999999164,25,2,514.56,4,3,2,432,Loyal Customers
18212,2011-01-17 16:14:00.000000018,327,2,514.37,2,3,2,232,Needs Attention
12897,2011-05-19 12:13:00.000000027,205,4,514.25,2,3,2,232,Needs Attention
12977,2011-07-06 16:40:00.000000073,157,4,513.88,3,3,2,332,Potential Loyalists
16829,2011-07-06 10:47:59.999999749,157,2,513.32,3,2,2,322,Needs Attention
13177,2011-10-06 09:55:59.999999638,65,2,512.2,3,2,2,322,Needs Attention
15891,2011-04-27 12:35:00.000000556,227,1,511.68,2,1,2,212,Hibernating
12361,2011-02-25 13:50:59.999999703,288,4,511.25,2,3,2,232,Needs Attention
16561,2011-12-04 11:50:00.000000556,6,2,511.12,5,2,2,522,Recent Customers
13367,2010-10-04 09:59:59.999999164,432,1,510.20000000000005,1,1,2,112,Hibernating
13710,2011-11-08 08:16:00.000000194,32,3,509.52,4,3,2,432,Loyal Customers
14008,2010-10-03 13:09:00.000000296,433,1,509.04,1,1,2,112,Hibernating
12436,2011-09-01 12:08:59.999999870,100,1,509.01,3,1,2,312,Needs Attention
12907,2010-11-09 12:08:00.000000306,396,2,508.91,2,2,2,222,Hibernating
17391,2011-06-29 09:58:00.000000027,164,2,508.8,3,3,2,332,Potential Loyalists
15417,2011-09-15 15:26:00.000000686,86,1,508.8,3,1,2,312,Needs Attention
14317,2011-10-06 10:44:00.000000853,65,1,508.58000000000004,3,1,2,312,Needs Attention
13067,2011-09-18 13:38:00.000000306,83,3,508.51,3,3,2,332,Potential Loyalists
14552,2011-07-11 12:49:00.000000157,152,3,507.93,3,3,2,332,Potential Loyalists
17415,2011-09-21 12:49:59.999999721,80,1,507.84,3,2,2,322,Needs Attention
14158,2011-10-30 15:08:00.000000306,41,1,507.65999999999997,4,1,2,412,Recent Customers
17384,2011-11-20 15:47:59.999999331,20,3,507.55,4,3,2,432,Loyal Customers
13885,2011-06-03 15:07:00.000000111,190,2,506.8,2,2,2,222,Hibernating
13123,2010-08-24 10:17:59.999999536,473,2,506.75,1,2,2,122,Hibernating
14647,2011-05-22 13:40:00.000000073,202,2,506.04,2,2,2,222,Hibernating
12988,2011-02-20 14:30:59.999999981,293,1,505.82,2,1,2,212,Hibernating
14807,2010-11-14 12:46:59.999999759,391,2,504.14,2,2,2,222,Hibernating
17630,2011-06-23 11:58:00.000000863,170,2,503.59999999999997,3,3,2,332,Potential Loyalists
12376,2010-11-15 12:14:59.999999164,390,2,503.15,2,2,2,222,Hibernating
12419,2010-11-19 10:04:00.000000575,386,2,503.01,2,2,2,222,Hibernating
15138,2010-11-11 09:15:59.999999981,394,1,502.52,2,1,2,212,Hibernating
17276,2010-11-02 16:20:00.000000556,403,1,502.49,2,2,2,222,Hibernating
17266,2011-12-07 14:12:00.000000046,3,5,501.71999999999997,5,4,2,542,Loyal Customers
13865,2011-10-12 13:31:00.000000194,59,4,501.56,4,3,2,432,Loyal Customers
15881,2011-01-31 16:59:00.000000018,313,5,501.39000000000004,2,4,2,242,Needs Attention
14968,2011-11-09 13:57:59.999999814,31,2,501.24,4,2,2,422,Recent Customers
13116,2011-07-24 14:32:59.999999749,139,1,501.14,3,1,2,312,Needs Attention
13247,2011-11-22 10:59:00.000000018,18,4,501.12,5,3,2,532,Loyal Customers
18049,2010-09-28 14:25:59.999999638,438,2,500.92,1,3,2,132,Needs Attention
17248,2011-08-11 13:34:00.000000157,121,2,500.54,3,3,2,332,Potential Loyalists
16616,2011-11-24 16:31:00.000000194,16,2,500.42,5,2,2,522,Recent Customers
12366,2010-03-16 10:28:00.000000863,634,1,500.24,1,1,2,112,Hibernating
17110,2011-06-27 12:58:00.000000027,166,3,499.9,3,3,2,332,Potential Loyalists
13553,2010-02-03 12:20:59.999999703,675,1,499.6,1,1,2,112,Hibernating
15193,2011-10-10 08:23:00.000000306,61,1,499.32,3,1,2,312,Needs Attention
17256,2011-08-24 13:30:00.000000000,108,5,498.93,3,4,2,342,Potential Loyalists
16488,2011-11-06 13:41:59.999999832,34,3,498.8,4,3,2,432,Loyal Customers
14171,2011-09-02 16:43:00.000000027,99,2,498.79,3,2,2,322,Needs Attention
17053,2011-08-01 10:22:59.999999888,131,1,498.48,3,2,2,322,Needs Attention
16820,2011-09-05 12:05:59.999999916,96,1,497.61,3,2,2,322,Needs Attention
17680,2011-11-16 12:42:00.000000046,24,3,497.45,4,3,2,432,Loyal Customers
17335,2010-11-21 10:16:59.999999972,384,2,497.04,2,3,2,232,Needs Attention
17923,2011-03-02 15:14:59.999999164,283,3,497.0,2,3,2,232,Needs Attention
12943,2010-05-30 13:51:59.999999898,559,2,496.5,1,2,2,122,Hibernating
15300,2011-10-06 17:07:59.999999888,65,1,496.44,3,1,2,312,Needs Attention
15018,2011-11-01 12:46:59.999999759,39,3,496.21000000000004,4,3,2,432,Loyal Customers
15278,2010-05-27 10:02:59.999999749,562,4,496.15999999999997,1,3,2,132,Needs Attention
12904,2011-11-21 14:34:00.000000575,19,2,496.06,5,2,2,522,Recent Customers
16977,2010-11-09 13:16:59.999999972,396,4,496.0,2,4,2,242,Needs Attention
17995,2011-03-03 12:30:00.000000213,282,3,495.48,2,3,2,232,Needs Attention
14319,2010-10-11 13:38:00.000000306,425,1,494.85,1,1,2,112,Hibernating
16352,2011-11-22 10:31:59.999999759,18,2,494.44,5,2,2,522,Recent Customers
17333,2011-09-15 10:11:00.000000686,86,1,494.25,3,2,2,322,Needs Attention
12763,2011-07-24 14:12:00.000000046,139,2,494.08,3,2,2,322,Needs Attention
15447,2011-01-13 11:25:59.999999638,331,5,492.88,2,4,2,242,Needs Attention
14270,2011-01-12 09:32:59.999999536,332,1,492.65000000000003,2,1,2,212,Hibernating
18203,2011-07-05 13:06:59.999999898,158,4,492.52,3,4,2,342,Potential Loyalists
14310,2010-10-03 12:34:00.000000361,433,1,492.1,1,1,2,112,Hibernating
13732,2011-11-11 15:49:00.000000157,29,1,491.86,4,1,2,412,Recent Customers
17269,2010-11-19 11:12:00.000000046,386,1,491.81,2,2,2,222,Hibernating
14663,2010-10-05 13:21:00.000000129,431,2,490.6,1,2,2,122,Hibernating
15000,2011-10-23 11:42:00.000000250,48,1,490.52,4,1,2,412,Recent Customers
15877,2011-12-08 11:52:59.999999888,2,2,490.33,5,2,2,522,Recent Customers
14416,2011-11-17 15:21:59.999999898,23,2,490.22,4,2,2,422,Recent Customers
12983,2010-04-20 12:58:00.000000027,599,1,490.08000000000004,1,1,2,112,Hibernating
12634,2010-06-22 10:05:00.000000139,536,2,490.0,1,2,2,122,Hibernating
17476,2010-11-09 10:21:00.000000129,396,2,489.86,2,3,2,232,Needs Attention
17715,2011-05-23 12:31:59.999999972,201,2,489.59999999999997,2,3,2,232,Needs Attention
17988,2011-11-28 11:00:00.000000213,12,14,489.54,5,5,2,552,Loyal Customers
14722,2011-07-15 14:58:00.000000863,148,3,489.52,3,3,2,332,Potential Loyalists
18280,2011-03-07 09:52:00.000000111,278,2,488.15000000000003,2,3,2,232,Needs Attention
17608,2011-11-06 13:05:59.999999703,34,4,488.06,4,4,2,442,Loyal Customers
15165,2010-12-01 14:02:59.999999536,374,1,487.75,2,1,2,212,Hibernating
13412,2010-03-29 16:28:00.000000863,621,1,487.34999999999997,1,1,2,112,Hibernating
13733,2010-10-25 12:17:59.999999749,411,2,487.03000000000003,2,2,2,222,Hibernating
16021,2010-11-09 14:47:59.999999536,396,2,487.03,2,2,2,222,Hibernating
13675,2011-07-11 12:56:59.999999832,152,2,486.82000000000005,3,2,2,322,Needs Attention
17453,2011-11-22 09:42:00.000000046,18,2,486.71999999999997,5,3,2,532,Loyal Customers
12920,2011-11-22 15:04:59.999999721,18,4,486.64,5,3,2,532,Loyal Customers
13153,2011-12-04 12:14:00.000000853,6,1,486.22,5,1,2,512,Recent Customers
15216,2011-09-13 11:41:00.000000686,88,2,486.09,3,2,2,322,Needs Attention
12443,2009-12-07 15:42:00.000000046,733,1,485.31,1,1,2,112,Hibernating
16999,2011-11-16 13:53:00.000000101,24,2,484.82,4,3,2,432,Loyal Customers
16024,2011-11-27 13:25:59.999999842,13,3,483.99,5,3,2,532,Loyal Customers
16603,2011-09-26 10:05:59.999999703,75,2,482.46999999999997,3,2,2,322,Needs Attention
17996,2010-11-25 11:00:00.000000213,380,3,482.33,2,3,2,232,Needs Attention
12542,2010-08-12 19:12:00.000000250,485,2,481.88,1,2,2,122,Hibernating
18216,2011-11-08 16:54:59.999999860,32,1,481.75,4,2,2,422,Recent Customers
17106,2010-11-15 14:10:59.999999842,390,1,481.58,2,2,2,222,Hibernating
13176,2011-10-24 15:43:00.000000863,47,1,481.49,4,1,2,412,Recent Customers
15174,2011-01-21 09:05:59.999999916,323,2,481.46,2,2,2,222,Hibernating
13428,2011-11-29 14:19:59.999999721,11,3,478.54,5,3,2,532,Loyal Customers
15589,2011-03-29 09:53:59.999999870,256,3,478.53000000000003,2,3,2,232,Needs Attention
12447,2011-04-10 13:24:59.999999647,244,1,476.49,2,1,2,212,Hibernating
18176,2010-12-16 15:45:00.000000000,359,1,476.35,2,2,2,222,Hibernating
15277,2011-10-24 10:08:00.000000101,47,2,476.34,4,2,2,422,Recent Customers
15507,2011-06-21 11:19:00.000000157,172,1,475.86,3,1,2,312,Needs Attention
15780,2011-06-09 12:01:00.000000194,184,3,475.28000000000003,3,3,2,332,Potential Loyalists
14322,2010-10-06 15:17:00.000000185,430,4,474.1,1,3,2,132,Needs Attention
17104,2010-10-12 12:20:59.999999703,424,1,474.03,1,2,2,122,Hibernating
16635,2010-10-29 09:40:59.999999842,407,1,473.0,2,1,2,212,Hibernating
13194,2011-07-27 09:01:00.000000194,136,2,472.78,3,2,2,322,Needs Attention
14975,2011-10-13 14:07:59.999999888,58,2,472.39,4,2,2,422,Recent Customers
13642,2011-05-08 12:34:00.000000361,216,4,472.2,2,3,2,232,Needs Attention
13161,2011-01-30 14:02:59.999999536,314,2,472.13,2,2,2,222,Hibernating
16038,2011-12-02 12:39:59.999999647,8,3,471.78000000000003,5,3,2,532,Loyal Customers
15721,2011-11-28 12:14:00.000000853,12,1,471.40000000000003,5,1,2,512,Recent Customers
14237,2010-12-01 13:20:00.000000556,374,2,471.14,2,2,2,222,Hibernating
16473,2011-06-28 09:10:00.000000073,165,4,470.83,3,4,2,342,Potential Loyalists
13066,2011-11-15 12:56:59.999999832,25,2,470.8,4,2,2,422,Recent Customers
15963,2011-11-20 11:32:59.999999749,20,2,470.76,4,2,2,422,Recent Customers
17254,2011-12-05 12:46:00.000000194,5,3,469.48,5,3,2,532,Loyal Customers
14058,2010-09-03 09:30:59.999999777,463,2,469.19,1,2,2,122,Hibernating
14369,2010-03-07 15:46:59.999999759,643,2,469.13,1,2,2,122,Hibernating
15557,2011-11-11 12:46:00.000000194,29,1,468.91,4,1,2,412,Recent Customers
15387,2010-08-04 16:05:00.000000139,493,1,468.65,1,1,2,112,Hibernating
12554,2010-09-17 12:29:00.000000018,449,1,468.5,1,1,2,112,Hibernating
13171,2011-11-18 10:27:00.000000046,22,3,468.40999999999997,4,3,2,432,Loyal Customers
17294,2010-02-08 16:12:00.000000250,670,2,467.78999999999996,1,3,2,132,Needs Attention
17187,2011-04-27 12:38:59.999999452,227,2,467.71,2,3,2,232,Needs Attention
14029,2011-10-07 14:45:59.999999777,64,2,467.66,3,2,2,322,Needs Attention
16390,2010-06-21 10:11:00.000000686,537,3,467.5,1,3,2,132,Needs Attention
12958,2010-11-04 16:15:59.999999777,401,2,467.34,2,2,2,222,Hibernating
14052,2011-11-20 12:30:00.000000213,20,2,466.66,5,2,2,522,Recent Customers
14148,2011-04-20 12:01:59.999999759,234,2,466.29,2,2,2,222,Hibernating
16504,2011-11-14 15:17:59.999999749,26,1,465.88,4,1,2,412,Recent Customers
13248,2011-08-07 12:39:59.999999647,125,2,465.68,3,2,2,322,Needs Attention
13928,2011-11-29 10:32:59.999999331,11,4,464.57,5,3,2,532,Loyal Customers
15349,2011-07-04 16:05:59.999999703,159,2,463.90999999999997,3,2,2,322,Needs Attention
14727,2011-03-10 14:45:00.000000213,275,3,463.72999999999996,2,3,2,232,Needs Attention
18083,2010-11-07 11:44:00.000000018,398,1,463.53,2,2,2,222,Hibernating
17040,2011-07-25 10:19:00.000000361,138,2,463.25,3,3,2,332,Potential Loyalists
17964,2011-11-08 10:44:00.000000853,32,2,463.21,4,3,2,432,Loyal Customers
14627,2010-11-25 16:31:59.999999759,380,1,462.75,2,1,2,212,Hibernating
14331,2011-08-07 13:16:59.999999972,125,2,462.65999999999997,3,2,2,322,Needs Attention
14954,2011-11-27 14:29:59.999999164,13,2,462.12,5,2,2,522,Recent Customers
15958,2011-09-26 13:40:59.999999638,75,4,462.12,3,4,2,342,Potential Loyalists
13624,2010-11-16 13:43:00.000000027,389,1,462.08,2,1,2,212,Hibernating
18284,2010-10-04 11:32:59.999999749,432,1,461.68,1,2,2,122,Hibernating
15540,2011-11-28 13:50:59.999999703,12,2,460.68,5,2,2,522,Recent Customers
12491,2011-11-01 12:17:59.999999749,39,1,460.40000000000003,4,1,2,412,Recent Customers
16310,2010-10-21 14:46:59.999999972,415,2,460.08,1,2,2,122,Hibernating
17111,2011-10-23 15:59:00.000000853,48,2,459.58,4,3,2,432,Loyal Customers
16596,2011-11-24 10:02:00.000000185,16,4,458.98,5,4,2,542,Loyal Customers
14118,2010-10-07 11:58:59.999999805,429,1,458.45,1,1,2,112,Hibernating
13957,2010-10-18 10:02:00.000000185,418,3,458.25,1,3,2,132,Needs Attention
14599,2010-11-14 14:49:00.000000361,391,2,457.89,2,2,2,222,Hibernating
14011,2010-08-16 15:30:59.999999777,481,2,457.82,1,2,2,122,Hibernating
15121,2011-10-20 14:51:00.000000129,51,2,457.72,4,2,2,422,Recent Customers
16069,2010-10-18 10:31:59.999999759,418,1,457.7,1,1,2,112,Hibernating
12375,2011-11-29 10:35:59.999999916,11,2,457.5,5,2,2,522,Recent Customers
17344,2011-10-24 12:55:59.999999638,47,2,457.36,4,3,2,432,Loyal Customers
12564,2011-03-23 14:54:59.999999647,262,1,456.9,2,1,2,212,Hibernating
14819,2011-10-06 13:40:59.999999638,65,4,456.41,3,3,2,332,Potential Loyalists
14296,2010-10-14 14:13:59.999999805,422,2,456.40000000000003,1,2,2,122,Hibernating
16039,2010-10-12 10:44:00.000000853,424,2,456.4,1,2,2,122,Hibernating
12999,2011-05-27 13:23:59.999999452,197,3,455.88,2,3,2,232,Needs Attention
15585,2011-06-16 08:38:00.000000101,177,1,455.3,3,1,2,312,Needs Attention
14335,2011-11-23 13:40:59.999999638,17,2,454.86,5,2,2,522,Recent Customers
16765,2011-02-18 15:40:59.999999842,295,2,454.75,2,2,2,222,Hibernating
17067,2009-12-15 08:39:00.000000296,725,3,454.54,1,3,2,132,Needs Attention
12459,2010-04-13 14:52:59.999999888,606,1,454.36,1,1,2,112,Hibernating
17140,2011-04-06 13:32:59.999999331,248,1,454.12,2,2,2,222,Hibernating
15475,2011-09-23 15:20:00.000000139,78,1,454.10999999999996,3,1,2,312,Needs Attention
17564,2011-11-15 13:27:00.000000046,25,3,454.01,4,3,2,432,Loyal Customers
17376,2011-09-30 12:36:00.000000129,71,4,453.64,3,4,2,342,Potential Loyalists
18158,2011-11-30 16:19:00.000000361,10,2,453.4,5,3,2,532,Loyal Customers
16481,2010-01-26 13:09:00.000000296,683,1,453.38,1,1,2,112,Hibernating
12729,2011-08-18 11:39:59.999999860,114,1,453.01,3,1,2,312,Needs Attention
14184,2011-10-04 12:43:00.000000863,67,1,452.89,3,1,2,312,Needs Attention
16799,2010-10-03 14:28:00.000000027,433,2,452.78000000000003,1,2,2,122,Hibernating
13698,2010-04-22 11:51:59.999999693,597,2,451.73,1,2,2,122,Hibernating
18100,2010-06-07 14:19:00.000000157,551,1,451.56,1,2,2,122,Hibernating
15802,2011-07-20 11:38:00.000000101,143,1,451.42,3,1,2,312,Needs Attention
18031,2010-11-26 11:00:00.000000213,379,1,451.3,2,2,2,222,Hibernating
15961,2010-11-25 15:59:00.000000853,380,1,451.28999999999996,2,1,2,212,Hibernating
12831,2011-03-22 13:02:00.000000185,263,3,451.11,2,3,2,232,Needs Attention
15124,2011-11-17 10:09:00.000000296,23,4,450.82,4,3,2,432,Loyal Customers
16870,2010-08-27 13:53:00.000000101,470,1,450.15999999999997,1,2,2,122,Hibernating
13150,2010-08-12 12:59:00.000000853,485,3,449.96999999999997,1,3,2,132,Needs Attention
14784,2011-11-13 13:30:00.000000000,27,3,449.93,4,3,2,432,Loyal Customers
13877,2011-09-14 15:49:00.000000157,87,3,449.68,3,3,2,332,Potential Loyalists
13489,2011-08-26 13:15:59.999999777,106,4,449.52,3,3,2,332,Potential Loyalists
15126,2010-06-21 12:30:59.999999777,537,2,449.49,1,2,2,122,Hibernating
12448,2011-10-26 13:45:59.999999981,45,1,449.45,4,1,2,412,Recent Customers
15418,2010-10-10 13:38:00.000000306,426,2,449.42,1,2,2,122,Hibernating
17823,2010-10-14 16:23:59.999999452,422,2,449.25,1,3,2,132,Needs Attention
15739,2011-10-04 13:41:59.999999832,67,1,449.12,3,1,2,312,Needs Attention
14761,2011-10-12 12:10:00.000000073,59,3,447.92,4,3,2,432,Loyal Customers
14780,2011-10-16 12:46:00.000000194,55,2,447.68,4,2,2,422,Recent Customers
18201,2009-12-17 08:54:59.999999647,723,1,447.53000000000003,1,2,2,122,Hibernating
13754,2011-07-11 11:51:00.000000129,152,3,447.05,3,3,2,332,Potential Loyalists
16095,2010-09-09 16:54:00.000000296,457,1,447.05,1,1,2,112,Hibernating
14149,2011-05-03 09:43:59.999999805,221,1,446.62,2,1,2,212,Hibernating
17370,2011-09-28 10:14:00.000000018,73,4,446.18,3,4,2,342,Potential Loyalists
14010,2010-05-23 12:59:59.999999164,566,2,445.15,1,2,2,122,Hibernating
14328,2010-09-27 16:00:59.999999981,439,1,445.05,1,1,2,112,Hibernating
18134,2010-04-20 14:01:59.999999972,599,2,445.0,1,3,2,132,Needs Attention
12788,2010-09-02 14:20:59.999999916,464,4,444.9,1,3,2,132,Needs Attention
18270,2011-11-01 13:57:00.000000250,39,3,444.55,4,3,2,432,Loyal Customers
14638,2011-10-20 10:09:59.999999860,51,1,443.6,4,1,2,412,Recent Customers
16424,2011-06-01 13:40:00.000000073,192,2,443.06,2,2,2,222,Hibernating
16404,2011-09-30 14:54:59.999999647,71,1,443.05,3,1,2,312,Needs Attention
18222,2011-09-08 10:44:59.999999164,93,1,443.0,3,2,2,322,Needs Attention
14996,2010-08-15 13:44:00.000000853,482,2,442.28999999999996,1,2,2,122,Hibernating
17699,2010-08-20 09:38:59.999999452,477,2,442.0,1,3,2,132,Needs Attention
12579,2011-09-22 17:15:00.000000000,79,1,440.42,3,1,2,312,Needs Attention
18233,2011-01-18 08:44:00.000000018,326,1,440.0,2,2,2,222,Hibernating
13954,2011-12-08 12:49:59.999999721,2,2,439.92,5,2,2,522,Recent Customers
17643,2010-12-01 14:38:00.000000101,374,2,439.7,2,3,2,232,Needs Attention
16025,2011-11-10 11:45:00.000000213,30,1,439.65999999999997,4,1,2,412,Recent Customers
16968,2011-12-05 15:01:59.999999759,5,2,439.43,5,3,2,532,Loyal Customers
13086,2010-11-22 10:28:00.000000863,383,1,439.33000000000004,2,1,2,212,Hibernating
17718,2011-04-21 13:38:59.999999870,233,2,439.18,2,3,2,232,Needs Attention
13432,2010-05-17 13:17:59.999999536,572,2,439.1,1,2,2,122,Hibernating
16519,2011-11-14 15:40:59.999999842,26,4,439.06,4,4,2,442,Loyal Customers
13358,2011-03-16 11:51:59.999999693,269,1,439.03,2,1,2,212,Hibernating
13964,2010-11-17 13:53:00.000000101,388,2,438.9,2,2,2,222,Hibernating
17729,2010-04-22 15:02:59.999999331,597,1,438.65000000000003,1,2,2,122,Hibernating
15859,2010-10-03 12:52:00.000000111,433,1,438.46,1,1,2,112,Hibernating
17807,2010-11-09 16:21:00.000000129,396,3,437.87,2,3,2,232,Needs Attention
12552,2011-11-01 10:02:00.000000185,39,2,437.82,4,2,2,422,Recent Customers
17070,2011-08-17 17:00:59.999999777,115,2,437.42,3,3,2,332,Potential Loyalists
14846,2010-10-08 17:06:59.999999693,428,1,437.4,1,1,2,112,Hibernating
12672,2011-01-14 09:20:00.000000139,330,2,437.05,2,2,2,222,Hibernating
14123,2009-12-06 15:35:00.000000556,734,1,436.18,1,1,2,112,Hibernating
16084,2011-02-13 16:05:00.000000139,300,1,436.18,2,1,2,212,Hibernating
16166,2010-10-07 15:43:59.999999805,429,2,435.83,1,2,2,122,Hibernating
12445,2011-11-17 18:43:00.000000863,23,2,434.98,4,2,2,422,Recent Customers
13738,2010-11-08 15:23:00.000000101,397,1,434.78000000000003,2,1,2,212,Hibernating
15323,2010-05-26 10:00:59.999999981,563,3,434.6,1,3,2,132,Needs Attention
14910,2011-12-07 10:05:59.999999703,3,4,434.35,5,3,2,532,Loyal Customers
14238,2011-01-17 14:39:59.999999860,327,3,434.23,2,3,2,232,Needs Attention
16888,2010-11-04 12:38:59.999999452,401,3,434.2,2,3,2,232,Needs Attention
14093,2011-11-27 16:27:00.000000046,13,1,433.86,5,1,2,512,Recent Customers
16939,2010-08-08 12:24:00.000000296,489,3,433.85,1,3,2,132,Needs Attention
18029,2010-03-07 15:30:00.000000213,643,1,433.77,1,2,2,122,Hibernating
12493,2011-06-27 10:16:59.999999972,166,2,433.74,3,2,2,322,Needs Attention
15613,2010-04-08 12:50:59.999999916,611,1,433.71999999999997,1,1,2,112,Hibernating
16522,2010-09-30 10:54:00.000000296,436,2,433.36,1,2,2,122,Hibernating
17178,2009-12-08 16:20:00.000000556,732,1,432.96,1,2,2,122,Hibernating
17687,2010-10-15 12:30:00.000000213,421,1,432.68,1,2,2,122,Hibernating
16604,2010-05-26 09:10:00.000000073,563,2,432.45,1,2,2,122,Hibernating
16236,2011-09-22 14:09:59.999999647,79,1,432.2,3,1,2,312,Needs Attention
16881,2011-10-04 10:32:59.999999331,67,1,432.0,3,2,2,322,Needs Attention
14042,2009-12-14 15:07:00.000000111,726,1,431.98,1,1,2,112,Hibernating
15488,2011-09-08 10:11:00.000000686,93,5,431.92,3,4,2,342,Potential Loyalists
17842,2010-04-16 14:23:00.000000306,603,1,430.69,1,2,2,122,Hibernating
12452,2011-11-23 10:28:00.000000863,17,2,430.57,5,2,2,522,Recent Customers
12795,2011-11-21 10:27:00.000000046,19,1,430.48,5,1,2,512,Recent Customers
12827,2011-12-04 12:17:00.000000185,6,3,430.15000000000003,5,3,2,532,Loyal Customers
15450,2011-11-09 17:10:59.999999842,31,1,429.84,4,1,2,412,Recent Customers
15461,2010-09-05 12:30:59.999999777,461,2,429.7,1,2,2,122,Hibernating
14979,2009-12-04 12:53:59.999999870,736,1,429.66,1,1,2,112,Hibernating
15230,2011-04-14 14:39:00.000000296,240,2,429.6,2,2,2,222,Hibernating
15036,2011-09-28 15:42:00.000000046,73,3,429.56,3,3,2,332,Potential Loyalists
13413,2010-03-10 12:17:00.000000185,640,6,429.44,1,4,2,142,Needs Attention
15888,2011-09-20 12:30:00.000000213,81,3,429.16,3,3,2,332,Potential Loyalists
15553,2011-10-10 14:01:59.999999972,61,1,428.93,3,1,2,312,Needs Attention
18089,2010-09-19 11:57:00.000000046,447,1,428.45,1,2,2,122,Hibernating
15360,2011-10-31 09:35:00.000000556,40,1,427.93,4,1,2,412,Recent Customers
12740,2011-10-07 10:44:00.000000853,64,1,427.6,3,1,2,312,Needs Attention
18285,2010-02-17 10:23:59.999999452,661,1,427.0,1,2,2,122,Hibernating
17740,2010-11-15 16:32:59.999999331,390,6,426.9,2,4,2,242,Needs Attention
18152,2010-03-03 15:26:00.000000686,647,1,426.69,1,2,2,122,Hibernating
15930,2011-10-03 14:51:59.999999693,68,1,426.63,3,1,2,312,Needs Attention
14288,2011-05-10 13:21:59.999999693,214,1,426.6,2,1,2,212,Hibernating
15966,2010-09-15 10:44:00.000000853,451,1,426.53000000000003,1,1,2,112,Hibernating
15217,2010-05-25 13:50:59.999999703,564,1,426.24,1,1,2,112,Hibernating
14877,2010-10-17 13:09:00.000000296,419,2,425.85,1,2,2,122,Hibernating
13703,2011-01-25 13:09:59.999999860,319,2,425.56,2,2,2,222,Hibernating
17103,2009-12-17 14:07:59.999999888,723,1,424.3,1,2,2,122,Hibernating
16541,2009-12-04 13:21:59.999999693,736,1,424.03,1,1,2,112,Hibernating
16913,2011-02-22 12:55:59.999999638,291,3,423.90999999999997,2,3,2,232,Needs Attention
17330,2011-11-17 08:55:59.999999842,23,4,423.8,4,4,2,442,Loyal Customers
14097,2010-08-15 14:19:59.999999721,482,2,422.85999999999996,1,2,2,122,Hibernating
13374,2010-10-21 10:04:00.000000575,415,2,422.8,1,2,2,122,Hibernating
16137,2010-01-28 15:04:00.000000157,681,1,422.7,1,1,2,112,Hibernating
16689,2011-09-25 11:39:00.000000296,76,2,422.59999999999997,3,2,2,322,Needs Attention
18240,2011-10-24 13:05:59.999999703,47,1,422.58,4,2,2,422,Recent Customers
16149,2011-12-05 11:29:00.000000853,5,3,422.22,5,3,2,532,Loyal Customers
13807,2010-12-07 15:47:59.999999331,368,3,422.2,2,3,2,232,Needs Attention
16773,2011-10-13 14:36:59.999999898,58,3,421.24,4,3,2,432,Loyal Customers
14757,2011-09-25 14:35:59.999999703,76,1,420.5,3,1,2,312,Needs Attention
15206,2011-11-29 13:40:59.999999638,11,4,420.29999999999995,5,3,2,532,Loyal Customers
15711,2010-06-01 12:14:00.000000853,557,2,420.25,1,2,2,122,Hibernating
14575,2010-08-08 14:51:00.000000129,489,1,420.22,1,1,2,112,Hibernating
13672,2011-02-11 13:53:00.000000101,302,3,419.92,2,3,2,232,Needs Attention
13442,2010-02-10 14:02:59.999999536,668,3,419.87,1,3,2,132,Needs Attention
13096,2010-11-10 14:07:59.999999888,395,1,419.70000000000005,2,1,2,212,Hibernating
14124,2011-09-16 13:31:59.999999759,85,1,419.58,3,1,2,312,Needs Attention
13079,2011-12-05 16:53:00.000000101,5,6,419.18,5,4,2,542,Loyal Customers
15262,2011-01-20 12:15:59.999999981,324,3,418.82,2,3,2,232,Needs Attention
12593,2011-08-23 12:43:00.000000863,109,3,418.09999999999997,3,3,2,332,Potential Loyalists
13073,2010-10-24 14:06:00.000000129,412,2,418.08,1,2,2,122,Hibernating
17701,2011-04-01 12:24:59.999999860,253,1,417.95,2,2,2,222,Hibernating
17232,2011-12-07 12:20:59.999999703,3,2,417.77,5,3,2,532,Loyal Customers
16832,2011-06-08 15:36:00.000000129,185,5,417.61,3,4,2,342,Potential Loyalists
14762,2011-03-21 08:19:59.999999721,264,2,417.57,2,2,2,222,Hibernating
12833,2011-07-17 13:45:59.999999981,146,1,417.38,3,1,2,312,Needs Attention
17258,2010-11-08 12:36:59.999999693,397,2,417.3,2,3,2,232,Needs Attention
16816,2011-08-28 14:16:00.000000194,104,4,417.06,3,4,2,342,Potential Loyalists
15935,2011-04-14 13:27:00.000000046,240,2,416.86,2,2,2,222,Hibernating
16957,2011-04-14 13:56:00.000000686,240,2,416.64,2,3,2,232,Needs Attention
15011,2010-11-09 11:09:59.999999647,396,2,416.6,2,2,2,222,Hibernating
16355,2010-11-29 14:20:59.999999916,376,1,416.35,2,1,2,212,Hibernating
16356,2011-05-26 11:51:00.000000129,198,6,415.87,2,4,2,242,Needs Attention
12930,2011-09-22 15:17:59.999999749,79,2,415.8,3,2,2,322,Needs Attention
12608,2010-10-31 10:49:00.000000575,405,1,415.79,2,1,2,212,Hibernating
15725,2011-11-24 14:51:00.000000129,16,1,415.25,5,1,2,512,Recent Customers
14333,2011-10-03 10:38:00.000000306,68,1,415.2,3,1,2,312,Needs Attention
13565,2011-11-20 14:32:59.999999749,20,3,414.8,5,3,2,532,Loyal Customers
18278,2011-09-27 11:58:00.000000863,74,2,414.20000000000005,3,3,2,332,Potential Loyalists
13002,2011-01-25 15:17:59.999999749,319,3,414.13,2,3,2,232,Needs Attention
13669,2011-10-20 09:31:59.999999972,51,3,413.55,4,3,2,432,Loyal Customers
14082,2010-12-10 11:01:59.999999972,365,2,413.36,2,2,2,222,Hibernating
17601,2011-04-14 18:01:59.999999759,240,2,413.08,2,3,2,232,Needs Attention
17767,2011-11-24 14:42:00.000000250,16,2,413.05,5,3,2,532,Loyal Customers
17662,2010-02-16 09:37:59.999999888,662,2,412.92,1,3,2,132,Needs Attention
14620,2011-05-18 11:58:00.000000863,206,2,412.78000000000003,2,2,2,222,Hibernating
16932,2011-10-17 14:12:00.000000046,54,3,412.55,4,3,2,432,Loyal Customers
18050,2010-12-15 14:25:00.000000073,360,2,412.06,2,3,2,232,Needs Attention
16272,2011-08-15 10:54:00.000000296,117,1,411.7,3,1,2,312,Needs Attention
15960,2010-11-30 15:56:59.999999832,375,4,410.95,2,4,2,242,Needs Attention
18011,2010-12-01 17:35:00.000000139,374,2,410.79,2,3,2,232,Needs Attention
15099,2011-09-16 13:12:59.999999814,85,1,410.48,3,1,2,312,Needs Attention
17598,2010-11-23 17:42:59.999999814,382,1,409.98,2,2,2,222,Hibernating
13827,2011-10-13 12:37:59.999999888,58,3,409.8,4,3,2,432,Loyal Customers
14581,2011-11-23 12:38:59.999999452,17,2,409.65,5,2,2,522,Recent Customers
14348,2011-03-24 16:22:59.999999888,261,1,409.57,2,1,2,212,Hibernating
15225,2011-04-19 14:51:00.000000129,235,1,409.40000000000003,2,1,2,212,Hibernating
16864,2010-10-01 16:15:59.999999777,435,2,409.25,1,3,2,132,Needs Attention
16921,2011-10-09 16:21:59.999999693,62,3,409.21,3,3,2,332,Potential Loyalists
16243,2011-11-06 12:31:59.999999972,34,2,409.1,4,2,2,422,Recent Customers
13686,2011-06-10 09:10:00.000000073,183,3,409.04,3,3,2,332,Potential Loyalists
12974,2011-05-26 09:32:59.999999536,198,2,408.95,2,2,2,222,Hibernating
16629,2011-09-27 10:34:00.000000157,74,2,408.63,3,2,2,322,Needs Attention
16324,2011-08-03 12:58:00.000000027,129,3,408.59,3,3,2,332,Potential Loyalists
17285,2010-03-21 13:38:00.000000306,629,2,407.94,1,3,2,132,Needs Attention
12353,2011-05-19 17:46:59.999999972,205,2,406.76,2,2,2,222,Hibernating
16632,2010-08-11 11:39:00.000000296,486,2,406.4,1,2,2,122,Hibernating
17000,2010-11-08 13:34:59.999999721,397,2,406.3,2,3,2,232,Needs Attention
15342,2011-08-02 10:19:00.000000361,130,1,406.09,3,1,2,312,Needs Attention
12741,2010-06-28 14:35:59.999999703,530,2,406.07,1,2,2,122,Hibernating
16815,2010-09-12 10:59:00.000000018,454,2,406.02,1,2,2,122,Hibernating
18111,2010-04-29 12:58:00.000000027,590,1,405.85,1,2,2,122,Hibernating
12922,2011-07-01 15:35:00.000000556,162,1,405.38,3,1,2,312,Needs Attention
13143,2010-05-04 12:21:59.999999898,585,1,405.1,1,1,2,112,Hibernating
13640,2010-04-07 15:32:59.999999536,612,1,405.0,1,1,2,112,Hibernating
15941,2010-03-12 14:45:00.000000213,638,1,405.0,1,1,2,112,Hibernating
15968,2010-11-16 13:04:00.000000575,389,1,404.55,2,1,2,212,Hibernating
13574,2010-10-24 13:28:00.000000863,412,1,404.45,1,1,2,112,Hibernating
16319,2011-05-06 11:26:59.999999832,218,1,404.40000000000003,2,1,2,212,Hibernating
16484,2011-06-19 12:05:59.999999916,174,2,404.3,3,2,2,322,Needs Attention
12498,2011-11-18 12:53:00.000000306,22,3,403.70000000000005,4,3,2,432,Loyal Customers
14678,2010-05-09 14:32:00.000000185,580,1,403.39,1,1,2,112,Hibernating
17785,2011-10-17 13:43:00.000000027,54,3,403.38,4,3,2,432,Loyal Customers
17431,2011-01-30 14:35:59.999999703,314,1,403.3,2,2,2,222,Hibernating
13530,2010-03-15 14:09:59.999999647,635,1,402.97999999999996,1,1,2,112,Hibernating
16315,2011-01-13 11:57:00.000000046,331,2,402.71,2,2,2,222,Hibernating
15504,2011-09-19 13:44:59.999999164,82,4,402.7,3,3,2,332,Potential Loyalists
17094,2011-01-21 13:09:00.000000296,323,2,402.20000000000005,2,3,2,232,Needs Attention
16998,2011-07-13 09:43:59.999999805,150,5,402.0,3,4,2,342,Potential Loyalists
12386,2011-01-06 12:36:59.999999693,338,2,401.9,2,2,2,222,Hibernating
14494,2011-11-14 09:20:59.999999703,26,3,401.46,4,3,2,432,Loyal Customers
14471,2010-04-27 17:12:00.000000046,592,2,400.95,1,2,2,122,Hibernating
17168,2010-07-29 12:32:59.999999536,499,1,400.2,1,2,2,122,Hibernating
14358,2010-11-15 15:50:59.999999916,390,2,400.06,2,2,2,222,Hibernating
15501,2010-10-31 11:15:00.000000000,405,2,399.95,2,2,2,222,Hibernating
15446,2010-11-28 11:58:59.999999805,377,3,399.75,2,3,2,232,Needs Attention
18164,2011-11-02 12:55:59.999999638,38,1,399.65000000000003,4,2,2,422,Recent Customers
13252,2010-11-10 15:59:59.999999164,395,2,399.3,2,2,2,222,Hibernating
18128,2010-06-20 13:19:00.000000361,538,1,399.29,1,2,2,122,Hibernating
17052,2011-11-11 14:50:00.000000556,29,1,399.09,4,2,2,422,Recent Customers
17830,2011-12-08 12:27:59.999999814,2,3,398.7,5,3,2,532,Loyal Customers
15522,2011-11-07 11:25:59.999999638,33,2,397.99,4,2,2,422,Recent Customers
13352,2011-10-10 13:54:59.999999860,61,1,397.97999999999996,3,1,2,312,Needs Attention
12508,2011-11-13 15:36:59.999999693,27,2,397.88,4,2,2,422,Recent Customers
15037,2010-11-28 13:05:00.000000139,377,2,397.76,2,2,2,222,Hibernating
15280,2011-06-20 17:13:59.999999805,173,3,397.52,3,3,2,332,Potential Loyalists
15429,2011-11-13 12:27:59.999999814,27,2,397.35,4,2,2,422,Recent Customers
17789,2011-03-03 13:14:00.000000018,282,2,397.15,2,3,2,232,Needs Attention
12824,2011-10-11 12:49:00.000000157,60,1,397.12,3,1,2,312,Needs Attention
17486,2011-03-23 14:00:00.000000213,262,1,396.87,2,2,2,222,Hibernating
13597,2010-11-04 14:53:59.999999452,401,2,396.71,2,2,2,222,Hibernating
15883,2011-12-07 17:05:00.000000556,3,2,396.48,5,2,2,522,Recent Customers
17918,2010-07-27 11:51:00.000000129,501,3,396.39,1,3,2,132,Needs Attention
18067,2011-10-30 15:58:00.000000027,41,1,396.33,4,2,2,422,Recent Customers
15577,2011-07-11 17:02:59.999999536,152,5,396.03000000000003,3,4,2,342,Potential Loyalists
13879,2010-03-04 10:49:00.000000575,646,1,395.5,1,1,2,112,Hibernating
13083,2011-12-05 15:01:00.000000194,5,3,395.43,5,3,2,532,Loyal Customers
12677,2010-06-02 14:29:59.999999164,556,2,395.1,1,2,2,122,Hibernating
16538,2010-06-16 16:59:00.000000018,542,3,395.07,1,3,2,132,Needs Attention
18048,2011-05-20 14:58:00.000000863,204,3,394.93,2,3,2,232,Needs Attention
16207,2011-11-14 13:50:59.999999703,26,1,394.38,4,1,2,412,Recent Customers
15386,2011-06-06 13:47:00.000000185,187,1,394.14,3,1,2,312,Needs Attention
12499,2010-05-28 15:11:59.999999832,561,1,393.72,1,1,2,112,Hibernating
17300,2010-11-14 10:56:00.000000686,391,2,393.64,2,3,2,232,Needs Attention
15345,2011-10-25 11:28:00.000000027,46,1,393.54,4,1,2,412,Recent Customers
15437,2011-03-22 13:11:00.000000686,263,2,393.45,2,2,2,222,Hibernating
17563,2010-05-10 14:53:59.999999452,579,2,392.38,1,3,2,132,Needs Attention
18110,2011-11-20 12:34:00.000000361,20,2,392.28000000000003,4,3,2,432,Loyal Customers
16827,2010-11-11 14:04:00.000000361,394,5,392.13,2,4,2,242,Needs Attention
16783,2010-09-29 11:52:59.999999888,437,1,391.95,1,2,2,122,Hibernating
14072,2010-02-11 12:30:59.999999777,667,1,390.85,1,1,2,112,Hibernating
14197,2010-10-25 10:00:59.999999981,411,1,390.05,1,1,2,112,Hibernating
18024,2011-07-10 12:39:59.999999647,153,2,389.78,3,3,2,332,Potential Loyalists
17116,2010-03-01 16:28:59.999999805,649,1,389.78,1,2,2,122,Hibernating
17379,2011-11-28 13:56:00.000000686,12,1,389.71999999999997,5,2,2,522,Recent Customers
14752,2011-10-27 11:54:59.999999647,44,1,389.64,4,1,2,412,Recent Customers
13345,2011-02-25 09:01:00.000000194,288,1,389.5,2,1,2,212,Hibernating
17479,2010-03-17 09:26:00.000000686,633,1,389.26000000000005,1,2,2,122,Hibernating
17286,2011-11-18 12:46:59.999999759,22,3,389.18,4,3,2,432,Loyal Customers
12690,2011-05-18 09:08:59.999999870,206,1,389.01,2,1,2,212,Hibernating
18227,2011-05-06 12:23:00.000000101,218,2,388.75,2,3,2,232,Needs Attention
15592,2011-10-24 08:58:59.999999805,47,1,388.58,4,1,2,412,Recent Customers
13896,2010-03-24 08:54:59.999999647,626,1,388.55,1,1,2,112,Hibernating
13899,2011-11-23 13:40:00.000000073,17,2,388.52,5,2,2,522,Recent Customers
13673,2011-11-21 12:10:59.999999638,19,2,387.44,5,2,2,522,Recent Customers
17771,2011-10-14 11:42:59.999999814,57,4,387.41,4,4,2,442,Loyal Customers
17595,2011-11-27 16:08:00.000000101,13,2,386.69,5,3,2,532,Loyal Customers
16148,2011-02-16 14:00:59.999999777,297,2,386.62,2,2,2,222,Hibernating
17614,2011-10-13 16:00:59.999999981,58,1,386.32,4,2,2,422,Recent Customers
14779,2011-03-04 12:42:00.000000046,281,3,386.15,2,3,2,232,Needs Attention
13584,2011-02-06 12:49:00.000000157,307,3,385.7,2,3,2,232,Needs Attention
16492,2010-06-17 08:19:59.999999721,541,1,385.56,1,1,2,112,Hibernating
12973,2010-10-22 10:14:00.000000018,414,1,385.55,1,1,2,112,Hibernating
12889,2010-11-23 16:08:00.000000101,382,4,385.46000000000004,2,3,2,232,Needs Attention
12829,2011-01-07 11:13:00.000000863,337,3,385.3,2,3,2,232,Needs Attention
14826,2010-05-07 09:00:00.000000000,582,2,385.2,1,2,2,122,Hibernating
17617,2010-05-30 12:47:59.999999331,559,1,385.19,1,2,2,122,Hibernating
17711,2011-11-29 11:39:59.999999860,11,2,385.1,5,3,2,532,Loyal Customers
17171,2011-02-23 16:37:00.000000111,290,2,384.59,2,3,2,232,Needs Attention
16868,2010-11-10 13:16:59.999999972,395,3,384.56,2,3,2,232,Needs Attention
16433,2011-11-11 14:08:59.999999452,29,2,384.52,4,2,2,422,Recent Customers
17357,2011-11-15 16:30:00.000000000,25,2,384.39,4,3,2,432,Loyal Customers
13966,2010-09-30 13:08:00.000000101,436,1,384.26,1,1,2,112,Hibernating
16982,2011-10-10 12:27:59.999999814,61,1,384.06,3,2,2,322,Needs Attention
14598,2011-10-26 13:19:00.000000361,45,2,384.04,4,2,2,422,Recent Customers
15155,2010-11-21 12:59:00.000000853,384,1,383.96999999999997,2,1,2,212,Hibernating
13792,2011-10-04 14:30:59.999999981,67,3,383.95,3,3,2,332,Potential Loyalists
17804,2010-11-28 14:00:59.999999777,377,3,383.78000000000003,2,3,2,232,Needs Attention
12515,2010-12-21 15:43:00.000000863,354,1,383.7,2,1,2,212,Hibernating
15440,2011-10-16 12:15:59.999999981,55,3,383.68,4,3,2,432,Loyal Customers
12547,2011-05-26 12:37:59.999999888,198,3,383.58,2,3,2,232,Needs Attention
12832,2011-11-07 13:30:00.000000000,33,2,383.03,4,2,2,422,Recent Customers
13817,2011-11-10 17:49:00.000000361,30,2,382.98,4,2,2,422,Recent Customers
17403,2011-11-03 15:17:59.999999749,37,2,382.87,4,3,2,432,Loyal Customers
14767,2010-08-22 14:53:59.999999452,475,1,382.81,1,1,2,112,Hibernating
16988,2011-12-04 16:02:00.000000185,6,2,382.67,5,3,2,532,Loyal Customers
13657,2011-11-29 12:31:59.999999972,11,2,382.14,5,2,2,522,Recent Customers
17753,2010-09-01 15:49:00.000000157,465,4,382.06,1,4,2,142,Needs Attention
17250,2011-12-06 12:14:59.999999164,4,2,381.97,5,3,2,532,Loyal Customers
14908,2011-09-26 12:55:59.999999638,75,2,381.9,3,2,2,322,Needs Attention
16304,2010-01-14 08:29:59.999999164,695,1,381.66,1,1,2,112,Hibernating
15090,2011-02-04 14:02:59.999999536,309,1,381.32,2,1,2,212,Hibernating
17393,2010-10-25 11:09:59.999999647,411,2,381.15,1,3,2,132,Needs Attention
17903,2010-11-10 15:38:59.999999452,395,1,381.09000000000003,2,2,2,222,Hibernating
15048,2011-10-05 14:54:59.999999647,66,4,381.0,3,3,2,332,Potential Loyalists
12796,2010-03-21 15:49:00.000000157,629,1,381.0,1,1,2,112,Hibernating
17573,2011-11-10 13:00:59.999999981,30,3,380.6,4,3,2,432,Loyal Customers
17936,2011-12-04 13:31:59.999999759,6,1,380.13,5,2,2,522,Recent Customers
14731,2011-10-23 15:53:59.999999870,48,3,380.02,4,3,2,432,Loyal Customers
16577,2010-02-11 09:45:00.000000000,667,1,380.0,1,1,2,112,Hibernating
16552,2011-04-11 10:04:00.000000575,243,2,379.73,2,2,2,222,Hibernating
14200,2010-04-01 13:00:59.999999981,618,1,379.2,1,1,2,112,Hibernating
16909,2011-09-28 16:44:59.999999164,73,1,379.14,3,2,2,322,Needs Attention
16930,2011-11-13 16:12:59.999999814,27,3,378.89,4,3,2,432,Loyal Customers
13372,2011-09-11 12:46:00.000000194,90,1,378.64,3,1,2,312,Needs Attention
17078,2011-11-03 19:16:59.999999972,37,2,378.2,4,3,2,432,Loyal Customers
12651,2011-01-09 12:46:00.000000194,335,4,377.75,2,3,2,232,Needs Attention
12941,2009-12-15 13:12:00.000000250,725,1,377.49,1,1,2,112,Hibernating
17736,2011-11-30 15:36:00.000000129,10,3,377.44,5,3,2,532,Loyal Customers
17783,2011-09-28 16:06:59.999999898,73,3,376.96,3,3,2,332,Potential Loyalists
17717,2010-10-14 12:53:59.999999870,422,1,376.92,1,2,2,122,Hibernating
16544,2010-07-08 11:10:59.999999842,520,4,376.70000000000005,1,4,2,142,Needs Attention
17489,2011-10-12 08:55:59.999999842,59,2,376.64,3,3,2,332,Potential Loyalists
14353,2011-05-08 16:05:59.999999703,216,3,376.5,2,3,2,232,Needs Attention
13997,2010-07-08 18:05:59.999999916,520,3,376.46,1,3,2,132,Needs Attention
14531,2010-08-17 10:15:59.999999777,480,1,376.34,1,1,2,112,Hibernating
13688,2010-03-14 14:10:59.999999842,636,1,375.5,1,1,2,112,Hibernating
14448,2011-11-30 13:50:00.000000139,10,2,375.35,5,2,2,522,Recent Customers
14294,2010-10-28 16:24:59.999999647,408,1,375.34,2,1,2,212,Hibernating
14067,2011-10-07 10:21:00.000000129,64,2,374.7,3,2,2,322,Needs Attention
17912,2011-02-02 14:25:00.000000073,311,6,374.55,2,4,2,242,Needs Attention
17568,2010-03-16 16:44:59.999999164,634,1,374.45,1,2,2,122,Hibernating
14736,2010-08-11 15:20:59.999999703,486,2,374.05,1,2,2,122,Hibernating
13351,2011-10-04 12:55:00.000000073,67,1,373.94,3,1,2,312,Needs Attention
13283,2011-10-11 09:49:59.999999721,60,4,373.36,3,3,2,332,Potential Loyalists
17810,2010-02-09 10:47:00.000000185,669,2,373.16,1,3,2,132,Needs Attention
15337,2010-10-24 15:29:00.000000018,412,1,373.02,1,1,2,112,Hibernating
13197,2010-04-09 09:14:00.000000853,610,1,373.01000000000005,1,1,2,112,Hibernating
14981,2011-04-07 13:44:59.999999164,247,2,372.92,2,2,2,222,Hibernating
12895,2011-10-28 13:50:59.999999703,43,2,372.8,4,2,2,422,Recent Customers
12544,2011-11-03 16:15:00.000000213,37,1,372.7,4,1,2,412,Recent Customers
12981,2011-11-10 12:00:00.000000000,30,2,372.21999999999997,4,2,2,422,Recent Customers
13164,2010-05-19 13:51:59.999999898,570,2,372.2,1,2,2,122,Hibernating
17245,2011-05-19 10:43:00.000000027,205,2,371.63,2,3,2,232,Needs Attention
18155,2011-09-25 13:31:59.999999759,76,3,371.62,3,3,2,332,Potential Loyalists
15472,2011-08-18 15:17:00.000000185,114,1,371.56,3,1,2,312,Needs Attention
18162,2009-12-07 13:23:59.999999452,733,1,371.51,1,2,2,122,Hibernating
14950,2011-11-20 13:47:59.999999749,20,1,371.2,4,1,2,412,Recent Customers
15975,2011-09-16 13:32:59.999999331,85,1,371.01,3,1,2,312,Needs Attention
15063,2011-05-10 13:24:59.999999647,214,1,370.79999999999995,2,1,2,212,Hibernating
15765,2010-02-11 10:24:59.999999647,667,1,370.63,1,1,2,112,Hibernating
14168,2010-10-15 10:49:00.000000575,421,2,370.45,1,2,2,122,Hibernating
15458,2011-11-14 13:08:00.000000101,26,2,370.43999999999994,4,2,2,422,Recent Customers
17437,2010-06-28 11:10:59.999999842,530,1,369.68,1,2,2,122,Hibernating
15922,2010-12-01 13:50:59.999999703,374,1,369.5,2,1,2,212,Hibernating
16758,2011-10-05 14:46:59.999999972,66,1,369.34000000000003,3,2,2,322,Needs Attention
14888,2011-05-16 14:58:00.000000863,208,1,369.2,2,1,2,212,Hibernating
14172,2010-04-13 13:25:59.999999842,606,3,369.02,1,3,2,132,Needs Attention
15477,2010-02-28 10:37:00.000000111,650,1,368.4,1,1,2,112,Hibernating
17792,2010-08-29 14:29:59.999999164,468,2,368.35,1,3,2,132,Needs Attention
15989,2010-11-29 12:02:59.999999331,376,2,368.31,2,2,2,222,Hibernating
14706,2010-03-31 11:08:59.999999452,619,1,367.54,1,1,2,112,Hibernating
14018,2010-03-04 14:23:00.000000306,646,1,367.15000000000003,1,1,2,112,Hibernating
14962,2011-03-14 09:42:00.000000046,271,4,366.91,2,3,2,232,Needs Attention
14244,2010-02-17 11:39:59.999999860,661,1,366.41999999999996,1,1,2,112,Hibernating
12899,2010-10-22 09:53:00.000000306,414,1,366.4,1,1,2,112,Hibernating
17911,2011-11-30 14:51:59.999999693,10,1,366.23,5,2,2,522,Recent Customers
16974,2010-07-05 10:17:59.999999536,523,2,365.5,1,3,2,132,Needs Attention
15029,2010-03-30 12:15:59.999999981,620,1,365.1,1,1,2,112,Hibernating
13545,2010-11-14 11:26:59.999999832,391,2,364.93,2,2,2,222,Hibernating
17536,2011-06-15 13:22:59.999999888,178,3,364.83,3,3,2,332,Potential Loyalists
14886,2011-04-01 08:55:59.999999842,253,1,364.8,2,1,2,212,Hibernating
15949,2011-11-23 09:08:59.999999870,17,2,364.72,5,2,2,522,Recent Customers
15343,2011-09-13 13:54:59.999999860,88,1,364.5,3,1,2,312,Needs Attention
15915,2010-11-03 11:13:00.000000863,402,1,364.45,2,1,2,212,Hibernating
14528,2011-11-02 17:08:59.999999452,38,1,364.21999999999997,4,1,2,412,Recent Customers
16509,2011-02-16 09:24:59.999999860,297,1,363.7,2,1,2,212,Hibernating
14253,2010-08-03 14:54:59.999999647,494,2,363.40000000000003,1,2,2,122,Hibernating
14594,2011-12-02 13:28:00.000000863,8,2,363.33,5,2,2,522,Recent Customers
16078,2011-03-01 09:46:59.999999759,284,2,362.99,2,2,2,222,Hibernating
16378,2011-04-06 15:07:00.000000111,248,3,362.95,2,3,2,232,Needs Attention
13962,2011-11-18 08:46:59.999999972,22,3,362.8,4,3,2,432,Loyal Customers
14840,2011-03-17 12:00:00.000000000,268,2,362.71,2,2,2,222,Hibernating
14122,2010-10-29 15:10:59.999999638,407,3,362.42,2,3,2,232,Needs Attention
16052,2011-10-16 15:13:00.000000027,55,1,362.06,4,1,2,412,Recent Customers
13844,2011-11-28 13:21:00.000000129,12,1,361.62,5,1,2,512,Recent Customers
16305,2011-07-24 12:17:59.999999749,139,1,361.21999999999997,3,1,2,312,Needs Attention
16448,2011-05-25 16:28:00.000000863,199,2,361.12,2,2,2,222,Hibernating
13274,2010-10-26 13:47:59.999999749,410,1,360.85,2,1,2,212,Hibernating
18091,2010-04-25 13:17:59.999999536,594,1,360.85,1,2,2,122,Hibernating
17772,2011-11-29 11:05:00.000000556,11,3,360.75,5,3,2,532,Loyal Customers
17012,2009-12-14 17:34:00.000000575,726,1,360.61,1,2,2,122,Hibernating
17945,2010-01-12 11:39:59.999999860,697,3,360.35,1,3,2,132,Needs Attention
18208,2010-05-23 11:53:59.999999452,566,1,360.08,1,2,2,122,Hibernating
13298,2011-12-08 13:11:00.000000686,2,1,360.0,5,1,2,512,Recent Customers
15008,2010-08-16 13:09:00.000000296,481,2,360.0,1,2,2,122,Hibernating
13181,2010-11-23 15:04:59.999999721,382,1,359.69,2,1,2,212,Hibernating
14926,2010-11-23 07:12:59.999999814,382,2,359.4,2,2,2,222,Hibernating
14919,2010-06-18 13:05:59.999999703,540,1,359.35,1,1,2,112,Hibernating
15120,2011-07-29 09:47:59.999999331,134,1,358.82,3,1,2,312,Needs Attention
17948,2011-07-15 12:58:00.000000027,148,1,358.56000000000006,3,2,2,322,Needs Attention
16856,2011-11-25 08:58:59.999999805,15,3,358.49,5,3,2,532,Loyal Customers
17748,2010-06-30 13:49:00.000000575,528,1,358.15,1,2,2,122,Hibernating
13228,2011-09-19 14:28:00.000000027,82,1,358.0,3,1,2,312,Needs Attention
16606,2010-10-31 13:57:00.000000250,405,2,357.66,2,2,2,222,Hibernating
15595,2010-08-09 12:27:00.000000250,488,1,357.6,1,1,2,112,Hibernating
12495,2010-03-09 10:53:00.000000101,641,1,357.4,1,1,2,112,Hibernating
16971,2011-11-01 15:05:59.999999916,39,1,357.21,4,2,2,422,Recent Customers
18040,2011-11-20 14:19:59.999999721,20,2,357.20000000000005,4,3,2,432,Loyal Customers
18273,2011-12-07 13:15:59.999999777,3,4,357.0,5,4,2,542,Loyal Customers
14500,2011-09-12 16:44:59.999999164,89,3,356.85,3,3,2,332,Potential Loyalists
17200,2010-11-17 13:04:00.000000575,388,4,356.71,2,4,2,242,Needs Attention
15840,2011-10-12 09:08:00.000000306,59,2,355.56,4,2,2,422,Recent Customers
12996,2010-11-29 09:27:00.000000250,376,1,355.5,2,1,2,212,Hibernating
16920,2010-10-24 14:06:59.999999693,412,1,355.45,1,2,2,122,Hibernating
15863,2011-11-14 12:49:00.000000157,26,5,355.1,4,4,2,442,Loyal Customers
14268,2010-08-26 10:44:59.999999164,471,1,354.85,1,1,2,112,Hibernating
15986,2011-11-09 15:17:00.000000185,31,2,354.42,4,2,2,422,Recent Customers
12888,2011-05-09 16:02:00.000000185,215,2,354.12,2,2,2,222,Hibernating
12845,2011-03-17 13:34:00.000000157,268,4,354.09,2,3,2,232,Needs Attention
16323,2011-05-27 14:47:59.999999536,197,2,353.66,2,2,2,222,Hibernating
18003,2010-11-28 15:08:59.999999870,377,1,353.51,2,2,2,222,Hibernating
13210,2011-09-07 08:17:59.999999331,94,1,353.48,3,1,2,312,Needs Attention
13343,2011-06-15 12:24:00.000000296,178,1,353.43,3,1,2,312,Needs Attention
14804,2011-12-01 11:19:59.999999721,9,1,353.27,5,1,2,512,Recent Customers
16382,2010-10-27 16:22:59.999999888,409,2,353.1,2,2,2,222,Hibernating
16690,2011-09-28 15:01:59.999999759,73,4,353.03,3,4,2,342,Potential Loyalists
12617,2011-11-10 14:39:00.000000296,30,1,352.98,4,1,2,412,Recent Customers
13765,2010-02-24 13:45:59.999999981,654,1,352.821,1,1,2,112,Hibernating
16857,2010-09-23 10:49:00.000000575,443,1,352.8,1,2,2,122,Hibernating
16274,2010-12-01 15:35:00.000000556,374,1,351.75,2,1,2,212,Hibernating
12566,2011-09-14 14:29:59.999999164,87,1,351.65,3,1,2,312,Needs Attention
16192,2009-12-04 12:27:59.999999814,736,1,351.3,1,1,2,112,Hibernating
13923,2011-10-17 12:32:59.999999536,54,1,351.13,4,1,2,412,Recent Customers
14252,2010-11-23 13:35:59.999999916,382,1,350.99,2,1,2,212,Hibernating
13332,2011-11-25 13:30:00.000000000,15,1,350.9,5,1,2,512,Recent Customers
13281,2010-09-26 16:02:59.999999749,440,1,350.85,1,1,2,112,Hibernating
15334,2011-07-06 11:22:00.000000111,157,3,350.82,3,3,2,332,Potential Loyalists
16476,2010-10-04 10:28:59.999999805,432,1,350.35,1,1,2,112,Hibernating
12532,2011-11-09 13:47:00.000000185,31,1,349.83000000000004,4,1,2,412,Recent Customers
13670,2011-09-25 15:24:59.999999860,76,1,349.7,3,1,2,312,Needs Attention
13887,2011-05-19 17:22:00.000000111,205,1,349.55,2,1,2,212,Hibernating
18250,2011-02-02 13:15:59.999999777,311,1,349.27,2,2,2,222,Hibernating
14545,2010-02-03 15:23:00.000000101,675,1,349.25,1,1,2,112,Hibernating
17252,2011-08-15 09:45:00.000000000,117,2,348.91,3,3,2,332,Potential Loyalists
13790,2011-12-05 15:47:59.999999331,5,1,348.8,5,1,2,512,Recent Customers
17577,2010-03-04 13:00:59.999999981,646,2,348.75,1,3,2,132,Needs Attention
15282,2010-05-18 16:27:00.000000046,571,1,348.59,1,1,2,112,Hibernating
16263,2010-10-12 14:51:59.999999693,424,1,348.16,1,1,2,112,Hibernating
12760,2010-09-10 08:50:00.000000556,456,1,347.8,1,1,2,112,Hibernating
17668,2011-12-08 13:24:59.999999647,2,2,347.75,5,3,2,532,Loyal Customers
15085,2009-12-10 11:46:59.999999972,730,1,347.54,1,1,2,112,Hibernating
13062,2011-06-01 15:11:59.999999832,192,1,346.98,2,1,2,212,Hibernating
12411,2010-10-26 09:24:59.999999860,410,1,346.9,2,1,2,212,Hibernating
17780,2010-02-10 13:43:00.000000027,668,3,346.56,1,3,2,132,Needs Attention
13234,2010-02-05 11:41:00.000000686,673,2,346.5,1,2,2,122,Hibernating
16423,2011-11-15 09:20:59.999999703,25,1,346.12,4,1,2,412,Recent Customers
15781,2011-11-14 14:57:00.000000046,26,3,345.46,4,3,2,432,Loyal Customers
13774,2011-09-19 12:05:59.999999916,82,1,345.0,3,1,2,312,Needs Attention
14633,2011-03-18 17:06:59.999999693,267,1,344.90000000000003,2,1,2,212,Hibernating
18199,2010-01-25 11:32:00.000000185,684,1,344.75,1,2,2,122,Hibernating
15519,2010-11-21 14:35:00.000000139,384,2,344.61,2,2,2,222,Hibernating
17569,2011-01-11 14:15:00.000000000,333,1,344.14,2,2,2,222,Hibernating
13068,2011-11-29 15:00:00.000000000,11,2,344.0,5,2,2,522,Recent Customers
16990,2011-05-05 08:29:59.999999164,219,2,344.0,2,3,2,232,Needs Attention
15047,2011-03-15 10:49:00.000000575,270,1,343.62,2,1,2,212,Hibernating
15520,2011-12-08 10:57:59.999999814,2,1,343.5,5,1,2,512,Recent Customers
18081,2011-11-03 16:30:00.000000000,37,3,343.45,4,3,2,432,Loyal Customers
12715,2011-08-25 15:21:59.999999898,107,1,343.36,3,1,2,312,Needs Attention
13519,2011-09-22 18:24:00.000000296,79,2,343.21,3,2,2,322,Needs Attention
17795,2011-06-13 12:36:00.000000129,180,2,342.83,3,3,2,332,Potential Loyalists
13550,2010-11-21 15:24:00.000000296,384,1,342.55,2,1,2,212,Hibernating
16851,2011-12-05 13:31:59.999999759,5,3,342.45,5,3,2,532,Loyal Customers
14989,2010-02-16 10:40:00.000000073,662,1,342.4,1,1,2,112,Hibernating
17835,2011-12-07 11:47:59.999999536,3,3,342.24,5,3,2,532,Loyal Customers
17660,2011-07-21 13:37:00.000000111,142,2,342.22,3,3,2,332,Potential Loyalists
14724,2010-04-28 13:25:59.999999842,591,1,341.9,1,1,2,112,Hibernating
16826,2011-10-19 14:05:00.000000556,52,1,341.7,4,2,2,422,Recent Customers
16585,2010-04-25 10:34:00.000000157,594,2,341.59,1,2,2,122,Hibernating
13187,2011-01-06 18:56:59.999999832,338,4,341.36,2,3,2,232,Needs Attention
13347,2011-09-30 13:28:00.000000863,71,1,341.36,3,1,2,312,Needs Attention
17928,2011-10-25 13:51:59.999999898,46,3,341.24,4,3,2,432,Loyal Customers
16259,2010-10-25 14:26:59.999999832,411,3,340.94,1,3,2,132,Needs Attention
14491,2011-06-17 15:21:59.999999898,176,2,340.93,3,2,2,322,Needs Attention
17542,2011-03-15 11:45:00.000000213,270,3,340.85,2,3,2,232,Needs Attention
16044,2010-09-30 18:11:59.999999832,436,1,340.84000000000003,1,1,2,112,Hibernating
15818,2010-04-30 12:58:00.000000027,589,1,340.5,1,1,2,112,Hibernating
12900,2010-10-13 15:17:00.000000185,423,1,340.33,1,1,2,112,Hibernating
12698,2010-04-28 15:50:59.999999916,591,1,339.75,1,1,2,112,Hibernating
13737,2011-05-23 16:31:59.999999759,201,1,339.59999999999997,2,1,2,212,Hibernating
14203,2010-11-07 13:34:59.999999721,398,1,339.34,2,1,2,212,Hibernating
17697,2011-04-17 15:39:59.999999647,237,1,338.95,2,2,2,222,Hibernating
14630,2010-08-12 16:38:00.000000306,485,1,338.65,1,1,2,112,Hibernating
17833,2009-12-16 13:40:00.000000073,724,1,338.46,1,2,2,122,Hibernating
14799,2011-10-19 16:15:59.999999777,52,2,338.15,4,2,2,422,Recent Customers
17296,2009-12-09 14:00:59.999999777,731,1,338.13,1,2,2,122,Hibernating
12869,2010-01-27 12:10:00.000000073,682,1,337.66999999999996,1,1,2,112,Hibernating
15942,2011-07-29 09:01:00.000000194,134,1,337.44,3,1,2,312,Needs Attention
12780,2010-04-20 09:39:59.999999647,599,1,337.4,1,1,2,112,Hibernating
13930,2011-10-13 09:45:00.000000000,58,2,337.34,4,2,2,422,Recent Customers
17973,2011-10-19 10:34:00.000000157,52,1,337.04,4,2,2,422,Recent Customers
17488,2010-03-08 14:06:59.999999693,642,1,336.5,1,2,2,122,Hibernating
15619,2011-11-29 08:13:59.999999805,11,1,336.40000000000003,5,1,2,512,Recent Customers
13482,2011-04-21 17:02:59.999999536,233,2,336.09,2,2,2,222,Hibernating
14196,2011-08-25 10:24:59.999999647,107,1,335.52,3,1,2,312,Needs Attention
16063,2011-03-24 14:55:59.999999842,261,1,335.32,2,1,2,212,Hibernating
17917,2011-10-25 13:20:00.000000556,46,3,335.03,4,3,2,432,Loyal Customers
12489,2011-01-07 13:12:59.999999814,337,1,334.93,2,1,2,212,Hibernating
17821,2010-10-29 13:20:00.000000556,407,1,334.62,2,2,2,222,Hibernating
12350,2011-02-02 16:00:59.999999981,311,1,334.4,2,1,2,212,Hibernating
17607,2010-11-28 13:11:00.000000686,377,1,333.81,2,2,2,222,Hibernating
13216,2011-03-17 12:17:59.999999749,268,1,333.74,2,1,2,212,Hibernating
14241,2011-06-09 11:45:59.999999777,184,2,333.70000000000005,3,2,2,322,Needs Attention
16234,2010-08-20 14:32:59.999999749,477,3,333.18,1,3,2,132,Needs Attention
16006,2011-05-12 13:12:00.000000250,212,2,332.82,2,2,2,222,Hibernating
14137,2010-01-13 12:30:00.000000213,696,1,332.7,1,1,2,112,Hibernating
13904,2011-11-02 13:40:59.999999638,38,2,332.64,4,2,2,422,Recent Customers
16850,2011-01-10 11:08:59.999999452,334,1,332.41,2,2,2,222,Hibernating
16803,2011-10-05 14:28:00.000000027,66,1,332.3,3,2,2,322,Needs Attention
16452,2010-03-19 12:38:59.999999452,631,2,332.17,1,2,2,122,Hibernating
17647,2011-10-05 15:37:59.999999888,66,3,331.65999999999997,3,3,2,332,Potential Loyalists
15512,2011-07-07 10:20:00.000000556,156,4,331.58,3,3,2,332,Potential Loyalists
17435,2010-10-24 13:54:59.999999860,412,1,331.35,1,2,2,122,Hibernating
16030,2011-02-03 11:28:00.000000027,310,1,331.24,2,1,2,212,Hibernating
13981,2010-10-20 10:02:59.999999749,416,1,331.14,1,1,2,112,Hibernating
16478,2011-11-14 15:50:59.999999916,26,3,331.0,4,3,2,432,Loyal Customers
15878,2010-05-27 12:17:00.000000185,562,2,330.77,1,2,2,122,Hibernating
17776,2010-11-18 12:14:00.000000853,387,2,330.56,2,3,2,232,Needs Attention
14517,2011-11-06 14:19:59.999999721,34,2,330.45,4,2,2,422,Recent Customers
12807,2010-11-21 14:20:59.999999916,384,1,330.35,2,1,2,212,Hibernating
13010,2010-11-30 15:08:59.999999870,375,2,330.12,2,2,2,222,Hibernating
15130,2011-06-23 10:15:00.000000213,170,1,330.11,3,1,2,312,Needs Attention
12850,2010-09-20 12:26:00.000000686,446,1,330.0,1,1,2,112,Hibernating
18186,2009-12-17 10:21:59.999999693,723,1,329.58,1,2,2,122,Hibernating
17518,2010-10-10 12:39:59.999999647,426,2,329.42,1,3,2,132,Needs Attention
17914,2011-12-06 11:58:00.000000863,4,1,329.36,5,2,2,522,Recent Customers
17154,2011-09-25 13:41:59.999999832,76,1,329.34,3,2,2,322,Needs Attention
15153,2011-11-08 17:08:59.999999452,32,1,329.25,4,1,2,412,Recent Customers
15979,2010-04-16 11:35:00.000000139,603,1,329.22,1,1,2,112,Hibernating
15880,2010-12-05 12:59:59.999999164,370,1,329.03000000000003,2,1,2,212,Hibernating
16286,2010-08-19 14:47:59.999999536,478,2,328.95,1,2,2,122,Hibernating
14012,2011-03-07 12:26:00.000000686,278,1,328.8,2,1,2,212,Hibernating
16855,2011-11-16 12:02:59.999999331,24,2,328.4,4,3,2,432,Loyal Customers
15213,2011-01-25 12:20:59.999999703,319,2,328.35,2,2,2,222,Hibernating
14747,2011-04-04 14:08:59.999999452,250,1,328.2,2,1,2,212,Hibernating
16318,2011-11-04 13:05:00.000000139,36,1,328.15,4,1,2,412,Recent Customers
15709,2011-03-01 10:38:00.000000306,284,2,327.85,2,2,2,222,Hibernating
17196,2010-10-08 11:30:59.999999981,428,1,327.75,1,2,2,122,Hibernating
15735,2010-10-14 13:38:00.000000306,422,1,327.68,1,1,2,112,Hibernating
13498,2009-12-09 15:26:00.000000686,731,1,327.38,1,1,2,112,Hibernating
16322,2011-12-08 15:40:59.999999842,2,2,326.75,5,2,2,522,Recent Customers
12460,2010-09-09 13:50:59.999999703,457,1,326.65,1,1,2,112,Hibernating
13646,2010-11-05 12:13:00.000000027,400,2,326.25,2,2,2,222,Hibernating
18047,2010-11-23 13:11:00.000000686,382,2,326.09,2,3,2,232,Needs Attention
17439,2010-02-22 12:47:59.999999331,656,1,325.74,1,2,2,122,Hibernating
12804,2010-08-31 11:58:00.000000863,466,2,325.37,1,2,2,122,Hibernating
13661,2010-04-15 14:58:00.000000863,604,1,325.24,1,1,2,112,Hibernating
15670,2011-02-16 10:50:00.000000139,297,2,325.2,2,2,2,222,Hibernating
13801,2011-10-04 10:15:00.000000213,67,1,324.8,3,1,2,312,Needs Attention
15982,2010-04-13 15:46:59.999999759,606,1,324.51,1,1,2,112,Hibernating
12946,2010-09-29 10:14:00.000000018,437,1,324.45,1,1,2,112,Hibernating
18261,2011-10-27 15:36:00.000000129,44,2,324.24,4,3,2,432,Loyal Customers
16685,2011-10-09 13:57:59.999999814,62,2,324.24,3,2,2,322,Needs Attention
13834,2010-05-12 10:27:00.000000046,577,2,324.19,1,2,2,122,Hibernating
17440,2011-07-06 11:53:59.999999452,157,4,323.58,3,4,2,342,Potential Loyalists
13025,2009-12-08 10:02:00.000000185,732,1,323.39,1,1,2,112,Hibernating
16195,2009-12-16 14:08:59.999999452,724,1,323.25,1,1,2,112,Hibernating
14263,2010-10-12 14:08:59.999999452,424,1,322.93,1,1,2,112,Hibernating
16627,2011-09-21 14:38:00.000000101,80,1,322.8,3,1,2,312,Needs Attention
14832,2010-03-19 15:14:00.000000853,631,1,322.69,1,1,2,112,Hibernating
16342,2011-09-25 14:35:59.999999703,76,4,322.41,3,4,2,342,Potential Loyalists
14424,2011-11-22 11:47:59.999999536,18,1,322.08,5,1,2,512,Recent Customers
15726,2010-11-14 16:12:00.000000250,391,1,321.91,2,1,2,212,Hibernating
18090,2010-10-14 12:31:59.999999972,422,1,321.9,1,2,2,122,Hibernating
13111,2009-12-21 09:00:00.000000000,719,1,321.88000000000005,1,1,2,112,Hibernating
17976,2010-12-02 13:49:00.000000575,373,1,321.79,2,2,2,222,Hibernating
17471,2010-08-22 11:52:59.999999888,475,1,321.65000000000003,1,2,2,122,Hibernating
14070,2010-01-24 12:27:00.000000250,685,1,321.6,1,1,2,112,Hibernating
15770,2010-04-06 11:46:59.999999972,613,1,321.45,1,1,2,112,Hibernating
14823,2011-06-12 13:12:00.000000250,181,3,321.43,3,3,2,332,Potential Loyalists
17182,2010-10-13 10:09:00.000000296,423,2,321.3,1,3,2,132,Needs Attention
15869,2011-03-07 17:23:00.000000306,278,3,321.11,2,3,2,232,Needs Attention
15236,2011-02-14 10:51:59.999999898,299,1,321.05,2,1,2,212,Hibernating
15432,2011-11-16 16:30:00.000000000,24,2,320.76,4,2,2,422,Recent Customers
14622,2011-06-08 12:42:00.000000046,185,1,320.58000000000004,3,1,2,312,Needs Attention
13986,2011-11-22 15:00:00.000000000,18,1,320.46,5,1,2,512,Recent Customers
17843,2011-02-09 15:32:59.999999536,304,2,320.4,2,3,2,232,Needs Attention
17309,2011-09-05 15:20:00.000000139,96,3,320.39,3,3,2,332,Potential Loyalists
16683,2010-06-24 10:35:59.999999916,534,1,320.25,1,2,2,122,Hibernating
13942,2010-06-23 12:35:00.000000556,535,1,320.0,1,1,2,112,Hibernating
13843,2010-11-23 17:47:59.999999536,382,1,319.75,2,1,2,212,Hibernating
16436,2010-02-09 13:19:00.000000361,669,3,319.14,1,3,2,132,Needs Attention
16967,2011-06-03 14:23:59.999999870,190,1,319.02,2,2,2,222,Hibernating
17229,2011-09-04 13:56:00.000000686,97,2,318.76,3,3,2,332,Potential Loyalists
16273,2010-03-01 13:23:59.999999452,649,2,318.34000000000003,1,2,2,122,Hibernating
15682,2010-04-19 15:30:00.000000213,600,2,318.24,1,2,2,122,Hibernating
14703,2011-11-25 09:23:00.000000101,15,1,318.17,5,1,2,512,Recent Customers
17839,2011-10-28 17:26:59.999999832,43,1,318.15,4,2,2,422,Recent Customers
18253,2010-03-07 12:37:59.999999888,643,1,317.88,1,2,2,122,Hibernating
17267,2011-08-04 17:22:00.000000111,128,2,317.2,3,3,2,332,Potential Loyalists
15616,2010-09-27 13:09:59.999999860,439,1,317.11,1,1,2,112,Hibernating
17689,2010-11-16 13:21:59.999999693,389,2,317.08,2,3,2,232,Needs Attention
16761,2011-09-04 11:15:00.000000000,97,1,316.62,3,2,2,322,Needs Attention
15204,2010-12-17 13:49:00.000000575,358,1,316.58,2,1,2,212,Hibernating
12529,2010-06-29 13:09:59.999999860,529,1,316.48,1,1,2,112,Hibernating
13494,2011-02-01 11:58:00.000000863,312,1,316.26000000000005,2,1,2,212,Hibernating
17408,2011-06-29 12:53:00.000000306,164,3,316.09000000000003,3,3,2,332,Potential Loyalists
18117,2011-11-14 12:46:59.999999759,26,1,315.65,4,2,2,422,Recent Customers
12614,2011-03-07 10:21:59.999999693,278,1,315.6,2,1,2,212,Hibernating
15042,2011-05-24 16:24:59.999999647,200,2,315.45,2,2,2,222,Hibernating
16091,2011-07-08 08:45:00.000000213,155,2,315.06,3,2,2,322,Needs Attention
17121,2010-11-02 11:46:59.999999972,403,1,314.74,2,2,2,222,Hibernating
14991,2010-10-05 13:00:59.999999981,431,1,314.67,1,1,2,112,Hibernating
18206,2010-06-04 13:47:00.000000185,554,1,314.65999999999997,1,2,2,122,Hibernating
12650,2011-12-06 16:34:00.000000157,4,1,314.44,5,1,2,512,Recent Customers
18070,2010-02-08 13:28:00.000000863,670,1,314.1,1,2,2,122,Hibernating
15873,2010-07-28 12:40:59.999999842,500,4,313.91999999999996,1,3,2,132,Needs Attention
15196,2010-10-03 10:50:00.000000139,433,2,313.7,1,2,2,122,Hibernating
13087,2009-12-13 15:15:59.999999981,727,1,313.64,1,1,2,112,Hibernating
16582,2011-08-18 17:01:59.999999972,114,1,313.62,3,1,2,312,Needs Attention
12665,2011-01-19 08:34:00.000000575,325,3,313.6,2,3,2,232,Needs Attention
13845,2011-10-06 08:25:00.000000073,65,1,312.98,3,1,2,312,Needs Attention
15162,2009-12-08 13:14:00.000000018,732,1,312.9,1,1,2,112,Hibernating
13905,2009-12-07 11:41:00.000000686,733,1,312.65,1,1,2,112,Hibernating
15318,2011-12-06 11:29:59.999999164,4,1,312.62,5,1,2,512,Recent Customers
13226,2011-03-11 14:35:00.000000139,274,2,312.46,2,2,2,222,Hibernating
12834,2011-03-02 09:49:00.000000157,283,1,312.38,2,1,2,212,Hibernating
17326,2010-10-27 15:37:59.999999888,409,2,312.35,2,3,2,232,Needs Attention
14094,2010-09-26 11:58:00.000000863,440,1,311.77,1,1,2,112,Hibernating
14951,2011-09-21 15:14:59.999999164,80,1,311.69,3,1,2,312,Needs Attention
12852,2011-02-18 08:46:59.999999972,295,1,311.55,2,1,2,212,Hibernating
13990,2011-05-10 15:19:00.000000575,214,1,311.3,2,1,2,212,Hibernating
15724,2011-05-22 14:39:59.999999860,202,3,310.85,2,3,2,232,Needs Attention
16328,2010-05-25 14:01:59.999999972,564,1,310.83,1,1,2,112,Hibernating
13400,2010-05-06 09:00:00.000000000,583,1,310.83,1,1,2,112,Hibernating
13847,2009-12-20 10:40:59.999999638,720,1,310.72,1,1,2,112,Hibernating
16439,2009-12-17 14:22:00.000000111,723,1,310.70000000000005,1,1,2,112,Hibernating
15185,2011-09-30 14:06:00.000000129,71,1,310.62,3,1,2,312,Needs Attention
14848,2010-10-31 12:21:59.999999898,405,1,310.56,2,1,2,212,Hibernating
15308,2011-03-10 13:08:00.000000101,275,1,310.47,2,1,2,212,Hibernating
15188,2009-12-14 13:30:00.000000000,726,1,310.43,1,1,2,112,Hibernating
13315,2010-01-19 15:34:00.000000361,690,1,310.26,1,1,2,112,Hibernating
14749,2010-08-17 12:36:00.000000129,480,1,310.15,1,1,2,112,Hibernating
13628,2010-02-01 14:44:00.000000018,677,1,310.14,1,1,2,112,Hibernating
17181,2011-10-13 14:47:59.999999536,58,3,309.85,4,3,2,432,Loyal Customers
15699,2011-11-22 08:25:59.999999638,18,1,309.65,5,1,2,512,Recent Customers
16373,2010-11-22 15:49:59.999999721,383,2,309.49,2,2,2,222,Hibernating
12884,2011-09-12 13:09:59.999999860,89,1,309.05,3,1,2,312,Needs Attention
15010,2011-11-04 12:42:00.000000046,36,1,308.94,4,1,2,412,Recent Customers
16956,2011-11-22 08:55:59.999999842,18,1,308.74,5,2,2,522,Recent Customers
16194,2010-11-29 13:28:00.000000863,376,1,308.59999999999997,2,1,2,212,Hibernating
14181,2010-10-25 08:26:59.999999832,411,2,308.35,2,2,2,222,Hibernating
13369,2010-12-09 11:29:59.999999164,366,1,308.28000000000003,2,1,2,212,Hibernating
14927,2010-11-08 12:30:00.000000213,397,1,308.2,2,1,2,212,Hibernating
15302,2009-12-09 13:11:00.000000686,731,1,308.0,1,1,2,112,Hibernating
15778,2010-10-04 15:10:00.000000073,432,1,307.95,1,1,2,112,Hibernating
13289,2009-12-16 11:52:59.999999888,724,1,307.95,1,1,2,112,Hibernating
16123,2011-10-19 09:17:59.999999749,52,1,307.78,4,1,2,412,Recent Customers
13529,2011-09-22 09:14:59.999999164,79,2,307.76,3,2,2,322,Needs Attention
14777,2010-11-01 12:49:59.999999721,404,1,307.56,2,1,2,212,Hibernating
13060,2011-03-31 11:36:59.999999898,254,1,307.53,2,1,2,212,Hibernating
17120,2011-04-20 15:20:59.999999703,234,1,307.46,2,2,2,222,Hibernating
13932,2011-02-18 12:01:59.999999759,295,1,307.4,2,1,2,212,Hibernating
15374,2011-08-03 09:59:00.000000853,129,2,307.32,3,2,2,322,Needs Attention
14783,2010-02-18 16:15:59.999999777,660,1,307.3,1,1,2,112,Hibernating
17721,2010-02-18 15:17:59.999999749,660,1,307.21000000000004,1,2,2,122,Hibernating
13036,2010-01-24 11:35:00.000000139,685,1,307.1,1,1,2,112,Hibernating
13142,2011-11-20 16:06:59.999999898,20,1,307.09,5,1,2,512,Recent Customers
15087,2011-03-03 10:34:00.000000157,282,1,306.94,2,1,2,212,Hibernating
13660,2010-11-04 16:09:59.999999860,401,1,306.64,2,1,2,212,Hibernating
16649,2010-07-07 15:40:59.999999842,521,1,306.58,1,1,2,112,Hibernating
13718,2011-04-07 13:23:59.999999452,247,2,306.55,2,2,2,222,Hibernating
18059,2011-11-16 16:49:00.000000575,24,3,306.46,4,3,2,432,Loyal Customers
16524,2010-09-19 13:37:00.000000111,447,2,306.19,1,2,2,122,Hibernating
17077,2010-05-10 16:35:59.999999916,579,1,306.0,1,2,2,122,Hibernating
15454,2010-12-12 14:20:59.999999916,363,2,305.99,2,2,2,222,Hibernating
15135,2011-04-14 19:15:59.999999777,240,2,305.68,2,2,2,222,Hibernating
16796,2011-09-11 14:00:59.999999777,90,1,305.62,3,2,2,322,Needs Attention
16181,2011-09-27 13:38:00.000000306,74,1,305.54,3,1,2,312,Needs Attention
15893,2010-08-15 11:12:00.000000046,482,1,305.28000000000003,1,1,2,112,Hibernating
13383,2010-06-14 11:45:00.000000213,544,1,305.28000000000003,1,1,2,112,Hibernating
15163,2011-11-21 13:09:59.999999860,19,2,304.47,5,2,2,522,Recent Customers
16217,2011-04-18 13:31:00.000000194,236,2,304.25,2,2,2,222,Hibernating
18185,2011-04-04 13:41:59.999999832,250,1,304.25,2,2,2,222,Hibernating
16674,2011-10-16 11:30:59.999999981,55,2,304.24,4,2,2,422,Recent Customers
17688,2010-11-11 10:40:59.999999638,394,1,304.2,2,2,2,222,Hibernating
14990,2010-04-06 13:54:00.000000296,613,2,304.17,1,2,2,122,Hibernating
17383,2011-12-05 17:35:59.999999703,5,2,304.09,5,3,2,532,Loyal Customers
16489,2010-11-24 14:39:59.999999860,381,2,303.7,2,2,2,222,Hibernating
14791,2010-04-12 10:23:59.999999452,607,1,303.63,1,1,2,112,Hibernating
14806,2011-09-25 15:31:59.999999972,76,2,303.43,3,2,2,322,Needs Attention
18255,2011-09-11 13:15:59.999999777,90,2,303.15,3,3,2,332,Potential Loyalists
16425,2011-02-10 14:29:59.999999164,303,1,302.7,2,1,2,212,Hibernating
14043,2010-08-05 18:17:59.999999749,492,2,302.59999999999997,1,2,2,122,Hibernating
18165,2011-06-15 13:22:59.999999888,178,1,302.46000000000004,3,2,2,322,Needs Attention
17339,2011-09-06 13:28:59.999999805,95,3,302.36,3,3,2,332,Potential Loyalists
17506,2011-09-25 11:39:00.000000296,76,1,302.2,3,2,2,322,Needs Attention
15054,2011-11-27 15:01:59.999999759,13,2,302.1,5,2,2,522,Recent Customers
15242,2010-10-13 15:32:59.999999536,423,1,302.04,1,1,2,112,Hibernating
16297,2011-03-16 08:29:00.000000853,269,1,301.9,2,1,2,212,Hibernating
13773,2010-11-08 11:49:00.000000361,397,2,301.54,2,2,2,222,Hibernating
15667,2011-10-31 10:56:00.000000686,40,1,301.32,4,1,2,412,Recent Customers
15148,2011-11-29 08:20:59.999999916,11,1,301.29,5,1,2,512,Recent Customers
13625,2010-04-22 10:50:00.000000139,597,1,301.26,1,1,2,112,Hibernating
16437,2010-11-23 16:59:00.000000018,382,2,301.25,2,2,2,222,Hibernating
12351,2010-11-29 15:23:00.000000101,376,1,300.93,2,1,2,212,Hibernating
16479,2011-11-29 13:40:00.000000073,11,2,300.83,5,2,2,522,Recent Customers
16050,2011-06-19 11:44:00.000000018,174,3,300.7,3,3,2,332,Potential Loyalists
17556,2011-05-18 10:47:59.999999749,206,2,300.67,2,3,2,232,Needs Attention
17793,2011-11-14 14:23:59.999999870,26,1,300.34,4,2,2,422,Recent Customers
14797,2010-07-20 14:06:59.999999693,508,1,300.31,1,1,2,112,Hibernating
17991,2011-04-28 15:58:00.000000027,226,3,300.3,2,3,2,232,Needs Attention
17766,2010-11-23 14:29:00.000000853,382,2,299.61,2,3,2,232,Needs Attention
12864,2011-07-24 13:02:59.999999749,139,2,299.57,3,2,2,322,Needs Attention
13346,2010-09-03 11:41:00.000000686,463,6,299.4,1,4,2,142,Needs Attention
17898,2011-09-15 14:55:59.999999842,86,4,299.18,3,4,2,342,Potential Loyalists
13667,2011-07-13 15:42:00.000000046,150,1,299.05,3,1,2,312,Needs Attention
12595,2010-07-23 09:10:00.000000073,505,1,299.02,1,1,2,112,Hibernating
15609,2011-06-08 12:59:59.999999164,185,1,298.48,3,1,2,312,Needs Attention
17824,2011-10-19 14:13:59.999999805,52,1,298.4,4,2,2,422,Recent Customers
12881,2011-03-09 11:44:00.000000018,276,1,298.0,2,1,2,212,Hibernating
18018,2011-08-23 17:36:59.999999898,109,4,297.99,3,4,2,342,Potential Loyalists
16583,2010-12-01 12:02:59.999999331,374,2,297.95,2,2,2,222,Hibernating
14835,2010-06-29 10:08:00.000000101,529,2,297.0,1,2,2,122,Hibernating
17627,2010-08-18 11:26:59.999999832,479,1,296.36,1,2,2,122,Hibernating
13751,2011-02-24 15:55:59.999999638,289,1,296.25,2,1,2,212,Hibernating
12898,2010-09-02 08:07:59.999999888,464,2,296.21000000000004,1,2,2,122,Hibernating
13504,2011-10-06 13:20:00.000000556,65,1,295.93,3,1,2,312,Needs Attention
14269,2010-09-26 12:53:00.000000306,440,1,295.73,1,1,2,112,Hibernating
14614,2010-11-18 13:04:00.000000575,387,1,295.13,2,1,2,212,Hibernating
16252,2010-11-22 11:57:00.000000046,383,1,295.09000000000003,2,1,2,212,Hibernating
16579,2010-10-10 11:58:00.000000863,426,1,295.05,1,1,2,112,Hibernating
17057,2010-04-22 19:21:00.000000129,597,1,294.74,1,2,2,122,Hibernating
17301,2011-11-18 13:43:00.000000027,22,2,294.39,4,3,2,432,Loyal Customers
15060,2011-12-01 13:47:00.000000185,9,4,294.25,5,3,2,532,Loyal Customers
17124,2011-06-07 14:01:59.999999972,186,1,294.24,3,2,2,322,Needs Attention
17927,2009-12-18 11:02:59.999999536,722,1,294.0,1,2,2,122,Hibernating
15718,2010-06-17 16:20:00.000000556,541,1,293.79,1,1,2,112,Hibernating
14192,2010-11-16 17:44:00.000000018,389,1,293.74,2,1,2,212,Hibernating
15928,2010-02-21 15:15:59.999999981,657,1,293.53,1,1,2,112,Hibernating
17710,2010-10-12 07:49:00.000000575,424,1,293.5,1,2,2,122,Hibernating
16402,2011-03-20 12:24:59.999999860,265,2,293.45,2,2,2,222,Hibernating
17441,2009-12-07 13:31:59.999999759,733,1,293.35,1,2,2,122,Hibernating
17207,2010-02-25 19:08:00.000000101,653,1,292.62,1,2,2,122,Hibernating
16721,2011-03-22 16:08:00.000000101,263,1,292.47,2,2,2,222,Hibernating
16543,2010-04-27 11:38:00.000000101,592,1,292.21,1,1,2,112,Hibernating
13739,2011-11-21 13:34:59.999999721,19,2,292.2,5,2,2,522,Recent Customers
14985,2011-05-25 14:29:00.000000853,199,2,292.01,2,2,2,222,Hibernating
13449,2011-11-16 08:28:00.000000027,24,1,291.88,4,1,2,412,Recent Customers
17907,2010-03-09 12:32:59.999999536,641,1,291.76,1,2,2,122,Hibernating
17882,2010-11-25 14:39:59.999999860,380,2,291.56,2,3,2,232,Needs Attention
16615,2010-03-23 15:13:00.000000027,627,1,291.5,1,1,2,112,Hibernating
18182,2010-09-02 14:25:00.000000073,464,1,291.13,1,2,2,122,Hibernating
17551,2010-12-15 14:12:00.000000046,360,1,290.34,2,2,2,222,Hibernating
15391,2010-05-04 15:04:00.000000157,585,1,289.87,1,1,2,112,Hibernating
16897,2011-02-13 15:01:59.999999759,300,2,289.78,2,3,2,232,Needs Attention
13796,2010-07-28 14:45:00.000000213,500,1,289.7,1,1,2,112,Hibernating
15962,2010-09-16 13:47:59.999999749,450,1,289.48,1,1,2,112,Hibernating
15041,2011-06-22 16:15:59.999999777,171,2,289.4,3,2,2,322,Needs Attention
14162,2011-06-19 11:35:59.999999703,174,2,289.36,3,2,2,322,Needs Attention
15545,2011-10-16 13:23:59.999999452,55,2,288.96999999999997,4,2,2,422,Recent Customers
17501,2011-05-03 09:46:59.999999759,221,2,288.6,2,3,2,232,Needs Attention
16808,2011-09-01 19:34:00.000000157,100,2,288.42,3,2,2,322,Needs Attention
16432,2011-10-06 13:59:00.000000018,65,1,287.4,3,1,2,312,Needs Attention
17497,2010-11-14 14:16:59.999999759,391,2,287.25,2,3,2,232,Needs Attention
13508,2011-04-10 11:58:00.000000863,244,2,287.05,2,2,2,222,Hibernating
14660,2011-09-14 11:34:00.000000575,87,2,285.74,3,2,2,322,Needs Attention
14402,2010-02-25 13:20:00.000000556,653,1,285.6,1,1,2,112,Hibernating
17636,2011-11-20 14:39:59.999999860,20,1,285.56,4,2,1,421,Recent Customers
16890,2010-08-20 11:23:00.000000306,477,3,285.41,1,3,1,131,Needs Attention
13708,2011-03-13 13:45:59.999999981,272,1,285.33,2,1,1,211,Hibernating
12487,2009-12-09 11:35:59.999999703,731,1,285.29999999999995,1,1,1,111,Hibernating
16429,2011-08-25 13:54:00.000000296,107,1,284.55,3,1,1,311,Needs Attention
15445,2011-03-20 15:05:59.999999916,265,2,284.5,2,2,1,221,Hibernating
17359,2011-11-28 14:36:59.999999898,12,2,284.46,5,3,1,531,Loyal Customers
15354,2010-04-15 16:23:59.999999452,604,3,284.4,1,3,1,131,Needs Attention
13616,2010-05-20 12:59:00.000000853,569,2,283.85,1,2,1,121,Hibernating
13121,2011-03-15 16:47:00.000000185,270,1,283.73,2,1,1,211,Hibernating
15662,2010-02-16 16:47:00.000000185,662,2,283.73,1,2,1,121,Hibernating
13909,2010-10-12 17:22:00.000000111,424,2,282.85,1,2,1,121,Hibernating
15936,2010-11-25 16:38:59.999999870,380,2,282.79,2,2,1,221,Hibernating
13511,2010-02-01 12:10:00.000000073,677,1,282.76,1,1,1,111,Hibernating
12771,2010-08-11 11:51:00.000000129,486,1,282.3,1,1,1,111,Hibernating
16557,2011-11-15 14:04:00.000000361,25,2,281.85,4,2,1,421,Recent Customers
13326,2010-10-03 15:59:59.999999164,433,1,281.76,1,1,1,111,Hibernating
13679,2010-08-03 12:13:00.000000027,494,3,281.26,1,3,1,131,Needs Attention
18042,2011-10-17 11:49:00.000000361,54,2,281.15,4,3,1,431,Loyal Customers
15772,2010-10-17 13:32:59.999999331,419,1,280.88,1,1,1,111,Hibernating
12851,2011-09-04 12:40:59.999999842,97,2,280.76,3,2,1,321,Needs Attention
13080,2011-06-13 14:58:59.999999805,180,4,280.73,3,3,1,331,Potential Loyalists
14433,2010-08-31 12:35:00.000000556,466,1,280.7,1,1,1,111,Hibernating
14242,2011-04-19 11:45:59.999999777,235,2,280.55,2,2,1,221,Hibernating
13581,2011-02-03 14:41:00.000000686,310,2,280.53000000000003,2,2,1,221,Hibernating
17247,2011-11-24 15:20:59.999999703,16,1,280.09000000000003,5,2,1,521,Recent Customers
15556,2011-11-15 16:08:00.000000101,25,1,279.77,4,1,1,411,Recent Customers
14183,2010-10-24 14:45:00.000000213,412,2,278.34,1,2,1,121,Hibernating
14764,2011-10-24 11:53:59.999999452,47,1,278.3,4,1,1,411,Recent Customers
14303,2010-10-28 15:36:59.999999693,408,2,277.94,2,2,1,221,Hibernating
15338,2010-01-31 14:25:00.000000073,678,1,277.93,1,1,1,111,Hibernating
15355,2011-11-10 13:44:00.000000853,30,2,277.05,4,2,1,421,Recent Customers
13606,2011-11-10 17:45:59.999999777,30,3,276.75,4,3,1,431,Loyal Customers
13272,2011-11-08 14:00:00.000000213,32,2,276.56,4,2,1,421,Recent Customers
12750,2011-08-03 09:13:00.000000027,129,1,275.88,3,1,1,311,Needs Attention
13399,2010-09-01 13:59:00.000000018,465,3,275.4,1,3,1,131,Needs Attention
16313,2011-12-06 13:02:00.000000185,4,2,274.15000000000003,5,2,1,521,Recent Customers
12789,2011-10-05 13:34:00.000000157,66,3,273.35,3,3,1,331,Potential Loyalists
17072,2010-03-24 16:32:59.999999331,626,1,273.35,1,2,1,121,Hibernating
13307,2011-08-11 17:13:59.999999805,121,3,273.34,3,3,1,331,Potential Loyalists
17355,2010-11-18 13:17:59.999999536,387,1,273.31,2,2,1,221,Hibernating
13861,2010-10-06 14:19:59.999999721,430,2,273.26,1,2,1,121,Hibernating
17498,2011-09-25 12:24:59.999999860,76,1,272.22,3,2,1,321,Needs Attention
13917,2011-10-21 09:55:59.999999638,50,2,272.04,4,2,1,421,Recent Customers
14816,2011-05-26 13:15:59.999999777,198,1,271.85,2,1,1,211,Hibernating
17292,2010-08-24 17:13:59.999999805,473,2,271.75,1,3,1,131,Needs Attention
14436,2011-09-02 10:12:59.999999814,99,2,271.7,3,2,1,321,Needs Attention
13058,2011-11-15 12:43:00.000000863,25,3,271.40000000000003,4,3,1,431,Loyal Customers
15943,2010-02-28 12:49:00.000000157,650,2,271.28999999999996,1,2,1,121,Hibernating
17278,2011-04-12 13:09:59.999999860,242,2,271.24,2,3,1,231,Needs Attention
18238,2010-07-12 12:50:59.999999916,516,1,270.92,1,2,1,121,Hibernating
14520,2011-12-08 09:46:00.000000194,2,2,270.6,5,2,1,521,Recent Customers
16757,2011-01-25 11:58:59.999999805,319,2,270.48,2,2,1,221,Hibernating
12558,2011-12-02 10:40:59.999999638,8,1,269.96,5,1,1,511,Recent Customers
18267,2010-02-05 08:42:59.999999814,673,1,269.37,1,2,1,121,Hibernating
15964,2010-02-14 15:30:00.000000213,664,1,269.21000000000004,1,1,1,111,Hibernating
13533,2011-06-10 11:53:59.999999452,183,3,269.09,3,3,1,331,Potential Loyalists
17264,2010-10-11 12:52:00.000000111,425,1,268.28,1,2,1,121,Hibernating
12751,2010-09-21 12:49:00.000000157,445,1,268.27,1,1,1,111,Hibernating
18254,2010-05-07 14:36:59.999999898,582,1,267.9,1,2,1,121,Hibernating
14039,2011-11-06 13:47:59.999999749,34,2,267.28000000000003,4,2,1,421,Recent Customers
15408,2011-03-20 15:01:59.999999759,265,1,267.18,2,1,1,211,Hibernating
15320,2011-10-26 13:27:00.000000046,45,1,267.13,4,1,1,411,Recent Customers
15517,2011-04-20 14:01:59.999999972,234,1,267.03,2,1,1,211,Hibernating
15423,2011-11-01 14:00:59.999999777,39,3,266.89,4,3,1,431,Loyal Customers
17786,2011-09-15 12:50:59.999999916,86,2,266.85,3,3,1,331,Potential Loyalists
14863,2011-11-10 15:04:00.000000157,30,1,266.76,4,1,1,411,Recent Customers
13837,2011-05-12 12:10:00.000000073,212,2,266.59000000000003,2,2,1,221,Hibernating
15119,2011-04-08 09:08:00.000000306,246,1,266.4,2,1,1,211,Hibernating
14392,2010-10-03 12:55:59.999999638,433,1,266.4,1,1,1,111,Hibernating
12962,2011-12-02 15:55:00.000000073,8,2,266.39,5,2,1,521,Recent Customers
13973,2011-02-25 15:20:59.999999703,288,1,264.7,2,1,1,211,Hibernating
16334,2010-08-04 16:38:00.000000306,493,1,263.73,1,1,1,111,Hibernating
13128,2010-03-18 15:08:00.000000306,632,1,263.5,1,1,1,111,Hibernating
16089,2010-11-18 13:50:59.999999703,387,2,263.49,2,2,1,221,Hibernating
12892,2010-11-08 09:50:59.999999916,397,1,263.38,2,1,1,211,Hibernating
17808,2010-06-09 10:44:00.000000853,549,4,262.64,1,4,1,141,Needs Attention
13331,2010-11-03 08:04:00.000000361,402,1,262.4,2,1,1,211,Hibernating
17910,2009-12-13 16:04:00.000000575,727,1,261.7,1,2,1,121,Hibernating
14957,2011-03-31 17:58:59.999999805,254,2,261.69,2,2,1,221,Hibernating
12655,2010-10-12 09:17:00.000000185,424,1,261.35,1,1,1,111,Hibernating
13189,2011-11-21 10:38:59.999999870,19,2,260.68,5,2,1,521,Recent Customers
17901,2011-11-10 17:29:00.000000853,30,3,260.08,4,3,1,431,Loyal Customers
17022,2011-11-08 17:08:59.999999452,32,2,260.0,4,3,1,431,Loyal Customers
16733,2010-06-28 10:12:00.000000250,530,1,259.68,1,2,1,121,Hibernating
13127,2011-09-23 10:25:59.999999842,78,1,259.17,3,1,1,311,Needs Attention
17558,2010-11-11 14:35:59.999999703,394,1,259.17,2,2,1,221,Hibernating
17219,2011-11-08 11:25:00.000000073,32,2,259.13,4,3,1,431,Loyal Customers
15536,2010-10-26 16:31:00.000000194,410,1,259.09,2,1,1,211,Hibernating
14526,2010-11-15 13:31:59.999999759,390,1,258.65,2,1,1,211,Hibernating
13683,2010-09-08 09:59:59.999999164,458,1,258.6,1,1,1,111,Hibernating
16502,2010-03-29 13:44:00.000000853,621,2,258.55,1,2,1,121,Hibernating
15894,2011-03-31 13:50:00.000000139,254,2,258.25,2,2,1,221,Hibernating
13227,2011-05-22 11:46:59.999999972,202,1,257.7,2,1,1,211,Hibernating
15014,2011-10-27 20:06:59.999999693,44,2,257.67,4,2,1,421,Recent Customers
16542,2011-10-17 10:47:00.000000185,54,2,257.32,4,2,1,421,Recent Customers
15503,2010-12-12 10:57:00.000000250,363,2,257.3,2,2,1,221,Hibernating
15852,2011-06-06 11:22:00.000000111,187,3,257.26,3,3,1,331,Potential Loyalists
14483,2011-03-03 10:25:59.999999842,282,2,257.1,2,2,1,221,Hibernating
15404,2010-11-29 11:02:59.999999536,376,1,257.06,2,1,1,211,Hibernating
14876,2010-07-06 14:57:00.000000046,522,2,256.7,1,2,1,121,Hibernating
14274,2010-01-22 12:50:59.999999916,687,1,256.6,1,1,1,111,Hibernating
12430,2011-10-27 15:08:59.999999870,44,1,256.4,4,1,1,411,Recent Customers
13806,2011-10-07 11:42:59.999999814,64,1,256.38,3,1,1,311,Needs Attention
17896,2011-11-16 13:59:00.000000018,24,1,256.32,4,2,1,421,Recent Customers
17385,2011-11-25 11:01:59.999999972,15,1,256.11,5,2,1,521,Recent Customers
13825,2010-03-28 11:01:59.999999972,622,2,255.59,1,2,1,121,Hibernating
14881,2011-11-20 11:06:00.000000129,20,1,255.4,4,1,1,411,Recent Customers
16911,2010-03-14 12:17:59.999999749,636,2,255.25,1,3,1,131,Needs Attention
12746,2010-06-17 10:40:59.999999638,541,1,254.55,1,1,1,111,Hibernating
12604,2011-09-21 14:07:59.999999888,80,2,254.18,3,2,1,321,Needs Attention
14765,2011-11-10 19:53:00.000000101,30,3,254.11,4,3,1,431,Loyal Customers
17626,2010-04-16 12:14:59.999999164,603,1,254.0,1,2,1,121,Hibernating
16845,2010-03-31 13:09:00.000000296,619,1,253.88,1,2,1,121,Hibernating
13250,2010-09-05 11:32:59.999999749,461,2,253.09,1,2,1,121,Hibernating
17992,2010-11-15 13:04:00.000000575,390,1,252.88,2,2,1,221,Hibernating
15019,2011-03-18 12:35:00.000000556,267,1,252.81,2,1,1,211,Hibernating
15035,2011-09-11 11:07:59.999999888,90,1,252.73,3,1,1,311,Needs Attention
13251,2010-11-02 13:20:00.000000556,403,1,252.68,2,1,1,211,Hibernating
16908,2009-12-17 13:34:59.999999721,723,1,252.59,1,2,1,121,Hibernating
15552,2011-05-06 14:46:59.999999972,218,2,252.52,2,2,1,221,Hibernating
16074,2010-11-14 13:19:00.000000361,391,1,252.5,2,1,1,211,Hibernating
13404,2011-12-08 15:36:59.999999693,2,2,252.49,5,2,1,521,Recent Customers
13645,2011-08-11 16:11:00.000000686,121,1,252.1,3,1,1,311,Needs Attention
17210,2010-11-12 12:14:59.999999164,393,1,251.72,2,2,1,221,Hibernating
16453,2010-06-27 12:46:00.000000194,531,2,251.71,1,2,1,121,Hibernating
16976,2011-03-17 16:32:59.999999331,268,1,251.51999999999998,2,2,1,221,Hibernating
14501,2011-06-09 12:01:59.999999759,184,2,251.21,3,2,1,321,Needs Attention
14166,2010-07-22 19:41:59.999999832,506,2,251.15,1,2,1,121,Hibernating
18266,2010-10-01 15:32:59.999999536,435,1,251.1,1,2,1,121,Hibernating
16962,2010-10-26 11:35:59.999999703,410,1,251.04,2,2,1,221,Hibernating
15231,2010-03-28 15:11:59.999999832,622,1,250.26,1,1,1,111,Hibernating
17303,2010-12-13 13:31:59.999999759,362,1,250.04,2,2,1,221,Hibernating
15510,2011-01-13 12:10:00.000000073,331,1,250.0,2,1,1,211,Hibernating
16893,2010-12-08 12:05:59.999999916,367,2,249.89000000000001,2,3,1,231,Needs Attention
12563,2010-10-27 09:52:00.000000111,409,1,249.24,2,1,1,211,Hibernating
13061,2011-09-28 16:04:00.000000575,73,1,248.61,3,1,1,311,Needs Attention
13592,2011-11-04 09:49:00.000000157,36,4,247.95999999999998,4,3,1,431,Loyal Customers
16381,2010-11-09 09:55:59.999999638,396,2,247.85,2,2,1,221,Hibernating
15293,2010-02-12 11:53:59.999999452,666,1,247.5,1,1,1,111,Hibernating
18072,2011-06-07 10:44:00.000000853,186,1,247.44,3,2,1,321,Needs Attention
13349,2011-11-29 08:06:59.999999693,11,1,247.32,5,1,1,511,Recent Customers
14658,2011-12-04 15:35:00.000000556,6,2,247.15,5,2,1,521,Recent Customers
14654,2009-12-01 12:56:59.999999832,739,1,246.86,1,1,1,111,Hibernating
15697,2010-01-19 09:10:00.000000073,690,1,246.75,1,1,1,111,Hibernating
13943,2010-05-11 11:29:59.999999164,578,1,246.54,1,1,1,111,Hibernating
15378,2010-09-03 11:29:59.999999164,463,2,246.5,1,2,1,121,Hibernating
15495,2010-11-25 13:45:59.999999981,380,1,246.5,2,1,1,211,Hibernating
15783,2011-11-29 09:49:59.999999721,11,1,246.3,5,1,1,511,Recent Customers
18153,2010-02-18 15:49:59.999999721,660,1,246.22,1,2,1,121,Hibernating
16778,2011-09-26 13:47:59.999999749,75,2,245.94,3,2,1,321,Needs Attention
14325,2010-05-19 09:20:00.000000139,570,1,245.48000000000002,1,1,1,111,Hibernating
14281,2010-10-27 14:45:00.000000213,409,1,245.15,2,1,1,211,Hibernating
12660,2011-11-28 13:25:59.999999842,12,1,245.1,5,1,1,511,Recent Customers
15118,2011-07-28 14:53:59.999999452,135,1,244.8,3,1,1,311,Needs Attention
15884,2010-10-03 15:55:00.000000073,433,2,244.60000000000002,1,2,1,121,Hibernating
16528,2011-12-06 12:45:00.000000000,4,1,244.41,5,1,1,511,Recent Customers
18002,2010-11-29 10:57:00.000000250,376,4,244.37,2,4,1,241,Needs Attention
14694,2010-04-01 19:45:59.999999981,618,1,244.31,1,1,1,111,Hibernating
13551,2011-01-24 14:45:59.999999777,320,2,244.2,2,2,1,221,Hibernating
17892,2011-10-14 16:49:00.000000575,57,3,244.1,4,3,1,431,Loyal Customers
17925,2010-12-02 10:09:59.999999860,373,1,244.08,2,2,1,221,Hibernating
13676,2010-06-18 17:29:59.999999164,540,2,243.9,1,2,1,121,Hibernating
16793,2011-10-13 15:08:00.000000306,58,1,243.84,4,2,1,421,Recent Customers
13886,2011-09-29 13:16:59.999999972,72,1,243.56,3,1,1,311,Needs Attention
16215,2011-09-20 10:17:59.999999536,81,1,242.35,3,1,1,311,Needs Attention
15543,2011-02-24 15:26:00.000000686,289,2,242.26,2,2,1,221,Hibernating
17009,2010-06-06 16:00:59.999999981,552,1,242.06,1,2,1,121,Hibernating
13445,2010-03-23 15:34:00.000000361,627,1,241.89999999999998,1,1,1,111,Hibernating
13582,2010-11-15 11:34:00.000000575,390,2,241.68,2,2,1,221,Hibernating
15776,2011-07-29 13:45:59.999999981,134,1,241.62,3,1,1,311,Needs Attention
14774,2010-06-29 12:26:00.000000686,529,1,241.45,1,1,1,111,Hibernating
14523,2011-08-23 13:12:59.999999814,109,1,241.09,3,1,1,311,Needs Attention
16427,2011-03-21 17:09:59.999999647,264,2,241.06,2,2,1,221,Hibernating
16508,2010-03-19 13:40:59.999999638,631,1,240.95,1,1,1,111,Hibernating
13674,2010-10-03 10:40:59.999999638,433,1,240.68,1,1,1,111,Hibernating
15286,2011-10-21 11:07:59.999999888,50,1,240.55,4,1,1,411,Recent Customers
15336,2010-11-03 12:38:59.999999452,402,1,240.5,2,1,1,211,Hibernating
15931,2010-10-07 16:45:59.999999981,429,1,239.9,1,1,1,111,Hibernating
15690,2011-12-05 15:59:00.000000853,5,2,239.76,5,2,1,521,Recent Customers
13570,2011-04-10 13:35:59.999999916,244,1,239.49,2,1,1,211,Hibernating
13789,2010-11-16 15:30:59.999999777,389,1,239.45999999999998,2,1,1,211,Hibernating
17684,2011-10-27 11:09:59.999999647,44,1,239.41,4,2,1,421,Recent Customers
12663,2010-03-25 09:39:59.999999647,625,2,239.4,1,2,1,121,Hibernating
17981,2010-10-25 10:40:00.000000073,411,1,239.12,1,2,1,121,Hibernating
13275,2010-11-21 12:08:59.999999870,384,2,238.86,2,2,1,221,Hibernating
12561,2011-02-10 11:39:00.000000296,303,1,238.85,2,1,1,211,Hibernating
12718,2011-09-29 16:38:00.000000306,72,1,238.25,3,1,1,311,Needs Attention
16280,2009-12-14 15:49:00.000000157,726,1,238.05,1,1,1,111,Hibernating
14982,2010-05-16 15:52:00.000000111,573,1,237.78,1,1,1,111,Hibernating
17877,2011-06-22 12:59:59.999999164,171,1,237.61,3,2,1,321,Needs Attention
14586,2011-03-08 10:04:00.000000575,277,1,237.36,2,1,1,211,Hibernating
15457,2011-03-22 15:30:59.999999777,263,1,237.07,2,1,1,211,Hibernating
12732,2011-06-13 11:32:59.999999749,180,1,236.26000000000002,3,1,1,311,Needs Attention
13088,2010-10-18 15:35:00.000000556,418,1,236.11,1,1,1,111,Hibernating
16026,2011-10-27 13:53:00.000000101,44,1,236.09,4,1,1,411,Recent Customers
17093,2010-04-26 10:21:59.999999693,593,1,235.88,1,2,1,121,Hibernating
17872,2010-11-23 12:01:59.999999759,382,1,235.87,2,2,1,221,Hibernating
16046,2010-05-26 13:17:59.999999536,563,1,235.78,1,1,1,111,Hibernating
12392,2010-04-27 14:04:00.000000361,592,1,234.75000000000003,1,1,1,111,Hibernating
13114,2009-12-09 09:55:59.999999638,731,1,234.38,1,1,1,111,Hibernating
14473,2011-09-26 15:10:00.000000073,75,2,234.34000000000003,3,2,1,321,Needs Attention
17060,2011-03-18 13:27:00.000000046,267,1,234.24,2,2,1,221,Hibernating
13009,2010-02-05 12:21:59.999999898,673,1,234.0,1,1,1,111,Hibernating
12736,2011-01-11 07:57:00.000000250,333,1,234.0,2,1,1,211,Hibernating
13348,2011-10-06 17:28:00.000000027,65,1,233.76,3,1,1,311,Needs Attention
14153,2010-08-13 14:35:00.000000139,484,1,233.4,1,1,1,111,Hibernating
15294,2010-10-25 11:45:00.000000213,411,1,233.35,1,1,1,111,Hibernating
13129,2010-09-13 13:47:00.000000185,453,2,233.25,1,2,1,121,Hibernating
16302,2011-08-05 09:43:59.999999805,127,1,233.22,3,1,1,311,Needs Attention
17055,2010-09-20 12:20:59.999999703,446,1,232.85,1,2,1,121,Hibernating
13678,2011-07-11 10:14:00.000000018,152,1,232.6,3,1,1,311,Needs Attention
18213,2011-04-17 10:21:00.000000129,237,1,232.48000000000002,2,2,1,221,Hibernating
13608,2010-06-17 12:27:59.999999814,541,1,232.05,1,1,1,111,Hibernating
14995,2011-11-01 11:39:00.000000296,39,2,231.98000000000002,4,2,1,421,Recent Customers
16408,2010-04-27 14:07:59.999999888,592,1,231.93,1,1,1,111,Hibernating
17151,2009-12-04 14:55:59.999999842,736,1,231.90000000000003,1,2,1,121,Hibernating
17136,2010-02-15 13:12:59.999999814,663,1,231.67999999999998,1,2,1,121,Hibernating
18279,2010-07-08 14:47:59.999999536,520,1,231.33999999999997,1,2,1,121,Hibernating
15487,2010-01-29 12:07:00.000000111,680,1,231.32,1,1,1,111,Hibernating
18030,2011-12-05 16:37:00.000000111,5,2,230.64999999999998,5,3,1,531,Loyal Customers
17125,2011-10-20 14:41:00.000000686,51,1,230.5,4,2,1,421,Recent Customers
13960,2011-11-18 15:27:00.000000250,22,2,230.22,4,2,1,421,Recent Customers
18197,2010-05-13 10:45:59.999999981,576,1,230.1,1,2,1,121,Hibernating
14314,2011-08-25 10:38:59.999999870,107,2,229.8,3,2,1,321,Needs Attention
14017,2010-05-17 14:51:59.999999693,572,1,229.75,1,1,1,111,Hibernating
12812,2011-10-26 09:53:59.999999870,45,1,229.64000000000001,4,1,1,411,Recent Customers
13403,2011-11-22 08:28:00.000000027,18,3,229.5,5,3,1,531,Loyal Customers
17185,2010-04-27 12:14:59.999999164,592,3,229.46,1,3,1,131,Needs Attention
15528,2011-03-30 16:14:00.000000018,255,1,229.33,2,1,1,211,Hibernating
17743,2010-09-17 14:53:59.999999452,449,1,229.2,1,2,1,121,Hibernating
15273,2010-04-19 11:30:59.999999981,600,1,228.96,1,1,1,111,Hibernating
17347,2011-09-14 13:12:00.000000250,87,1,228.96,3,2,1,321,Needs Attention
13146,2011-11-13 15:29:00.000000018,27,1,228.91,4,1,1,411,Recent Customers
17066,2009-12-13 13:23:59.999999452,727,1,228.34,1,2,1,121,Hibernating
14458,2010-11-24 12:43:00.000000863,381,1,228.07,2,1,1,211,Hibernating
16760,2010-10-05 15:55:00.000000073,431,1,228.0,1,2,1,121,Hibernating
15566,2010-11-12 12:10:59.999999638,393,2,227.87,2,2,1,221,Hibernating
14363,2010-11-02 17:00:59.999999777,403,2,227.47000000000003,2,2,1,221,Hibernating
17868,2010-11-18 18:55:00.000000073,387,1,227.15,2,2,1,221,Hibernating
16740,2010-11-09 13:34:00.000000157,396,1,226.91,2,2,1,221,Hibernating
15451,2010-10-01 13:40:00.000000073,435,2,226.86,1,2,1,121,Hibernating
13651,2011-11-04 14:58:59.999999805,36,3,226.85,4,3,1,431,Loyal Customers
18005,2011-12-06 11:51:00.000000129,4,2,226.47,5,3,1,531,Loyal Customers
14718,2010-10-25 13:06:59.999999898,411,1,226.42,1,1,1,111,Hibernating
17993,2010-04-01 14:23:00.000000306,618,1,225.99,1,2,1,121,Hibernating
14069,2010-07-13 12:11:59.999999832,515,2,225.81,1,2,1,121,Hibernating
17915,2010-06-06 13:21:59.999999693,552,1,225.78,1,2,1,121,Hibernating
16622,2010-06-14 10:44:00.000000853,544,1,225.4,1,1,1,111,Hibernating
16587,2011-04-21 15:50:59.999999916,233,1,225.15,2,1,1,211,Hibernating
14357,2011-10-27 16:22:59.999999888,44,1,225.12,4,1,1,411,Recent Customers
13619,2010-06-13 11:39:00.000000296,545,2,224.94,1,2,1,121,Hibernating
16346,2010-11-19 15:55:00.000000073,386,1,224.51,2,1,1,211,Hibernating
15175,2011-09-29 11:30:59.999999981,72,1,224.14,3,1,1,311,Needs Attention
12914,2010-11-04 12:27:59.999999814,401,1,223.98,2,1,1,211,Hibernating
16753,2011-10-12 13:14:00.000000018,59,1,223.92000000000002,4,2,1,421,Recent Customers
14928,2010-03-22 09:14:00.000000853,628,1,223.91000000000003,1,1,1,111,Hibernating
16562,2010-08-20 11:45:00.000000213,477,1,223.85999999999999,1,1,1,111,Hibernating
13926,2011-11-16 13:15:59.999999777,24,1,223.85000000000002,4,1,1,411,Recent Customers
17967,2010-12-03 11:19:00.000000157,372,2,223.42,2,3,1,231,Needs Attention
18131,2010-03-18 08:47:59.999999536,632,1,222.95999999999998,1,2,1,121,Hibernating
12887,2010-11-21 11:17:59.999999331,384,1,222.4,2,1,1,211,Hibernating
14596,2010-03-23 12:13:00.000000027,627,1,222.22000000000003,1,1,1,111,Hibernating
15788,2010-07-19 12:47:59.999999331,509,1,221.82999999999998,1,1,1,111,Hibernating
14445,2010-09-10 11:08:59.999999452,456,1,221.65,1,1,1,111,Hibernating
17261,2010-07-18 11:49:00.000000361,510,1,221.59,1,2,1,121,Hibernating
17087,2009-12-02 10:40:59.999999638,738,1,221.53,1,2,1,121,Hibernating
14960,2011-12-01 12:53:59.999999870,9,2,221.26999999999998,5,2,1,521,Recent Customers
13419,2011-10-07 12:49:00.000000157,64,1,221.06,3,1,1,311,Needs Attention
12821,2011-05-09 15:50:59.999999916,215,2,220.8,2,2,1,221,Hibernating
16482,2011-11-24 12:32:59.999999536,16,1,220.62,5,1,1,511,Recent Customers
13033,2010-12-17 14:23:00.000000306,358,2,220.55,2,2,1,221,Hibernating
18132,2010-07-23 16:54:00.000000296,505,1,220.13,1,2,1,121,Hibernating
18114,2011-02-22 13:20:00.000000556,291,1,220.1,2,2,1,221,Hibernating
13454,2010-03-08 14:39:59.999999860,642,1,219.87,1,1,1,111,Hibernating
13992,2011-11-09 15:23:00.000000101,31,3,219.5,4,3,1,431,Loyal Customers
14074,2010-03-26 13:54:59.999999860,624,1,219.39999999999998,1,1,1,111,Hibernating
15096,2011-10-28 10:27:00.000000046,43,1,219.39000000000001,4,1,1,411,Recent Customers
12799,2010-06-28 15:56:59.999999832,530,1,219.35,1,1,1,111,Hibernating
12702,2011-11-20 10:35:59.999999916,20,1,219.0,5,1,1,511,Recent Customers
15790,2011-11-29 14:52:59.999999888,11,1,218.75,5,1,1,511,Recent Customers
15086,2010-05-24 12:27:00.000000250,565,2,218.53,1,2,1,121,Hibernating
12574,2011-01-28 09:20:00.000000139,316,1,218.45,2,1,1,211,Hibernating
15591,2010-05-06 09:23:00.000000101,583,3,217.9,1,3,1,131,Needs Attention
16035,2010-05-28 15:08:59.999999870,561,1,217.73,1,1,1,111,Hibernating
16666,2011-11-20 14:00:59.999999777,20,2,217.71,4,2,1,421,Recent Customers
15554,2011-03-07 09:00:00.000000000,278,1,217.2,2,1,1,211,Hibernating
13423,2010-10-07 09:01:59.999999759,429,1,217.03,1,1,1,111,Hibernating
15401,2010-09-13 13:41:59.999999832,453,2,216.95000000000002,1,2,1,121,Hibernating
18021,2010-07-18 10:51:59.999999898,510,2,216.41,1,3,1,131,Needs Attention
17902,2010-06-11 12:24:59.999999860,547,1,216.39999999999998,1,2,1,121,Hibernating
15604,2011-10-18 14:46:59.999999972,53,1,216.39,4,1,1,411,Recent Customers
13858,2011-10-13 16:16:59.999999972,58,1,216.17,4,1,1,411,Recent Customers
16179,2011-10-10 09:40:59.999999842,61,1,215.83,3,1,1,311,Needs Attention
16189,2011-11-24 11:46:59.999999972,16,2,215.48,5,2,1,521,Recent Customers
14376,2010-01-25 15:36:00.000000129,684,1,215.46,1,1,1,111,Hibernating
18007,2010-11-12 11:07:59.999999888,393,1,215.22,2,2,1,221,Hibernating
14635,2010-09-12 10:47:00.000000185,454,1,215.22,1,1,1,111,Hibernating
16338,2011-07-05 13:56:00.000000686,158,1,214.79999999999998,3,1,1,311,Needs Attention
14106,2009-12-02 14:08:59.999999452,738,1,214.79999999999995,1,1,1,111,Hibernating
14361,2010-05-10 12:29:00.000000018,579,1,214.70999999999998,1,1,1,111,Hibernating
17619,2011-01-31 14:17:59.999999331,313,1,214.37,2,2,1,221,Hibernating
15460,2010-12-20 16:08:00.000000101,355,1,214.26,2,1,1,211,Hibernating
14271,2011-04-28 12:46:59.999999759,226,2,214.18,2,2,1,221,Hibernating
14601,2011-11-29 09:47:59.999999331,11,1,213.96,5,1,1,511,Recent Customers
18157,2010-05-17 14:08:59.999999452,572,1,213.9,1,2,1,121,Hibernating
13621,2011-08-15 08:25:59.999999638,117,1,213.85,3,1,1,311,Needs Attention
17153,2011-11-15 13:41:59.999999832,25,1,213.78,4,2,1,421,Recent Customers
13411,2011-08-24 13:57:00.000000250,108,1,213.55,3,1,1,311,Needs Attention
16591,2011-10-02 10:43:00.000000027,69,1,213.5,3,1,1,311,Needs Attention
13724,2010-03-12 15:27:59.999999814,638,1,213.01,1,1,1,111,Hibernating
13691,2010-11-08 17:34:00.000000575,397,1,212.78,2,1,1,211,Hibernating
12961,2010-11-25 16:44:00.000000853,380,1,211.99,2,1,1,211,Hibernating
12470,2010-01-19 11:00:59.999999777,690,1,211.95,1,1,1,111,Hibernating
15866,2011-08-30 14:08:59.999999452,102,1,211.89,3,1,1,311,Needs Attention
14843,2010-09-29 12:38:59.999999452,437,1,211.79999999999998,1,1,1,111,Hibernating
15703,2011-03-20 10:50:59.999999703,265,1,211.5,2,1,1,211,Hibernating
13271,2011-11-02 14:30:59.999999981,38,1,211.49,4,1,1,411,Recent Customers
12995,2011-09-15 15:43:59.999999805,86,1,211.32,3,1,1,311,Needs Attention
15490,2010-10-05 13:11:00.000000686,431,1,210.85,1,1,1,111,Hibernating
14992,2010-09-23 17:47:59.999999536,443,1,210.5,1,1,1,111,Hibernating
13532,2011-11-06 12:24:59.999999860,34,1,210.31,4,1,1,411,Recent Customers
17217,2011-04-19 17:19:00.000000157,235,2,210.1,2,3,1,231,Needs Attention
16874,2010-11-25 13:08:00.000000101,380,1,209.89000000000001,2,2,1,221,Hibernating
17484,2010-05-12 15:40:59.999999842,577,2,209.57,1,3,1,131,Needs Attention
13828,2011-11-17 16:02:00.000000185,23,1,209.49,4,1,1,411,Recent Customers
13056,2010-06-06 14:09:59.999999647,552,1,209.48,1,1,1,111,Hibernating
14003,2009-12-07 08:52:59.999999888,733,1,209.41,1,1,1,111,Hibernating
16487,2010-05-11 13:38:00.000000306,578,2,209.4,1,2,1,121,Hibernating
15112,2010-04-07 14:16:59.999999759,612,1,209.4,1,1,1,111,Hibernating
17855,2010-12-02 09:43:59.999999805,373,1,208.97,2,2,1,221,Hibernating
15327,2011-10-18 11:54:59.999999647,53,1,208.75,4,1,1,411,Recent Customers
13290,2010-09-27 16:28:59.999999805,439,1,208.63,1,1,1,111,Hibernating
15741,2010-09-07 16:21:00.000000129,459,2,208.62,1,2,1,121,Hibernating
15897,2011-05-29 13:50:00.000000139,195,2,208.59,2,2,1,221,Hibernating
16457,2011-05-05 13:19:00.000000361,219,1,208.36,2,1,1,211,Hibernating
15212,2011-04-12 13:44:59.999999164,242,2,208.28,2,2,1,221,Hibernating
12848,2010-02-02 12:45:00.000000000,676,1,208.0,1,1,1,111,Hibernating
16964,2009-12-06 12:53:00.000000306,734,2,207.85,1,3,1,131,Needs Attention
16866,2011-07-22 10:05:59.999999703,141,3,207.73999999999998,3,3,1,331,Potential Loyalists
15052,2011-01-24 15:52:00.000000111,320,1,207.73000000000002,2,1,1,211,Hibernating
16752,2010-12-02 12:17:59.999999749,373,1,207.5,2,2,1,221,Hibernating
13099,2011-09-01 17:39:59.999999860,100,1,207.35999999999999,3,1,1,311,Needs Attention
17989,2010-11-25 13:49:00.000000575,380,1,207.32999999999998,2,2,1,221,Hibernating
15925,2011-05-29 15:35:00.000000556,195,1,207.15,2,1,1,211,Hibernating
15295,2010-02-23 13:02:59.999999749,655,1,207.04,1,1,1,111,Hibernating
15820,2011-01-24 12:00:00.000000000,320,1,206.98,2,1,1,211,Hibernating
17166,2011-11-01 09:46:00.000000194,39,2,206.34,4,3,1,431,Loyal Customers
14964,2011-04-06 14:13:00.000000863,248,1,206.21,2,1,1,211,Hibernating
15914,2010-11-26 16:09:59.999999860,379,2,205.99,2,2,1,221,Hibernating
14278,2010-10-26 12:07:00.000000111,410,1,205.83,2,1,1,211,Hibernating
16540,2010-10-21 17:22:00.000000111,415,1,205.75,1,1,1,111,Hibernating
17670,2011-04-26 09:11:59.999999832,228,1,205.7,2,2,1,221,Hibernating
16490,2010-09-29 16:30:00.000000000,437,1,205.41000000000003,1,1,1,111,Hibernating
14602,2010-02-21 15:46:59.999999759,657,1,205.35999999999999,1,1,1,111,Hibernating
15307,2011-09-05 11:38:00.000000101,96,1,205.3,3,1,1,311,Needs Attention
15758,2011-11-15 10:47:59.999999749,25,1,205.25,4,1,1,411,Recent Customers
12400,2010-10-21 13:44:59.999999164,415,1,205.25,1,1,1,111,Hibernating
15319,2011-03-01 12:47:59.999999331,284,1,204.5,2,1,1,211,Hibernating
17271,2009-12-03 13:49:00.000000575,737,1,204.3,1,2,1,121,Hibernating
16901,2009-12-10 16:30:00.000000000,730,1,204.26,1,2,1,121,Hibernating
17206,2011-10-17 13:24:59.999999647,54,1,204.24,4,2,1,421,Recent Customers
14468,2009-12-06 12:20:59.999999703,734,1,204.23999999999998,1,1,1,111,Hibernating
13017,2011-12-02 15:53:00.000000306,8,1,204.0,5,1,1,511,Recent Customers
17394,2011-05-04 13:21:59.999999693,220,1,203.86999999999998,2,2,1,221,Hibernating
17891,2011-06-30 20:07:59.999999888,163,1,203.85999999999999,3,2,1,321,Needs Attention
14519,2010-01-25 11:17:59.999999331,684,2,203.14,1,2,1,121,Hibernating
17074,2010-05-26 12:04:00.000000157,563,1,203.05,1,2,1,121,Hibernating
15459,2010-10-18 15:24:59.999999860,418,2,202.82999999999998,1,2,1,121,Hibernating
15558,2010-03-10 15:24:59.999999860,640,1,202.68,1,1,1,111,Hibernating
18169,2011-10-10 12:17:59.999999749,61,1,202.65,3,2,1,321,Needs Attention
12416,2010-02-21 10:19:00.000000361,657,1,202.56,1,1,1,111,Hibernating
14892,2010-01-18 08:58:00.000000863,691,1,202.35000000000002,1,1,1,111,Hibernating
14385,2011-11-30 15:36:00.000000129,10,3,202.11,5,3,1,531,Loyal Customers
16965,2011-04-27 12:08:00.000000306,227,1,201.19,2,2,1,221,Hibernating
13284,2011-01-13 09:23:00.000000101,331,1,201.19,2,1,1,211,Hibernating
18281,2011-06-12 10:53:00.000000101,181,2,201.14,3,3,1,331,Potential Loyalists
18126,2011-10-10 12:19:00.000000575,61,1,200.92000000000002,3,2,1,321,Needs Attention
13556,2010-10-06 16:44:00.000000853,430,2,200.82,1,2,1,121,Hibernating
14330,2010-03-26 09:10:00.000000073,624,1,200.63,1,1,1,111,Hibernating
17693,2011-07-25 15:47:59.999999331,138,1,200.47,3,2,1,321,Needs Attention
13133,2011-03-11 10:31:00.000000194,274,3,200.45000000000002,2,3,1,231,Needs Attention
13944,2010-02-24 15:01:59.999999759,654,1,200.43,1,1,1,111,Hibernating
14782,2011-01-24 11:12:00.000000046,320,1,200.10000000000002,2,1,1,211,Hibernating
15593,2011-09-30 11:45:59.999999777,71,1,199.8,3,1,1,311,Needs Attention
13322,2011-11-22 14:20:59.999999916,18,1,199.48000000000002,5,1,1,511,Recent Customers
14521,2010-08-05 16:34:59.999999721,492,1,199.45000000000002,1,1,1,111,Hibernating
15001,2010-11-10 13:50:59.999999703,395,2,199.10999999999999,2,2,1,221,Hibernating
15020,2010-11-25 13:28:59.999999805,380,1,198.47,2,1,1,211,Hibernating
17184,2010-05-19 14:23:59.999999870,570,2,198.41000000000003,1,3,1,131,Needs Attention
12581,2011-10-31 08:55:59.999999842,40,1,197.71,4,1,1,411,Recent Customers
17778,2010-02-16 12:43:59.999999805,662,1,197.70000000000002,1,2,1,121,Hibernating
14185,2011-01-12 13:51:59.999999898,332,1,197.65,2,1,1,211,Hibernating
14789,2011-11-11 08:58:59.999999805,29,1,197.64,4,1,1,411,Recent Customers
17112,2010-07-25 11:13:59.999999805,503,1,197.57,1,2,1,121,Hibernating
12927,2010-11-10 10:02:00.000000185,395,1,197.31,2,1,1,211,Hibernating
15234,2011-03-08 08:52:59.999999888,277,1,197.0,2,1,1,211,Hibernating
13436,2011-12-08 10:32:59.999999331,2,1,196.89,5,1,1,511,Recent Customers
15746,2011-07-28 15:20:59.999999703,135,1,196.88,3,1,1,311,Needs Attention
13978,2011-11-25 11:35:59.999999703,15,2,196.79000000000002,5,2,1,521,Recent Customers
16937,2010-07-28 17:55:59.999999842,500,1,196.25,1,2,1,121,Hibernating
16112,2011-07-19 14:28:00.000000027,144,4,195.73999999999998,3,4,1,341,Potential Loyalists
13757,2010-02-03 12:36:59.999999693,675,1,195.55,1,1,1,111,Hibernating
17010,2011-11-21 14:49:00.000000361,19,1,195.36,5,2,1,521,Recent Customers
14666,2011-11-15 12:56:59.999999832,25,1,195.25,4,1,1,411,Recent Customers
15612,2011-11-03 14:51:59.999999693,37,2,195.15,4,2,1,421,Recent Customers
14405,2010-11-18 11:39:59.999999860,387,1,195.0,2,1,1,211,Hibernating
17468,2011-11-29 15:32:59.999999536,11,3,194.8,5,3,1,531,Loyal Customers
17065,2010-03-12 11:41:00.000000686,638,2,194.7,1,3,1,131,Needs Attention
17475,2011-09-21 14:54:59.999999647,80,1,194.37,3,2,1,321,Needs Attention
16299,2010-08-19 17:45:59.999999777,478,1,193.65,1,1,1,111,Hibernating
14476,2011-03-27 15:38:59.999999452,258,1,193.0,2,1,1,211,Hibernating
12522,2011-10-31 15:30:00.000000213,40,2,192.72,4,2,1,421,Recent Customers
14768,2011-11-22 12:53:59.999999870,18,2,192.60000000000002,5,2,1,521,Recent Customers
15729,2011-05-11 12:36:00.000000129,213,3,192.55,2,3,1,231,Needs Attention
18028,2010-05-05 13:28:00.000000863,584,1,192.05,1,2,1,121,Hibernating
14100,2011-07-25 11:00:59.999999777,138,1,191.95000000000002,3,1,1,311,Needs Attention
15909,2011-06-19 10:38:00.000000306,174,1,191.94,3,1,1,311,Needs Attention
16695,2010-05-27 12:36:00.000000129,562,2,191.9,1,2,1,121,Hibernating
14279,2010-07-07 08:42:00.000000250,521,2,191.86,1,2,1,121,Hibernating
15692,2011-11-11 14:12:00.000000046,29,1,191.04,4,1,1,411,Recent Customers
15954,2010-04-29 13:34:59.999999721,590,1,190.75,1,1,1,111,Hibernating
14728,2010-10-22 15:56:59.999999832,414,1,190.58,1,1,1,111,Hibernating
15688,2010-10-17 12:05:59.999999916,419,1,190.57,1,1,1,111,Hibernating
15412,2011-06-21 15:24:00.000000296,172,1,190.53,3,1,1,311,Needs Attention
18020,2010-06-14 12:30:59.999999777,544,1,190.48000000000002,1,2,1,121,Hibernating
14617,2010-11-02 11:41:00.000000686,403,2,190.47000000000003,2,2,1,221,Hibernating
13766,2010-08-01 14:25:00.000000073,496,1,190.35,1,1,1,111,Hibernating
13972,2011-09-30 11:53:59.999999452,71,2,190.25,3,2,1,321,Needs Attention
17257,2010-09-29 12:50:59.999999916,437,2,189.78,1,3,1,131,Needs Attention
18046,2010-02-28 11:35:59.999999703,650,1,189.63,1,2,1,121,Hibernating
13826,2011-06-16 13:47:59.999999749,177,1,189.5,3,1,1,311,Needs Attention
14801,2011-10-09 15:24:00.000000296,62,1,189.34,3,1,1,311,Needs Attention
14830,2011-10-17 14:29:00.000000853,54,1,188.88,4,1,1,411,Recent Customers
16277,2009-12-06 11:26:59.999999832,734,1,188.69,1,1,1,111,Hibernating
14697,2011-05-05 15:38:59.999999452,219,2,188.60999999999999,2,2,1,221,Hibernating
17283,2010-11-26 11:52:59.999999888,379,1,188.46,2,2,1,221,Hibernating
16051,2010-01-27 09:37:59.999999888,682,1,188.44,1,1,1,111,Hibernating
13063,2010-08-16 12:27:00.000000250,481,1,188.4,1,1,1,111,Hibernating
17781,2011-07-03 15:59:59.999999164,160,2,188.02,3,3,1,331,Potential Loyalists
17279,2011-10-13 11:58:00.000000863,58,1,187.82999999999998,4,2,1,421,Recent Customers
15072,2010-08-17 15:46:00.000000194,480,1,187.51999999999998,1,1,1,111,Hibernating
13852,2010-04-08 09:05:59.999999916,611,1,187.35000000000002,1,1,1,111,Hibernating
18013,2011-07-07 14:10:59.999999842,156,2,187.29,3,3,1,331,Potential Loyalists
13568,2011-06-19 14:42:00.000000250,174,1,187.05,3,1,1,311,Needs Attention
13387,2010-10-18 14:06:59.999999693,418,1,186.94,1,1,1,111,Hibernating
16267,2010-04-27 14:09:59.999999647,592,1,186.66,1,1,1,111,Hibernating
18063,2010-11-14 10:45:59.999999981,391,2,186.60000000000002,2,3,1,231,Needs Attention
17215,2010-09-01 13:38:59.999999870,465,1,186.15,1,2,1,121,Hibernating
16388,2010-02-24 10:20:00.000000556,654,1,186.05,1,1,1,111,Hibernating
15567,2011-11-21 10:47:59.999999749,19,1,186.01,5,1,1,511,Recent Customers
12641,2011-08-16 13:25:59.999999842,116,1,185.9,3,1,1,311,Needs Attention
17574,2011-04-11 09:46:59.999999759,243,1,185.65,2,2,1,221,Hibernating
14879,2010-01-24 11:35:00.000000139,685,1,185.06,1,1,1,111,Hibernating
16097,2011-04-13 13:47:00.000000185,241,1,185.04999999999998,2,1,1,211,Hibernating
14677,2010-04-26 09:47:59.999999331,593,1,184.91,1,1,1,111,Hibernating
17803,2010-11-12 13:53:00.000000101,393,1,184.66,2,2,1,221,Hibernating
16914,2011-11-03 15:27:00.000000250,37,1,183.76,4,2,1,421,Recent Customers
14059,2011-03-18 10:05:59.999999703,267,1,183.6,2,1,1,211,Hibernating
13460,2011-11-10 17:16:59.999999759,30,2,183.44,4,2,1,421,Recent Customers
14119,2010-11-29 10:32:59.999999331,376,2,183.37,2,2,1,221,Hibernating
14983,2010-01-19 17:32:00.000000185,690,1,183.20000000000002,1,1,1,111,Hibernating
16819,2010-08-31 17:36:59.999999898,466,2,182.59,1,2,1,121,Hibernating
14941,2010-05-10 11:29:59.999999164,579,1,182.1,1,1,1,111,Hibernating
12934,2009-12-03 10:50:59.999999703,737,1,181.65,1,1,1,111,Hibernating
16822,2010-01-22 14:22:00.000000111,687,1,181.39,1,2,1,121,Hibernating
15359,2010-02-15 10:47:00.000000185,663,8,181.35,1,4,1,141,Needs Attention
16594,2011-09-25 14:07:59.999999888,76,1,181.09,3,1,1,311,Needs Attention
17904,2011-11-18 12:56:59.999999832,22,1,181.07,4,2,1,421,Recent Customers
14858,2010-07-22 10:50:59.999999703,506,1,180.75,1,1,1,111,Hibernating
18119,2010-12-07 11:58:59.999999805,368,1,180.7,2,2,1,221,Hibernating
17820,2010-11-30 17:42:59.999999814,375,1,180.60999999999999,2,2,1,221,Hibernating
16090,2010-03-25 13:05:00.000000139,625,1,180.56,1,1,1,111,Hibernating
12622,2011-04-21 16:38:59.999999870,233,1,180.1,2,1,1,211,Hibernating
18234,2010-06-06 11:22:00.000000111,552,1,179.6,1,2,1,121,Hibernating
14945,2010-10-22 11:25:59.999999638,414,1,179.4,1,1,1,111,Hibernating
16640,2010-11-07 10:47:59.999999749,398,1,179.4,2,1,1,211,Hibernating
18147,2011-10-25 11:45:59.999999777,46,2,179.33999999999997,4,3,1,431,Loyal Customers
15895,2011-07-13 10:27:00.000000046,150,1,179.17,3,1,1,311,Needs Attention
14705,2011-05-25 12:38:59.999999452,199,1,179.0,2,1,1,211,Hibernating
15209,2009-12-09 17:25:59.999999638,731,1,178.98,1,1,1,111,Hibernating
15139,2011-04-14 11:39:00.000000296,240,2,178.96,2,2,1,221,Hibernating
14812,2010-04-20 12:13:00.000000027,599,1,178.85,1,1,1,111,Hibernating
16691,2010-10-17 15:02:59.999999331,419,2,178.83,1,2,1,121,Hibernating
17170,2010-11-30 15:55:00.000000073,375,2,178.68,2,3,1,231,Needs Attention
17879,2011-06-19 12:36:00.000000129,174,1,178.51999999999998,3,2,1,321,Needs Attention
15292,2011-05-22 15:00:00.000000000,202,1,178.39,2,1,1,211,Hibernating
18045,2011-10-25 13:06:59.999999898,46,1,178.34,4,2,1,421,Recent Customers
17253,2011-11-21 12:59:00.000000853,19,1,178.26,5,2,1,521,Recent Customers
17798,2010-05-07 11:42:00.000000250,582,1,178.07,1,2,1,121,Hibernating
18282,2011-12-02 11:42:59.999999814,8,2,178.05,5,3,1,531,Loyal Customers
16403,2011-01-31 13:38:59.999999870,313,1,177.5,2,1,1,211,Hibernating
13618,2011-06-19 11:08:59.999999452,174,1,177.34,3,1,1,311,Needs Attention
12618,2011-11-18 11:09:59.999999647,22,1,177.31,4,1,1,411,Recent Customers
13072,2011-03-18 08:12:00.000000046,267,1,177.15,2,1,1,211,Hibernating
17036,2010-11-21 14:25:59.999999638,384,1,176.9,2,2,1,221,Hibernating
16285,2010-03-03 16:02:59.999999749,647,1,176.9,1,1,1,111,Hibernating
17587,2010-03-21 14:16:00.000000194,629,1,176.71,1,2,1,121,Hibernating
13746,2010-10-22 11:54:59.999999647,414,1,176.69,1,1,1,111,Hibernating
17947,2011-11-02 13:05:00.000000139,38,1,176.68,4,2,1,421,Recent Customers
14287,2011-12-01 13:24:59.999999647,9,3,176.63,5,3,1,531,Loyal Customers
12893,2011-11-09 12:34:00.000000361,31,1,176.55,4,1,1,411,Recent Customers
12509,2011-02-28 14:45:00.000000213,285,1,176.5,2,1,1,211,Hibernating
18054,2010-11-12 08:17:59.999999331,393,1,176.5,2,2,1,221,Hibernating
18175,2010-02-02 10:24:59.999999647,676,1,176.1,1,2,1,121,Hibernating
18274,2011-11-09 17:02:59.999999536,31,1,175.92,4,2,1,421,Recent Customers
17840,2010-09-22 12:24:00.000000296,444,1,175.9,1,2,1,121,Hibernating
17026,2011-06-07 14:28:00.000000027,186,3,175.82999999999998,3,3,1,331,Potential Loyalists
14486,2010-07-16 09:42:00.000000046,512,2,175.5,1,2,1,121,Hibernating
18166,2010-03-26 12:26:00.000000686,624,1,175.5,1,2,1,121,Hibernating
13007,2010-05-09 10:38:00.000000306,580,1,175.25,1,1,1,111,Hibernating
17331,2011-08-08 11:54:59.999999647,124,1,175.2,3,2,1,321,Needs Attention
16144,2011-04-07 10:09:00.000000296,247,1,175.2,2,1,1,211,Hibernating
16559,2010-11-07 13:51:59.999999898,398,1,175.0,2,1,1,211,Hibernating
17108,2010-02-14 12:21:59.999999898,664,1,174.95,1,2,1,121,Hibernating
14495,2011-10-20 12:27:59.999999814,51,3,174.8,4,3,1,431,Loyal Customers
18010,2011-03-28 12:27:00.000000250,257,1,174.8,2,2,1,221,Hibernating
14518,2011-10-06 14:42:59.999999814,65,1,174.37,3,1,1,311,Needs Attention
15684,2010-06-10 18:50:59.999999916,548,3,173.95,1,3,1,131,Needs Attention
14674,2010-07-18 14:25:00.000000073,510,1,173.66,1,1,1,111,Hibernating
12441,2010-12-08 10:44:59.999999164,367,1,173.55,2,1,1,211,Hibernating
15565,2011-10-20 14:32:59.999999749,51,2,173.16,4,2,1,421,Recent Customers
16741,2010-03-24 15:14:59.999999164,626,1,173.06,1,2,1,121,Hibernating
16599,2010-11-19 12:45:00.000000000,386,1,172.8,2,1,1,211,Hibernating
13671,2010-11-10 10:50:00.000000139,395,1,172.6,2,1,1,211,Hibernating
13690,2011-10-11 15:02:59.999999331,60,1,172.25,3,1,1,311,Needs Attention
12442,2011-12-06 14:22:00.000000111,4,1,172.06,5,1,1,511,Recent Customers
15515,2010-11-17 13:38:59.999999870,388,1,171.81,2,1,1,211,Hibernating
17983,2010-11-09 13:23:59.999999452,396,1,171.71,2,2,1,221,Hibernating
17575,2010-02-10 13:47:59.999999749,668,1,171.7,1,2,1,121,Hibernating
13560,2011-12-02 13:11:00.000000686,8,1,171.42000000000002,5,1,1,511,Recent Customers
16312,2010-10-03 14:15:00.000000000,433,1,171.15,1,1,1,111,Hibernating
16673,2010-01-29 14:22:00.000000111,680,1,171.13,1,2,1,121,Hibernating
14536,2011-03-25 12:20:59.999999703,260,1,170.95,2,1,1,211,Hibernating
15403,2010-08-05 12:20:59.999999703,492,2,170.88,1,2,1,121,Hibernating
14811,2010-11-17 13:09:00.000000296,388,1,170.5,2,1,1,211,Hibernating
15256,2011-07-14 11:46:59.999999972,149,2,170.4,3,2,1,321,Needs Attention
17922,2010-06-14 16:31:59.999999759,544,1,170.4,1,2,1,121,Hibernating
14860,2011-11-20 14:16:59.999999759,20,1,170.32,4,1,1,411,Recent Customers
16731,2010-03-01 15:04:59.999999721,649,1,170.3,1,2,1,121,Hibernating
15335,2011-10-17 12:49:59.999999721,54,1,170.22,4,1,1,411,Recent Customers
13747,2010-12-01 10:37:00.000000111,374,2,169.79999999999998,2,2,1,221,Hibernating
14218,2011-10-28 09:59:59.999999164,43,1,169.48000000000002,4,1,1,411,Recent Customers
16002,2010-03-24 13:08:00.000000101,626,1,169.21,1,1,1,111,Hibernating
15647,2010-10-20 15:08:59.999999870,416,1,169.0,1,1,1,111,Hibernating
12367,2011-12-05 16:47:59.999999749,5,1,168.9,5,1,1,511,Recent Customers
12768,2010-09-15 12:08:00.000000306,451,1,168.69000000000003,1,1,1,111,Hibernating
14578,2011-12-06 17:17:59.999999331,4,1,168.63,5,1,1,511,Recent Customers
18269,2010-12-08 13:53:00.000000101,367,1,168.6,2,2,1,221,Hibernating
18099,2011-08-04 15:52:00.000000111,128,1,168.31,3,2,1,321,Needs Attention
17737,2011-11-30 15:15:59.999999981,10,2,168.24,5,3,1,531,Loyal Customers
14131,2010-03-01 11:58:59.999999805,649,1,168.22,1,1,1,111,Hibernating
12551,2010-12-17 11:23:00.000000306,358,1,168.0,2,1,1,211,Hibernating
17559,2010-07-15 12:01:59.999999759,513,1,167.62,1,2,1,121,Hibernating
17367,2011-04-15 14:20:59.999999916,239,1,167.55,2,2,1,221,Hibernating
18037,2011-07-08 13:38:59.999999870,155,15,167.42,3,5,1,351,Potential Loyalists
17586,2010-03-30 13:12:00.000000250,620,1,167.4,1,2,1,121,Hibernating
13609,2010-04-25 13:25:59.999999842,594,1,167.35,1,1,1,111,Hibernating
16405,2011-02-10 15:24:00.000000296,303,2,167.25,2,2,1,221,Hibernating
15166,2010-08-29 12:30:59.999999777,468,1,167.16,1,1,1,111,Hibernating
17875,2010-01-20 15:30:00.000000213,689,1,167.1,1,2,1,121,Hibernating
13547,2010-10-27 14:13:59.999999805,409,1,167.08,2,1,1,211,Hibernating
13967,2011-07-17 12:01:59.999999759,146,2,166.3,3,2,1,321,Needs Attention
17650,2011-11-18 14:51:59.999999693,22,1,166.08,4,2,1,421,Recent Customers
18088,2011-10-09 13:40:59.999999638,62,1,166.03,3,2,1,321,Needs Attention
18107,2010-09-23 13:02:59.999999749,443,1,165.88,1,2,1,121,Hibernating
13903,2010-11-04 17:44:00.000000018,401,1,165.45000000000002,2,1,1,211,Hibernating
16663,2009-12-10 13:12:00.000000250,730,1,165.0,1,2,1,121,Hibernating
15316,2011-01-17 11:34:00.000000575,327,1,165.0,2,1,1,211,Hibernating
13470,2011-09-01 14:57:00.000000046,100,2,165.0,3,2,1,321,Needs Attention
13191,2010-02-19 17:01:59.999999972,659,1,164.69,1,1,1,111,Hibernating
15904,2011-12-01 14:50:00.000000556,9,1,164.68,5,1,1,511,Recent Customers
17535,2011-03-04 15:20:00.000000139,281,1,164.4,2,2,1,221,Hibernating
13603,2011-11-13 15:56:59.999999832,27,1,164.34,4,1,1,411,Recent Customers
17417,2010-06-09 09:59:59.999999164,549,1,164.18,1,2,1,121,Hibernating
14955,2009-12-07 11:35:00.000000139,733,1,163.77,1,1,1,111,Hibernating
14354,2011-12-04 11:32:00.000000185,6,2,163.62,5,2,1,521,Recent Customers
14485,2011-11-01 12:24:59.999999860,39,1,162.8,4,1,1,411,Recent Customers
16517,2011-03-07 13:50:00.000000139,278,1,162.7,2,1,1,211,Hibernating
18174,2011-12-02 16:56:00.000000686,8,2,162.5,5,3,1,531,Loyal Customers
12954,2010-03-11 10:15:59.999999777,639,1,162.45,1,1,1,111,Hibernating
15733,2011-03-02 09:04:59.999999721,283,1,162.3,2,1,1,211,Hibernating
15534,2009-12-14 12:47:59.999999331,726,1,162.25,1,1,1,111,Hibernating
16443,2010-07-07 11:57:00.000000046,521,1,162.24,1,1,1,111,Hibernating
18014,2011-11-11 15:27:59.999999814,29,1,162.22,4,2,1,421,Recent Customers
12661,2010-09-29 16:45:59.999999981,437,1,162.0,1,1,1,111,Hibernating
17971,2010-06-09 14:04:00.000000361,549,1,161.94,1,2,1,121,Hibernating
17600,2011-11-22 09:43:00.000000863,18,1,161.67000000000002,5,2,1,521,Recent Customers
16113,2011-06-09 16:15:59.999999777,184,1,161.38,3,1,1,311,Needs Attention
13714,2010-08-31 13:57:00.000000250,466,1,161.35,1,1,1,111,Hibernating
13779,2010-07-12 11:23:59.999999870,516,1,161.13,1,1,1,111,Hibernating
13701,2010-09-19 12:38:59.999999452,447,1,161.0,1,1,1,111,Hibernating
13229,2011-04-28 12:07:00.000000111,226,1,160.95,2,1,1,211,Hibernating
17605,2010-04-28 14:45:00.000000213,591,1,160.75,1,2,1,121,Hibernating
17202,2010-10-15 11:25:00.000000073,421,1,160.65,1,2,1,121,Hibernating
17487,2009-12-11 15:05:59.999999916,729,1,160.55,1,2,1,121,Hibernating
15229,2010-05-02 13:50:00.000000139,587,1,160.5,1,1,1,111,Hibernating
16645,2009-12-04 09:49:00.000000157,736,1,160.39,1,1,1,111,Hibernating
18146,2011-07-22 12:08:00.000000306,141,2,160.35000000000002,3,3,1,331,Potential Loyalists
12966,2011-11-30 12:37:59.999999888,10,1,160.18,5,1,1,511,Recent Customers
14571,2010-10-10 15:05:59.999999916,426,1,160.0,1,1,1,111,Hibernating
13420,2011-07-13 08:47:59.999999536,150,2,159.85,3,2,1,321,Needs Attention
13302,2011-07-07 17:55:59.999999842,156,2,159.2,3,2,1,321,Needs Attention
17953,2010-06-17 15:08:00.000000306,541,1,159.17000000000002,1,2,1,121,Hibernating
16213,2011-09-22 10:02:59.999999749,79,1,159.0,3,1,1,311,Needs Attention
18224,2011-03-21 10:30:00.000000000,264,1,158.95000000000002,2,2,1,221,Hibernating
14089,2011-10-14 10:38:00.000000306,57,1,158.75,4,1,1,411,Recent Customers
15499,2009-12-16 12:17:00.000000185,724,1,158.65,1,1,1,111,Hibernating
15548,2010-04-23 12:20:00.000000139,596,1,158.09,1,1,1,111,Hibernating
15348,2011-09-28 13:16:59.999999972,73,1,158.04,3,1,1,311,Needs Attention
14318,2010-09-05 15:31:59.999999972,461,1,158.02,1,1,1,111,Hibernating
18004,2010-12-12 13:47:00.000000185,363,1,157.92,2,2,1,221,Hibernating
17751,2010-10-14 13:57:00.000000250,422,1,157.85999999999999,1,2,1,121,Hibernating
14207,2010-01-21 09:32:59.999999536,688,1,157.8,1,1,1,111,Hibernating
14822,2010-08-11 12:52:00.000000111,486,1,157.70000000000002,1,1,1,111,Hibernating
16687,2010-11-14 11:45:59.999999777,391,1,157.63,2,2,1,221,Hibernating
12894,2010-05-13 14:46:59.999999972,576,1,157.35,1,1,1,111,Hibernating
17318,2009-12-14 13:11:00.000000686,726,1,157.32999999999998,1,2,1,121,Hibernating
16371,2010-09-17 12:08:59.999999870,449,1,157.2,1,1,1,111,Hibernating
17128,2011-01-09 12:01:59.999999759,335,1,157.09,2,2,1,221,Hibernating
17118,2011-01-26 12:19:00.000000575,318,1,157.02,2,2,1,221,Hibernating
15007,2011-07-03 15:59:59.999999164,160,1,156.91,3,1,1,311,Needs Attention
15742,2010-03-30 15:24:59.999999860,620,1,156.87,1,1,1,111,Hibernating
13830,2010-05-07 12:24:00.000000296,582,1,156.85000000000002,1,1,1,111,Hibernating
14406,2011-08-12 16:54:00.000000296,120,1,156.75,3,1,1,311,Needs Attention
16578,2010-03-23 15:10:59.999999638,627,1,156.6,1,1,1,111,Hibernating
15438,2011-07-31 14:19:00.000000157,132,1,156.57999999999998,3,1,1,311,Needs Attention
15263,2011-08-25 10:25:59.999999842,107,1,156.51,3,1,1,311,Needs Attention
17885,2011-11-27 14:39:59.999999860,13,1,156.34,5,2,1,521,Recent Customers
13051,2010-05-10 09:14:00.000000853,579,2,155.8,1,2,1,121,Hibernating
17832,2011-10-21 11:42:59.999999814,50,1,155.37,4,2,1,421,Recent Customers
12738,2010-12-02 18:27:00.000000250,373,1,155.35,2,1,1,211,Hibernating
14368,2011-01-24 09:52:00.000000111,320,1,155.0,2,1,1,211,Hibernating
14046,2011-02-28 14:47:59.999999536,285,1,154.99,2,1,1,211,Hibernating
17698,2011-03-24 11:34:00.000000575,261,1,154.95,2,2,1,221,Hibernating
15740,2011-10-21 14:29:00.000000853,50,1,154.88,4,1,1,411,Recent Customers
17899,2011-07-03 14:58:00.000000863,160,1,154.55,3,2,1,321,Needs Attention
15226,2011-02-02 11:41:00.000000686,311,1,154.41,2,1,1,211,Hibernating
13490,2010-02-23 14:47:59.999999536,655,1,154.25,1,1,1,111,Hibernating
14814,2010-05-07 14:09:59.999999647,582,1,154.21,1,1,1,111,Hibernating
17517,2011-02-04 11:47:59.999999536,309,1,153.94,2,2,1,221,Hibernating
15560,2010-11-07 10:15:00.000000213,398,2,153.52,2,2,1,221,Hibernating
15431,2010-07-25 12:43:59.999999805,503,1,153.24,1,1,1,111,Hibernating
12602,2011-10-12 11:22:00.000000111,59,1,153.12,4,1,1,411,Recent Customers
16248,2011-10-09 11:32:00.000000185,62,1,152.94,3,1,1,311,Needs Attention
18138,2011-02-17 14:51:00.000000129,296,1,152.65,2,2,1,221,Hibernating
14066,2011-03-18 12:20:59.999999703,267,1,152.55,2,1,1,211,Hibernating
15509,2010-11-24 14:47:59.999999536,381,1,152.41,2,1,1,211,Hibernating
17327,2010-10-26 09:53:59.999999870,410,2,152.35,2,3,1,231,Needs Attention
13653,2010-08-09 08:19:00.000000157,488,1,152.2,1,1,1,111,Hibernating
16617,2011-04-18 10:34:59.999999721,236,1,151.85,2,1,1,211,Hibernating
14362,2011-11-17 15:08:00.000000306,23,1,151.5,4,1,1,411,Recent Customers
18076,2010-11-24 14:01:59.999999972,381,1,151.49,2,2,1,221,Hibernating
13697,2011-11-01 09:14:00.000000853,39,1,151.29999999999998,4,1,1,411,Recent Customers
14516,2010-07-11 14:06:59.999999693,517,1,151.17,1,1,1,111,Hibernating
16337,2011-11-03 10:02:59.999999749,37,1,151.05,4,1,1,411,Recent Customers
16662,2010-11-10 16:56:00.000000686,395,1,151.05,2,1,1,211,Hibernating
14073,2011-11-07 15:49:00.000000157,33,1,151.04,4,1,1,411,Recent Customers
12959,2010-08-12 17:19:59.999999721,485,1,150.95,1,1,1,111,Hibernating
14980,2009-12-02 14:08:59.999999452,738,1,150.68,1,1,1,111,Hibernating
15991,2010-06-23 15:49:59.999999721,535,1,150.55,1,1,1,111,Hibernating
15775,2011-04-08 12:55:59.999999638,246,2,150.5,2,2,1,221,Hibernating
14084,2010-07-15 14:35:59.999999703,513,1,150.5,1,1,1,111,Hibernating
15474,2010-04-23 11:13:59.999999805,596,1,150.35,1,1,1,111,Hibernating
18200,2011-08-25 18:45:00.000000000,107,1,150.35,3,2,1,321,Needs Attention
14845,2010-04-19 10:19:00.000000361,600,1,150.0,1,1,1,111,Hibernating
17234,2011-06-10 11:19:59.999999721,183,1,149.89000000000001,3,2,1,321,Needs Attention
13257,2010-09-29 14:58:00.000000863,437,1,149.75,1,1,1,111,Hibernating
17946,2011-04-20 17:00:00.000000213,234,2,149.57999999999998,2,3,1,231,Needs Attention
17390,2010-10-15 11:29:00.000000853,421,1,149.3,1,2,1,121,Hibernating
15435,2011-11-17 16:38:59.999999870,23,1,149.29,4,1,1,411,Recent Customers
13003,2011-08-26 10:50:00.000000139,106,3,149.05,3,3,1,331,Potential Loyalists
17549,2011-11-16 09:59:00.000000853,24,2,148.86,4,3,1,431,Loyal Customers
13125,2010-07-04 11:58:00.000000863,524,1,148.62,1,1,1,111,Hibernating
15526,2011-11-06 15:04:00.000000157,34,2,148.44,4,2,1,421,Recent Customers
15283,2010-11-14 14:53:59.999999452,391,3,148.33,2,3,1,231,Needs Attention
17592,2009-12-01 10:49:00.000000575,739,1,148.3,1,2,1,121,Hibernating
13457,2010-01-20 08:47:59.999999536,689,2,148.22,1,2,1,121,Hibernating
13578,2010-10-26 13:44:00.000000853,410,1,147.66,2,1,1,211,Hibernating
15479,2009-12-06 15:08:00.000000306,734,1,147.4,1,1,1,111,Hibernating
16724,2010-10-31 11:39:59.999999860,405,1,147.35,2,2,1,221,Hibernating
14098,2011-11-03 10:12:59.999999814,37,1,147.35,4,1,1,411,Recent Customers
17794,2010-01-22 10:17:59.999999536,687,2,147.3,1,3,1,131,Needs Attention
12858,2010-11-21 12:55:00.000000073,384,1,147.27,2,1,1,211,Hibernating
17030,2011-10-07 08:49:00.000000361,64,1,146.87,3,2,1,321,Needs Attention
14683,2010-04-30 17:17:59.999999331,589,1,146.56,1,1,1,111,Hibernating
15496,2010-03-18 13:15:59.999999777,632,1,146.14000000000001,1,1,1,111,Hibernating
18137,2010-06-06 14:17:59.999999331,552,2,145.99,1,3,1,131,Needs Attention
12565,2011-02-24 10:34:00.000000157,289,1,145.92,2,1,1,211,Hibernating
13866,2011-09-26 14:53:59.999999452,75,1,145.67000000000002,3,1,1,311,Needs Attention
15937,2011-10-06 15:47:59.999999331,65,1,145.35,3,1,1,311,Needs Attention
14972,2011-08-03 14:53:59.999999452,129,2,145.07,3,2,1,321,Needs Attention
16598,2011-02-27 11:42:00.000000250,286,1,145.04999999999998,2,1,1,211,Hibernating
15902,2010-11-24 16:57:00.000000250,381,1,145.01,2,1,1,211,Hibernating
16852,2011-11-29 13:21:59.999999693,11,2,144.91000000000003,5,3,1,531,Loyal Customers
17938,2010-10-15 14:26:59.999999832,421,1,144.29,1,2,1,121,Hibernating
14109,2011-09-28 10:17:59.999999536,73,1,144.2,3,1,1,311,Needs Attention
15816,2010-06-15 13:35:59.999999916,543,2,144.14999999999998,1,2,1,121,Hibernating
17186,2011-10-24 10:20:00.000000556,47,2,144.0,4,3,1,431,Loyal Customers
12587,2011-12-02 12:46:59.999999759,8,1,144.0,5,1,1,511,Recent Customers
12387,2010-10-20 16:27:00.000000046,416,1,143.94,1,1,1,111,Hibernating
14604,2010-03-16 12:59:59.999999164,634,1,143.85999999999999,1,1,1,111,Hibernating
14574,2009-12-07 12:42:00.000000046,733,1,143.70000000000002,1,1,1,111,Hibernating
17149,2010-09-14 14:55:59.999999842,452,1,143.10000000000002,1,2,1,121,Hibernating
15705,2011-05-22 15:36:59.999999693,202,1,143.1,2,1,1,211,Hibernating
15761,2010-09-23 09:32:59.999999536,443,1,143.05,1,1,1,111,Hibernating
16507,2010-05-16 12:55:59.999999638,573,1,142.70999999999998,1,1,1,111,Hibernating
14386,2011-02-16 09:45:00.000000000,297,1,142.4,2,1,1,211,Hibernating
17859,2011-02-08 10:31:59.999999759,305,1,141.92000000000002,2,2,1,221,Hibernating
18038,2010-06-01 15:59:00.000000853,557,1,141.48,1,2,1,121,Hibernating
14041,2011-03-18 13:24:59.999999647,267,1,141.41,2,1,1,211,Hibernating
17273,2010-10-11 15:56:59.999999832,425,1,141.12,1,2,1,121,Hibernating
12636,2009-12-01 09:55:00.000000073,739,1,141.0,1,1,1,111,Hibernating
17959,2010-04-26 14:12:00.000000046,593,1,140.75,1,2,1,121,Hibernating
14773,2010-04-26 10:28:59.999999805,593,1,140.55,1,1,1,111,Hibernating
15388,2011-03-14 13:53:00.000000101,271,1,140.54,2,1,1,211,Hibernating
15702,2010-08-20 14:50:00.000000556,477,2,140.39000000000001,1,2,1,121,Hibernating
13483,2011-10-05 11:52:59.999999888,66,1,140.34,3,1,1,311,Needs Attention
15324,2010-01-07 14:36:59.999999898,702,1,140.22000000000003,1,1,1,111,Hibernating
13839,2010-08-10 13:51:59.999999898,487,1,139.95000000000002,1,1,1,111,Hibernating
16840,2010-04-15 15:47:59.999999331,604,2,139.85,1,3,1,131,Needs Attention
16483,2011-05-31 13:08:00.000000101,193,1,139.35,2,1,1,211,Hibernating
14772,2011-08-19 15:04:00.000000157,113,1,139.26,3,1,1,311,Needs Attention
14707,2010-09-30 11:36:59.999999898,436,2,139.2,1,2,1,121,Hibernating
18209,2011-11-11 12:07:00.000000111,29,1,139.10000000000002,4,2,1,421,Recent Customers
13273,2011-08-18 14:01:59.999999972,114,1,138.98,3,1,1,311,Needs Attention
12902,2011-03-20 12:05:59.999999916,265,1,138.68,2,1,1,211,Hibernating
13716,2011-03-15 13:49:00.000000575,270,1,138.28,2,1,1,211,Hibernating
17982,2010-01-28 09:37:59.999999888,681,1,138.18,1,2,1,121,Hibernating
15663,2011-08-25 15:49:59.999999721,107,1,138.14,3,1,1,311,Needs Attention
15848,2010-03-28 10:54:00.000000296,622,1,137.99,1,1,1,111,Hibernating
16396,2010-08-20 14:16:59.999999759,477,1,137.8,1,1,1,111,Hibernating
13279,2011-09-22 17:23:59.999999870,79,1,137.75,3,1,1,311,Needs Attention
15836,2011-10-20 17:13:00.000000863,51,1,137.37,4,1,1,411,Recent Customers
13907,2010-01-17 12:21:59.999999898,692,1,136.8,1,1,1,111,Hibernating
13195,2010-10-21 13:06:59.999999898,415,1,136.73,1,1,1,111,Hibernating
16237,2010-09-28 17:01:59.999999972,438,1,136.65,1,1,1,111,Hibernating
16289,2010-09-03 14:01:59.999999972,463,1,136.31,1,1,1,111,Hibernating
16651,2010-05-02 11:45:59.999999777,587,1,136.2,1,1,1,111,Hibernating
16876,2010-11-01 11:58:59.999999805,404,1,136.01,2,2,1,221,Hibernating
16462,2011-09-27 10:23:59.999999452,74,3,136.0,3,3,1,331,Potential Loyalists
14366,2010-07-02 17:23:00.000000306,526,1,136.0,1,1,1,111,Hibernating
12968,2011-08-19 15:43:59.999999805,113,1,135.95,3,1,1,311,Needs Attention
17583,2010-05-28 14:23:59.999999870,561,1,135.95,1,2,1,121,Hibernating
14889,2011-01-07 15:19:00.000000575,337,1,135.9,2,1,1,211,Hibernating
15419,2011-11-15 09:23:00.000000101,25,1,135.86,4,1,1,411,Recent Customers
16114,2011-06-22 10:12:59.999999814,171,1,135.75000000000003,3,1,1,311,Needs Attention
14391,2010-05-12 09:42:00.000000046,577,1,135.6,1,1,1,111,Hibernating
13076,2010-09-08 10:27:00.000000046,458,1,135.4,1,1,1,111,Hibernating
16665,2010-12-12 14:02:59.999999536,363,1,135.39999999999998,2,2,1,221,Hibernating
14588,2010-05-10 15:08:00.000000306,579,1,135.39,1,1,1,111,Hibernating
13144,2011-01-11 11:15:00.000000000,333,2,135.35,2,2,1,221,Hibernating
17972,2011-04-12 12:15:59.999999981,242,1,135.19,2,2,1,221,Hibernating
13702,2010-09-20 11:39:59.999999860,446,1,135.18,1,1,1,111,Hibernating
17960,2011-06-21 14:15:00.000000000,172,3,135.08,3,3,1,331,Potential Loyalists
17199,2010-05-06 13:53:00.000000101,583,1,135.04,1,2,1,121,Hibernating
13364,2011-09-29 18:13:00.000000027,72,1,134.95999999999998,3,1,1,311,Needs Attention
13119,2010-02-09 08:38:00.000000101,669,1,134.9,1,1,1,111,Hibernating
16055,2011-05-03 09:26:00.000000686,221,1,134.8,2,1,1,211,Hibernating
14340,2011-05-05 09:43:59.999999805,219,1,134.7,2,1,1,211,Hibernating
14174,2011-11-06 13:16:59.999999972,34,1,134.46,4,1,1,411,Recent Customers
15926,2010-06-15 15:23:00.000000101,543,1,134.44,1,1,1,111,Hibernating
16486,2010-06-20 12:15:59.999999981,538,1,134.36,1,1,1,111,Hibernating
14280,2011-05-27 10:37:00.000000111,197,1,134.04,2,1,1,211,Hibernating
16886,2010-09-09 15:08:00.000000306,457,1,134.0,1,2,1,121,Hibernating
14349,2011-11-29 15:38:59.999999452,11,1,133.5,5,1,1,511,Recent Customers
17881,2011-02-08 17:16:00.000000194,305,1,133.35000000000002,2,2,1,221,Hibernating
17826,2010-11-30 13:22:59.999999888,375,1,133.34,2,2,1,221,Hibernating
12467,2010-10-12 15:40:59.999999842,424,1,132.8,1,1,1,111,Hibernating
12964,2010-09-28 17:46:59.999999972,438,1,132.24,1,1,1,111,Hibernating
12512,2011-10-04 14:54:59.999999647,67,2,132.18,3,2,1,321,Needs Attention
14438,2011-02-06 14:55:59.999999842,307,1,131.9,2,1,1,211,Hibernating
17565,2010-05-02 11:53:59.999999452,587,1,131.83,1,2,1,121,Hibernating
17455,2011-05-20 12:30:59.999999777,204,1,131.7,2,2,1,221,Hibernating
14795,2011-06-26 13:04:00.000000575,167,1,131.45000000000002,3,1,1,311,Needs Attention
15409,2009-12-18 15:35:00.000000556,722,1,131.25,1,1,1,111,Hibernating
14378,2010-03-28 12:21:59.999999898,622,1,131.25,1,1,1,111,Hibernating
17225,2010-05-07 11:38:00.000000101,582,1,131.15,1,2,1,121,Hibernating
16865,2010-11-03 11:34:00.000000575,402,1,130.95,2,2,1,221,Hibernating
15844,2011-10-24 15:19:00.000000575,47,1,130.73999999999998,4,1,1,411,Recent Customers
17240,2010-04-22 15:43:59.999999805,597,1,130.6,1,2,1,121,Hibernating
16410,2009-12-05 14:51:00.000000129,735,1,130.32,1,1,1,111,Hibernating
16288,2010-08-26 14:45:00.000000213,471,1,129.85,1,1,1,111,Hibernating
17762,2010-09-09 17:39:59.999999860,457,1,129.75,1,2,1,121,Hibernating
15317,2010-01-31 15:55:00.000000073,678,1,129.75,1,1,1,111,Hibernating
17847,2010-07-12 09:59:59.999999164,516,2,129.69,1,3,1,131,Needs Attention
14999,2010-04-26 10:47:00.000000185,593,1,129.48000000000002,1,1,1,111,Hibernating
12555,2010-01-26 16:25:59.999999842,683,1,129.23,1,1,1,111,Hibernating
13071,2010-04-06 13:37:00.000000111,613,1,129.22,1,1,1,111,Hibernating
17056,2009-12-01 12:55:00.000000073,739,1,128.60000000000002,1,2,1,121,Hibernating
16828,2011-09-07 15:10:00.000000073,94,2,128.5,3,2,1,321,Needs Attention
17089,2010-11-18 15:32:59.999999536,387,1,128.45,2,2,1,221,Hibernating
16251,2010-07-15 14:54:59.999999647,513,1,128.31,1,1,1,111,Hibernating
15892,2010-02-08 16:22:59.999999888,670,1,128.2,1,1,1,111,Hibernating
17297,2011-11-22 14:42:59.999999814,18,1,128.18,5,2,1,521,Recent Customers
13666,2011-10-10 15:38:59.999999452,61,5,127.89999999999999,3,4,1,341,Potential Loyalists
13053,2010-03-28 11:28:00.000000027,622,1,127.65,1,1,1,111,Hibernating
13586,2010-06-16 13:47:00.000000185,542,1,127.28,1,1,1,111,Hibernating
15578,2011-06-30 13:02:59.999999749,163,1,127.1,3,1,1,311,Needs Attention
15923,2010-12-02 12:15:59.999999981,373,1,127.08,2,1,1,211,Hibernating
16973,2010-11-18 13:56:00.000000686,387,1,127.0,2,2,1,221,Hibernating
14751,2010-01-24 13:37:00.000000111,685,2,126.45,1,2,1,121,Hibernating
15463,2011-11-10 12:56:59.999999832,30,1,126.14,4,1,1,411,Recent Customers
16294,2010-08-20 12:01:00.000000194,477,1,126.05000000000001,1,1,1,111,Hibernating
13794,2010-06-11 12:30:00.000000213,547,1,126.03,1,1,1,111,Hibernating
17657,2010-10-05 14:51:59.999999693,431,1,126.0,1,2,1,121,Hibernating
12814,2011-08-30 12:10:59.999999638,102,1,125.92,3,1,1,311,Needs Attention
13522,2011-11-09 15:10:59.999999638,31,1,125.80000000000001,4,1,1,411,Recent Customers
16925,2010-06-17 15:02:59.999999331,541,1,125.65,1,2,1,121,Hibernating
15017,2011-11-06 10:32:59.999999331,34,1,125.58,4,1,1,411,Recent Customers
15731,2010-06-04 10:09:59.999999860,554,1,125.3,1,1,1,111,Hibernating
13912,2010-10-12 08:42:59.999999814,424,1,124.95,1,1,1,111,Hibernating
17148,2011-10-19 09:59:00.000000853,52,1,124.88,4,2,1,421,Recent Customers
17818,2009-12-02 11:34:00.000000575,738,1,124.78,1,2,1,121,Hibernating
13312,2010-09-14 14:35:59.999999703,452,1,124.75,1,1,1,111,Hibernating
16849,2011-06-06 09:15:59.999999981,187,1,124.57,3,2,1,321,Needs Attention
17316,2010-10-15 14:35:00.000000139,421,1,124.45,1,2,1,121,Hibernating
18000,2010-05-24 17:34:00.000000575,565,1,124.25,1,2,1,121,Hibernating
12773,2010-05-24 17:29:59.999999164,565,1,124.25,1,1,1,111,Hibernating
15779,2010-09-02 16:40:00.000000073,464,2,124.08000000000001,1,2,1,121,Hibernating
13968,2010-10-12 13:21:59.999999693,424,1,123.66,1,1,1,111,Hibernating
14187,2010-08-23 12:05:59.999999916,474,1,123.5,1,1,1,111,Hibernating
16397,2010-03-21 15:36:00.000000129,629,1,123.13,1,1,1,111,Hibernating
13876,2011-10-07 10:21:59.999999693,64,1,122.7,3,1,1,311,Needs Attention
13638,2011-11-24 10:38:00.000000306,16,1,122.64,5,1,1,511,Recent Customers
12969,2010-04-16 10:50:00.000000139,603,1,122.45,1,1,1,111,Hibernating
16073,2011-02-15 15:40:59.999999842,298,1,122.39999999999999,2,1,1,211,Hibernating
13084,2010-08-05 08:49:00.000000361,492,1,122.39999999999999,1,1,1,111,Hibernating
13244,2011-09-08 11:45:59.999999777,93,1,121.74000000000001,3,1,1,311,Needs Attention
13182,2011-10-25 13:45:59.999999981,46,1,121.18,4,1,1,411,Recent Customers
15049,2011-03-11 12:13:00.000000027,274,1,121.17000000000002,2,1,1,211,Hibernating
17260,2010-10-24 13:21:00.000000129,412,1,120.95,1,2,1,121,Hibernating
17446,2011-06-16 10:41:59.999999832,177,2,120.9,3,3,1,331,Potential Loyalists
14884,2010-02-08 12:55:59.999999638,670,1,120.6,1,1,1,111,Hibernating
14444,2010-09-09 18:55:59.999999638,457,1,120.44,1,1,1,111,Hibernating
14165,2011-03-09 12:38:59.999999452,276,1,120.44,2,1,1,211,Hibernating
17543,2010-06-08 12:40:59.999999842,550,1,120.05,1,2,1,121,Hibernating
18015,2011-12-05 14:49:00.000000361,5,1,120.03,5,2,1,521,Recent Customers
14259,2011-07-21 10:44:00.000000853,142,1,120.0,3,1,1,311,Needs Attention
14453,2011-06-02 14:15:00.000000000,191,1,119.93,2,1,1,211,Hibernating
15161,2010-11-16 16:08:00.000000101,389,1,119.92,2,1,1,211,Hibernating
17541,2010-07-18 11:35:59.999999703,510,1,119.86,1,2,1,121,Hibernating
17177,2010-07-22 14:52:59.999999888,506,1,119.5,1,2,1,121,Hibernating
15843,2011-02-09 10:19:00.000000361,304,1,118.95000000000002,2,1,1,211,Hibernating
17280,2010-09-27 16:45:59.999999981,439,1,118.85999999999999,1,2,1,121,Hibernating
17079,2011-09-22 15:34:00.000000361,79,1,118.80000000000001,3,2,1,321,Needs Attention
14155,2011-03-18 14:13:00.000000863,267,1,118.75,2,1,1,211,Hibernating
14076,2011-08-02 15:19:00.000000575,130,1,118.67,3,1,1,311,Needs Attention
12929,2011-02-01 12:08:00.000000306,312,1,117.85,2,1,1,211,Hibernating
16291,2010-01-26 16:25:59.999999842,683,1,117.72,1,1,1,111,Hibernating
17654,2011-03-07 13:16:59.999999972,278,1,117.55,2,2,1,221,Hibernating
16959,2011-09-13 15:02:59.999999331,88,1,117.35000000000001,3,2,1,321,Needs Attention
14726,2010-02-23 12:35:00.000000556,655,1,116.5,1,1,1,111,Hibernating
17117,2011-02-24 13:54:00.000000296,289,1,116.19999999999999,2,2,1,221,Hibernating
14874,2010-06-22 14:58:00.000000863,536,1,116.18,1,1,1,111,Hibernating
14143,2011-07-29 09:47:59.999999331,134,1,115.8,3,1,1,311,Needs Attention
16068,2010-04-25 11:51:59.999999693,594,1,115.73,1,1,1,111,Hibernating
18027,2011-09-02 10:38:00.000000306,99,1,115.31,3,2,1,321,Needs Attention
18012,2009-12-16 13:15:59.999999777,724,1,115.3,1,2,1,121,Hibernating
17401,2010-06-16 16:54:00.000000296,542,1,114.85,1,2,1,121,Hibernating
15905,2010-06-14 15:59:59.999999164,544,1,114.69,1,1,1,111,Hibernating
17933,2010-03-17 15:10:59.999999638,633,1,114.69,1,2,1,121,Hibernating
13188,2011-11-28 15:27:59.999999814,12,1,114.60000000000001,5,1,1,511,Recent Customers
16247,2011-06-22 14:23:00.000000306,171,1,114.56,3,1,1,311,Needs Attention
14632,2011-03-22 08:49:00.000000361,263,1,114.56,2,1,1,211,Hibernating
14652,2011-09-23 14:20:59.999999916,78,1,114.18,3,1,1,311,Needs Attention
12938,2011-11-14 11:20:59.999999916,26,1,114.13999999999999,4,1,1,411,Recent Customers
14582,2011-10-30 11:55:59.999999842,41,1,114.11,4,1,1,411,Recent Customers
17275,2010-11-21 13:25:59.999999842,384,1,114.1,2,2,1,221,Hibernating
15056,2010-07-07 15:58:00.000000027,521,1,113.64999999999999,1,1,1,111,Hibernating
14457,2011-02-02 09:38:59.999999452,311,1,113.64,2,1,1,211,Hibernating
18105,2011-11-02 12:04:00.000000157,38,1,113.48000000000002,4,2,1,421,Recent Customers
16821,2010-11-23 10:04:00.000000575,382,1,113.35,2,2,1,221,Hibernating
17784,2010-06-07 16:08:00.000000101,551,1,112.86,1,2,1,121,Hibernating
18148,2010-03-03 11:39:59.999999860,647,1,112.85000000000001,1,2,1,121,Hibernating
14689,2011-05-15 11:22:00.000000111,209,1,112.8,2,1,1,211,Hibernating
16697,2011-04-12 17:12:00.000000046,242,1,112.75,2,2,1,221,Hibernating
18129,2011-04-10 14:16:00.000000194,244,1,112.55000000000001,2,2,1,221,Hibernating
13241,2010-10-24 11:16:59.999999759,412,1,112.53,1,1,1,111,Hibernating
15610,2011-10-19 10:35:59.999999916,52,1,112.46000000000001,4,1,1,411,Recent Customers
13620,2010-06-29 15:01:59.999999759,529,1,112.34,1,1,1,111,Hibernating
17900,2011-06-02 14:38:00.000000101,191,2,112.19999999999999,2,3,1,231,Needs Attention
13193,2011-10-09 14:29:59.999999164,62,1,112.08,3,1,1,311,Needs Attention
12756,2011-09-14 09:30:59.999999777,87,1,112.07999999999998,3,1,1,311,Needs Attention
14750,2009-12-03 17:57:00.000000046,737,1,112.03,1,1,1,111,Hibernating
17957,2011-10-04 14:58:00.000000863,67,1,111.68,3,2,1,321,Needs Attention
14668,2010-09-20 15:02:59.999999331,446,1,111.63,1,1,1,111,Hibernating
17304,2010-06-23 16:22:59.999999888,535,1,111.5,1,2,1,121,Hibernating
17887,2011-08-02 17:29:00.000000853,130,1,111.35,3,2,1,321,Needs Attention
18120,2011-05-09 13:44:59.999999164,215,1,111.15,2,2,1,221,Hibernating
17208,2010-11-09 12:49:59.999999721,396,1,111.15,2,2,1,221,Hibernating
15352,2010-06-09 11:28:00.000000027,549,1,111.15,1,1,1,111,Hibernating
14464,2010-05-20 18:00:00.000000000,569,2,111.0,1,2,1,121,Hibernating
12692,2010-03-12 14:01:59.999999972,638,1,110.95,1,1,1,111,Hibernating
14509,2010-06-23 13:21:00.000000129,535,1,110.95,1,1,1,111,Hibernating
15537,2011-06-29 13:09:59.999999860,164,1,110.92,3,1,1,311,Needs Attention
15853,2011-10-19 10:38:00.000000306,52,1,110.8,4,1,1,411,Recent Customers
18256,2010-11-17 08:52:59.999999888,388,1,110.7,2,2,1,221,Hibernating
14787,2010-08-25 14:38:00.000000101,472,1,110.65,1,1,1,111,Hibernating
16963,2011-06-05 13:47:59.999999749,188,1,110.55000000000001,3,2,1,321,Needs Attention
14641,2011-11-18 10:41:59.999999832,22,1,110.46,4,1,1,411,Recent Customers
17836,2011-10-23 16:12:59.999999814,48,1,110.21000000000001,4,2,1,421,Recent Customers
17909,2009-12-02 13:09:59.999999860,738,1,110.05,1,2,1,121,Hibernating
15851,2010-07-01 12:34:00.000000361,527,1,109.73,1,1,1,111,Hibernating
14033,2010-06-02 15:10:00.000000073,556,1,109.44,1,1,1,111,Hibernating
16363,2011-10-17 14:13:59.999999805,54,1,109.36000000000001,4,1,1,411,Recent Customers
16064,2009-12-14 16:11:00.000000686,726,1,109.31,1,1,1,111,Hibernating
16664,2010-05-19 17:10:59.999999842,570,1,109.2,1,2,1,121,Hibernating
14721,2010-11-25 13:08:00.000000101,380,1,109.07,2,1,1,211,Hibernating
14345,2011-11-01 09:50:59.999999916,39,1,108.97999999999999,4,1,1,411,Recent Customers
13170,2011-11-13 12:19:00.000000575,27,1,108.81,4,1,1,411,Recent Customers
15875,2010-03-03 16:50:59.999999703,647,1,108.52,1,1,1,111,Hibernating
16106,2011-10-05 10:37:00.000000111,66,1,108.38,3,1,1,311,Needs Attention
14374,2010-06-16 14:25:00.000000073,542,1,108.0,1,1,1,111,Hibernating
14661,2011-11-13 11:51:00.000000129,27,1,107.95,4,1,1,411,Recent Customers
13580,2010-10-29 15:01:00.000000194,407,1,107.75,2,1,1,211,Hibernating
14943,2010-02-14 16:04:00.000000575,664,1,107.62,1,1,1,111,Hibernating
15395,2011-01-18 12:39:59.999999647,326,1,107.45,2,1,1,211,Hibernating
16301,2009-12-03 10:20:00.000000556,737,1,107.33,1,1,1,111,Hibernating
15328,2010-10-28 09:04:59.999999721,408,1,107.24,2,1,1,211,Hibernating
17893,2011-04-28 13:50:00.000000139,226,1,107.21,2,2,1,221,Hibernating
16047,2010-01-26 16:34:00.000000157,683,1,107.14,1,1,1,111,Hibernating
15846,2010-11-19 14:39:59.999999860,386,1,107.01,2,1,1,211,Hibernating
16630,2010-10-28 14:29:59.999999164,408,1,106.80000000000001,2,1,1,211,Hibernating
16082,2010-02-07 15:15:59.999999981,671,1,106.75,1,1,1,111,Hibernating
14637,2010-01-31 15:52:00.000000111,678,1,106.67999999999999,1,1,1,111,Hibernating
15168,2011-11-14 11:25:59.999999638,26,1,106.56,4,1,1,411,Recent Customers
15927,2010-03-02 13:24:59.999999647,648,1,106.54,1,1,1,111,Hibernating
17791,2011-11-10 12:08:59.999999870,30,1,106.1,4,2,1,421,Recent Customers
16581,2011-06-10 10:05:00.000000139,183,1,105.84,3,1,1,311,Needs Attention
18103,2010-06-08 13:35:59.999999916,550,1,105.8,1,2,1,121,Hibernating
15642,2009-12-10 11:51:00.000000129,730,1,105.78000000000002,1,1,1,111,Hibernating
14579,2010-10-03 14:35:59.999999703,433,1,105.56,1,1,1,111,Hibernating
15340,2010-05-27 10:27:00.000000046,562,1,105.5,1,1,1,111,Hibernating
14027,2011-10-10 09:01:00.000000194,61,1,104.82,3,1,1,311,Needs Attention
17328,2010-02-04 17:10:59.999999842,674,1,104.7,1,2,1,121,Hibernating
16547,2010-06-11 13:02:00.000000185,547,1,104.25999999999999,1,1,1,111,Hibernating
16375,2010-08-26 14:25:00.000000073,471,2,104.0,1,2,1,121,Hibernating
16896,2010-06-02 15:39:59.999999647,556,1,103.95,1,2,1,121,Hibernating
14542,2011-06-07 08:19:00.000000157,186,1,103.25,3,1,1,311,Needs Attention
15924,2009-12-08 15:00:00.000000000,732,1,102.82,1,1,1,111,Hibernating
18124,2010-08-24 17:20:59.999999916,473,1,102.65,1,2,1,121,Hibernating
17467,2010-11-09 12:58:00.000000027,396,1,102.6,2,2,1,221,Hibernating
14836,2011-11-29 16:44:59.999999164,11,3,102.44999999999999,5,3,1,531,Loyal Customers
15486,2010-06-30 13:15:00.000000213,528,1,102.0,1,1,1,111,Hibernating
13829,2010-10-14 18:19:00.000000575,422,1,102.0,1,1,1,111,Hibernating
16516,2011-11-09 14:58:59.999999805,31,1,101.69999999999999,4,1,1,411,Recent Customers
18068,2011-02-23 14:50:00.000000556,290,1,101.69999999999999,2,2,1,221,Hibernating
16944,2010-04-09 11:02:59.999999536,610,1,101.36,1,2,1,121,Hibernating
18086,2011-03-10 13:34:00.000000157,275,1,101.33999999999999,2,2,1,221,Hibernating
18195,2010-11-17 15:02:59.999999331,388,1,101.16,2,2,1,221,Hibernating
17741,2010-10-29 11:58:59.999999805,407,2,101.1,2,3,1,231,Needs Attention
16498,2011-07-01 15:07:00.000000111,162,2,100.97,3,2,1,321,Needs Attention
17493,2010-11-19 16:57:00.000000250,386,1,100.91000000000001,2,2,1,221,Hibernating
14946,2011-11-25 13:32:59.999999331,15,1,100.9,5,1,1,511,Recent Customers
17224,2010-07-26 13:30:00.000000000,502,1,100.86,1,2,1,121,Hibernating
17427,2011-09-29 11:29:00.000000853,72,1,100.8,3,2,1,321,Needs Attention
14371,2011-02-17 16:34:59.999999721,296,1,100.5,2,1,1,211,Hibernating
15635,2010-11-09 08:58:00.000000863,396,1,100.35,2,1,1,211,Hibernating
17570,2010-11-23 11:55:59.999999842,382,1,100.0,2,2,1,221,Hibernating
17939,2011-07-03 12:27:00.000000250,160,1,99.14,3,2,1,321,Needs Attention
12774,2010-06-22 10:38:00.000000306,536,1,98.7,1,1,1,111,Hibernating
17538,2011-11-14 12:11:59.999999832,26,1,98.42,4,2,1,421,Recent Customers
16694,2009-12-16 15:45:00.000000000,724,1,98.30000000000001,1,2,1,121,Hibernating
17395,2010-07-19 15:34:00.000000361,509,1,97.5,1,2,1,121,Hibernating
12984,2011-11-21 12:36:59.999999693,19,1,97.5,5,1,1,511,Recent Customers
14642,2011-10-12 11:07:59.999999888,59,1,96.12,4,1,1,411,Recent Customers
17816,2011-11-03 11:34:00.000000575,37,6,96.11,4,4,1,441,Loyal Customers
13793,2010-03-03 08:25:00.000000073,647,1,96.0,1,1,1,111,Hibernating
15583,2010-11-28 15:04:00.000000157,377,1,95.96,2,1,1,211,Hibernating
17024,2011-10-25 13:47:00.000000185,46,3,95.85,4,3,1,431,Loyal Customers
17895,2011-10-26 17:00:00.000000213,45,1,95.45,4,2,1,421,Recent Customers
18249,2011-11-22 15:07:00.000000111,18,1,95.34,5,2,1,521,Recent Customers
12548,2011-06-26 15:35:00.000000556,167,1,95.19999999999999,3,1,1,311,Needs Attention
15285,2010-10-28 09:46:00.000000194,408,1,94.92,2,1,1,211,Hibernating
14833,2010-07-29 10:05:59.999999703,499,1,94.8,1,1,1,111,Hibernating
15868,2010-05-05 14:10:59.999999842,584,1,94.53,1,1,1,111,Hibernating
16339,2011-02-28 13:40:59.999999638,285,1,94.05,2,1,1,211,Hibernating
15397,2011-02-23 09:24:59.999999860,290,1,94.0,2,1,1,211,Hibernating
18033,2011-10-05 17:28:00.000000027,66,1,93.82000000000001,3,2,1,321,Needs Attention
14394,2010-05-24 10:43:00.000000027,565,1,93.8,1,1,1,111,Hibernating
15305,2010-06-02 13:50:00.000000139,556,1,93.6,1,1,1,111,Hibernating
15082,2010-02-09 10:22:59.999999888,669,1,93.35000000000001,1,1,1,111,Hibernating
12992,2009-12-14 16:45:59.999999981,726,1,93.35000000000001,1,1,1,111,Hibernating
16196,2010-08-08 11:39:59.999999860,489,1,93.3,1,1,1,111,Hibernating
14865,2011-12-02 16:24:59.999999647,8,4,92.52000000000001,5,3,1,531,Loyal Customers
14054,2011-10-05 15:49:00.000000157,66,1,92.46,3,1,1,311,Needs Attention
13160,2011-11-17 13:06:59.999999898,23,1,91.8,4,1,1,411,Recent Customers
16831,2010-05-24 09:08:00.000000306,565,1,91.8,1,2,1,121,Hibernating
12659,2011-11-10 11:52:59.999999888,30,1,91.68,4,1,1,411,Recent Customers
13392,2010-01-31 13:34:00.000000157,678,1,91.14,1,1,1,111,Hibernating
14786,2010-06-07 13:41:59.999999832,551,1,90.96,1,1,1,111,Hibernating
13947,2011-10-05 14:42:00.000000250,66,1,90.6,3,1,1,311,Needs Attention
14435,2010-07-26 12:32:59.999999536,502,1,90.42,1,1,1,111,Hibernating
16506,2011-11-20 12:17:00.000000185,20,2,90.30000000000001,4,2,1,421,Recent Customers
16597,2011-12-05 15:43:59.999999805,5,1,90.04,5,1,1,511,Recent Customers
15686,2010-10-15 13:50:00.000000139,421,1,90.0,1,1,1,111,Hibernating
14117,2011-07-19 09:49:00.000000157,144,1,90.0,3,1,1,311,Needs Attention
14974,2011-11-02 13:00:59.999999981,38,1,89.94,4,1,1,411,Recent Customers
16061,2010-10-04 15:29:00.000000018,432,1,89.65,1,1,1,111,Hibernating
13535,2010-11-02 11:49:00.000000361,403,1,89.49999999999997,2,1,1,211,Hibernating
14760,2011-02-15 16:27:00.000000046,298,1,89.2,2,1,1,211,Hibernating
12686,2010-12-03 09:50:59.999999916,372,1,89.14,2,1,1,211,Hibernating
13222,2010-05-11 13:54:00.000000296,578,1,88.5,1,1,1,111,Hibernating
15603,2011-09-22 10:04:00.000000575,79,2,88.48,3,2,1,321,Needs Attention
15083,2011-03-28 12:17:59.999999749,257,1,88.2,2,1,1,211,Hibernating
16564,2010-05-19 14:41:00.000000686,570,1,87.8,1,1,1,111,Hibernating
17606,2009-12-02 13:31:59.999999759,738,1,87.30000000000001,1,2,1,121,Hibernating
17763,2011-03-21 14:25:00.000000073,264,4,86.15,2,4,1,241,Needs Attention
13180,2010-04-11 13:37:00.000000111,608,1,86.10000000000001,1,1,1,111,Hibernating
15541,2011-08-17 14:58:00.000000863,115,1,85.13000000000001,3,1,1,311,Needs Attention
13841,2011-04-01 12:10:00.000000073,253,1,85.0,2,1,1,211,Hibernating
12401,2011-02-09 13:50:00.000000139,304,1,84.3,2,1,1,211,Hibernating
15094,2010-09-02 16:54:59.999999860,464,2,83.0,1,2,1,121,Hibernating
14347,2009-12-03 10:49:00.000000575,737,1,82.6,1,1,1,111,Hibernating
13469,2010-02-24 15:02:59.999999331,654,1,82.4,1,1,1,111,Hibernating
16028,2010-04-23 11:45:00.000000213,596,1,82.2,1,1,1,111,Hibernating
13215,2010-11-02 18:26:00.000000686,403,1,81.6,2,1,1,211,Hibernating
13006,2011-10-14 13:49:00.000000575,57,1,81.57,4,1,1,411,Recent Customers
17620,2011-10-11 12:08:00.000000306,60,1,81.44,3,2,1,321,Needs Attention
17008,2010-10-06 15:19:00.000000575,430,1,81.36,1,2,1,121,Hibernating
14717,2009-12-06 13:05:00.000000139,734,1,81.3,1,1,1,111,Hibernating
15170,2010-10-29 10:34:00.000000157,407,1,81.15,2,1,1,211,Hibernating
17336,2010-08-24 15:36:59.999999693,473,1,81.12,1,2,1,121,Hibernating
16789,2011-12-01 15:11:59.999999832,9,1,80.8,5,2,1,521,Recent Customers
17752,2010-12-15 16:19:00.000000361,360,1,80.64,2,2,1,221,Hibernating
15833,2009-12-02 11:58:59.999999805,738,1,80.4,1,1,1,111,Hibernating
15131,2010-11-10 12:07:00.000000111,395,1,80.28,2,1,1,211,Hibernating
16165,2010-07-22 14:16:59.999999759,506,1,79.9,1,1,1,111,Hibernating
14190,2010-02-11 14:26:59.999999832,667,1,79.9,1,1,1,111,Hibernating
14007,2010-07-15 09:05:59.999999916,513,1,79.48,1,1,1,111,Hibernating
15753,2011-02-08 12:40:59.999999842,305,1,79.2,2,1,1,211,Hibernating
12570,2010-01-26 17:28:00.000000027,683,1,77.52,1,1,1,111,Hibernating
17942,2011-12-02 10:44:59.999999164,8,1,77.50000000000001,5,2,1,521,Recent Customers
14785,2011-11-29 13:21:00.000000129,11,2,77.4,5,2,1,521,Recent Customers
13132,2011-03-23 12:43:59.999999805,262,1,77.3,2,1,1,211,Hibernating
16867,2010-01-19 09:10:59.999999638,690,1,76.74000000000001,1,2,1,121,Hibernating
14373,2010-12-16 15:39:59.999999647,359,1,76.55,2,1,1,211,Hibernating
14090,2011-01-19 10:50:59.999999703,325,1,76.32000000000001,2,1,1,211,Hibernating
18113,2010-12-06 12:30:59.999999777,369,1,76.32000000000001,2,2,1,221,Hibernating
15668,2011-05-06 10:38:59.999999870,218,1,76.32000000000001,2,1,1,211,Hibernating
14613,2010-01-28 13:02:00.000000185,681,1,76.32000000000001,1,1,1,111,Hibernating
13219,2010-03-31 14:17:59.999999331,619,1,76.23,1,1,1,111,Hibernating
17628,2011-09-19 15:20:59.999999703,82,1,75.75,3,2,1,321,Needs Attention
16610,2011-05-04 13:12:59.999999814,220,1,75.66,2,1,1,211,Hibernating
14559,2010-11-14 16:05:00.000000139,391,1,75.6,2,1,1,211,Hibernating
17192,2010-06-21 16:06:59.999999898,537,1,75.28,1,2,1,121,Hibernating
16420,2010-11-08 15:14:59.999999164,397,1,75.0,2,1,1,211,Hibernating
17944,2010-10-12 16:24:59.999999647,424,1,74.99,1,2,1,121,Hibernating
13095,2011-09-30 12:02:59.999999331,71,1,74.39999999999999,3,1,1,311,Needs Attention
12506,2011-04-21 08:53:59.999999452,233,1,73.5,2,1,1,211,Hibernating
18032,2011-01-09 15:31:59.999999972,335,1,73.5,2,2,1,221,Hibernating
16171,2011-10-11 14:51:00.000000129,60,1,73.2,3,1,1,311,Needs Attention
17906,2011-04-06 17:25:00.000000073,248,1,72.9,2,2,1,221,Hibernating
13105,2010-09-29 13:40:59.999999638,437,1,72.0,1,1,1,111,Hibernating
16459,2009-12-10 12:42:00.000000046,730,1,71.78999999999999,1,1,1,111,Hibernating
13938,2011-11-04 14:36:59.999999898,36,1,71.66,4,1,1,411,Recent Customers
16970,2010-03-23 13:50:00.000000139,627,1,71.4,1,2,1,121,Hibernating
13185,2011-03-17 11:55:59.999999842,268,1,71.4,2,1,1,211,Hibernating
17747,2011-08-19 08:13:00.000000863,113,1,71.4,3,2,1,321,Needs Attention
13915,2010-11-10 15:17:00.000000185,395,1,70.80000000000001,2,1,1,211,Hibernating
15564,2010-09-02 15:52:00.000000111,464,2,70.74000000000001,1,2,1,121,Hibernating
12568,2010-03-05 09:14:59.999999164,645,1,70.0,1,1,1,111,Hibernating
13172,2010-11-04 15:10:00.000000073,401,1,69.6,2,1,1,211,Hibernating
14906,2010-09-20 16:30:00.000000000,446,1,68.44,1,1,1,111,Hibernating
12861,2010-03-30 11:39:00.000000296,620,1,68.25,1,1,1,111,Hibernating
17249,2010-10-07 11:32:59.999999749,429,1,68.03,1,2,1,121,Hibernating
14393,2011-05-05 18:15:59.999999981,219,1,67.95,2,1,1,211,Hibernating
17532,2010-11-19 08:13:00.000000863,386,1,65.34,2,2,1,221,Hibernating
13022,2010-10-06 10:50:00.000000139,430,1,65.3,1,1,1,111,Hibernating
13130,2011-09-06 15:30:00.000000213,95,1,64.0,3,1,1,311,Needs Attention
16238,2010-10-13 12:36:00.000000129,423,1,63.66,1,1,1,111,Hibernating
17216,2010-06-03 13:02:59.999999749,555,1,63.6,1,2,1,121,Hibernating
17263,2011-05-15 14:32:00.000000185,209,1,63.440000000000005,2,2,1,221,Hibernating
15470,2010-05-13 09:35:00.000000556,576,1,63.419999999999995,1,1,1,111,Hibernating
12404,2010-01-26 16:24:59.999999647,683,1,63.24,1,1,1,111,Hibernating
16058,2010-10-29 16:47:59.999999749,407,1,62.7,2,1,1,211,Hibernating
13218,2011-08-04 16:59:00.000000018,128,1,62.63999999999999,3,1,1,311,Needs Attention
14650,2010-04-29 20:26:59.999999832,590,1,62.5,1,1,1,111,Hibernating
15516,2011-10-26 10:50:59.999999703,45,3,62.43,4,3,1,431,Loyal Customers
13380,2010-10-03 10:17:59.999999536,433,1,62.4,1,1,1,111,Hibernating
13303,2010-11-04 14:54:59.999999647,401,1,61.72,2,1,1,211,Hibernating
13818,2010-10-06 12:35:00.000000556,430,1,61.28,1,1,1,111,Hibernating
15375,2010-01-18 15:37:59.999999888,691,1,60.959999999999994,1,1,1,111,Hibernating
16605,2009-12-15 19:02:59.999999749,725,1,60.48,1,1,1,111,Hibernating
15250,2010-03-09 07:34:59.999999721,641,1,60.0,1,1,1,111,Hibernating
17174,2011-05-06 11:46:59.999999972,218,1,59.9,2,2,1,221,Hibernating
13391,2011-05-20 10:50:00.000000139,204,1,59.8,2,1,1,211,Hibernating
13682,2011-06-05 14:06:00.000000129,188,1,59.5,3,1,1,311,Needs Attention
15233,2010-11-03 13:35:59.999999916,402,1,59.400000000000006,2,1,1,211,Hibernating
15371,2010-02-15 13:14:00.000000018,663,1,59.400000000000006,1,1,1,111,Hibernating
14384,2010-07-27 09:53:00.000000306,501,1,58.5,1,1,1,111,Hibernating
12466,2010-01-26 16:25:59.999999842,683,1,56.73,1,1,1,111,Hibernating
17775,2011-03-30 10:50:00.000000139,255,1,56.4,2,2,1,221,Hibernating
15899,2010-12-06 10:35:59.999999916,369,1,56.25,2,1,1,211,Hibernating
13366,2011-10-20 13:37:00.000000111,51,1,56.160000000000004,4,1,1,411,Recent Customers
15685,2010-09-15 13:43:00.000000027,451,1,55.980000000000004,1,1,1,111,Hibernating
12776,2010-02-10 12:10:59.999999638,668,1,55.5,1,1,1,111,Hibernating
17494,2010-07-26 10:05:59.999999703,502,1,54.699999999999996,1,2,1,121,Hibernating
12860,2010-01-15 15:21:59.999999898,694,1,54.22,1,1,1,111,Hibernating
13306,2010-10-05 14:54:59.999999647,431,1,53.65,1,1,1,111,Hibernating
16349,2011-02-22 12:39:59.999999647,291,1,53.5,2,1,1,211,Hibernating
17599,2010-08-19 12:49:59.999999721,478,1,52.05,1,2,1,121,Hibernating
15313,2011-08-21 16:02:00.000000185,111,1,52.0,3,1,1,311,Needs Attention
16786,2010-11-11 08:25:00.000000073,394,1,51.839999999999996,2,2,1,221,Hibernating
17844,2011-08-25 11:26:59.999999832,107,1,51.559999999999995,3,2,1,321,Needs Attention
13254,2010-11-28 15:42:00.000000046,377,1,51.41,2,1,1,211,Hibernating
14351,2011-06-28 11:55:59.999999842,165,1,51.0,3,1,1,311,Needs Attention
13011,2010-12-02 17:22:00.000000111,373,1,50.550000000000004,2,1,1,211,Hibernating
14743,2010-04-26 10:25:59.999999842,593,1,50.48,1,1,1,111,Hibernating
18184,2011-11-24 15:27:59.999999814,16,1,49.8,5,2,1,521,Recent Customers
14380,2010-01-26 17:10:59.999999842,683,1,48.96,1,1,1,111,Hibernating
16530,2010-02-09 15:30:00.000000213,669,1,48.349999999999994,1,1,1,111,Hibernating
16257,2011-06-16 10:11:00.000000686,177,1,46.95,3,1,1,311,Needs Attention
13438,2010-06-10 18:46:00.000000194,548,1,46.5,1,1,1,111,Hibernating
15698,2010-03-25 17:38:00.000000101,625,1,46.2,1,1,1,111,Hibernating
12496,2010-03-29 14:06:00.000000129,621,2,45.34,1,2,1,121,Hibernating
15672,2009-12-14 16:51:59.999999898,726,1,45.300000000000004,1,1,1,111,Hibernating
17916,2010-03-21 12:26:00.000000686,629,2,43.87,1,3,1,131,Needs Attention
14300,2011-11-21 08:57:00.000000046,19,1,43.2,5,1,1,511,Recent Customers
13913,2010-07-21 10:11:00.000000686,507,1,42.22,1,1,1,111,Hibernating
13906,2010-10-26 15:00:00.000000000,410,1,42.0,2,1,1,211,Hibernating
16219,2010-07-27 11:44:00.000000018,501,1,40.8,1,1,1,111,Hibernating
14266,2010-10-07 13:31:59.999999759,429,1,40.56,1,1,1,111,Hibernating
15178,2011-03-24 15:11:59.999999832,261,1,40.5,2,1,1,211,Hibernating
14086,2010-09-03 10:51:59.999999898,463,1,39.95,1,1,1,111,Hibernating
14589,2010-12-03 11:42:00.000000250,372,1,39.75,2,1,1,211,Hibernating
16659,2011-06-03 15:02:59.999999331,190,1,39.12,2,1,1,211,Hibernating
17246,2010-06-11 12:36:00.000000129,547,2,38.92,1,3,1,131,Needs Attention
18019,2011-10-19 12:10:00.000000073,52,1,38.45,4,2,1,421,Recent Customers
15455,2010-04-21 12:43:00.000000863,598,1,38.25,1,1,1,111,Hibernating
15693,2010-02-18 14:36:59.999999898,660,1,37.5,1,1,1,111,Hibernating
16162,2011-04-01 15:02:59.999999331,253,1,37.4,2,1,1,211,Hibernating
17352,2010-01-12 16:12:59.999999814,697,1,36.25,1,2,1,121,Hibernating
14993,2010-05-25 12:46:59.999999759,564,1,36.13,1,1,1,111,Hibernating
15940,2011-02-01 16:17:59.999999536,312,1,35.79999999999999,2,1,1,211,Hibernating
16417,2010-08-04 09:08:00.000000306,493,1,35.7,1,1,1,111,Hibernating
17831,2011-11-06 15:08:59.999999870,34,1,35.400000000000006,4,2,1,421,Recent Customers
14576,2010-12-02 17:51:00.000000129,373,1,35.400000000000006,2,1,1,211,Hibernating
17533,2010-10-01 09:14:00.000000853,435,1,34.8,1,2,1,121,Hibernating
15744,2011-09-23 09:52:00.000000111,78,1,34.79999999999999,3,1,1,311,Needs Attention
15871,2010-09-28 14:16:00.000000194,438,1,33.099999999999994,1,1,1,111,Hibernating
16941,2010-04-07 11:13:00.000000863,612,1,33.0,1,2,1,121,Hibernating
14977,2009-12-14 10:37:00.000000111,726,1,31.929999999999996,1,1,1,111,Hibernating
17129,2010-07-07 13:45:59.999999981,521,1,31.85,1,2,1,121,Hibernating
16454,2011-10-26 11:39:59.999999860,45,4,30.950000000000003,4,4,1,441,Loyal Customers
13120,2011-04-15 10:19:00.000000361,239,1,30.599999999999998,2,1,1,211,Hibernating
14144,2010-08-10 15:17:00.000000185,487,1,30.599999999999998,1,1,1,111,Hibernating
16548,2010-04-19 16:15:00.000000213,600,1,30.15,1,1,1,111,Hibernating
15575,2010-03-30 12:49:59.999999721,620,1,30.1,1,1,1,111,Hibernating
15657,2011-11-17 12:19:00.000000575,23,1,30.0,4,1,1,411,Recent Customers
17319,2010-02-08 15:46:59.999999759,670,1,29.1,1,2,1,121,Hibernating
17102,2011-03-23 10:08:00.000000101,262,1,25.5,2,2,1,221,Hibernating
15284,2010-07-27 13:24:59.999999647,501,1,24.75,1,1,1,111,Hibernating
14610,2010-11-09 10:57:59.999999814,396,2,24.35,2,2,1,221,Hibernating
16537,2010-03-08 13:40:59.999999638,642,1,23.35,1,1,1,111,Hibernating
12606,2010-01-26 16:22:59.999999888,683,1,21.0,1,1,1,111,Hibernating
16953,2011-11-09 15:53:59.999999870,31,1,20.8,4,2,1,421,Recent Customers
17986,2011-10-14 14:22:00.000000111,57,1,20.8,4,2,1,421,Recent Customers
13112,2010-06-16 17:02:59.999999536,542,1,20.6,1,1,1,111,Hibernating
15999,2009-12-04 12:30:59.999999777,736,1,20.4,1,1,1,111,Hibernating
13163,2010-04-08 16:21:00.000000129,611,1,17.65,1,1,1,111,Hibernating
16093,2011-08-25 11:08:59.999999452,107,1,17.0,3,1,1,311,Needs Attention
12846,2010-01-26 16:28:59.999999805,683,1,15.58,1,1,1,111,Hibernating
14580,2010-07-09 15:20:00.000000139,519,1,14.850000000000001,1,1,1,111,Hibernating
14900,2010-07-05 15:08:59.999999870,523,1,13.919999999999996,1,1,1,111,Hibernating
16878,2011-09-16 17:39:00.000000296,85,1,13.3,3,2,1,321,Needs Attention
17956,2011-04-04 13:47:00.000000185,250,1,12.75,2,2,1,221,Hibernating
17378,2010-11-30 18:46:00.000000194,375,1,10.95,2,2,1,221,Hibernating
18115,2010-01-11 11:57:00.000000046,698,1,9.700000000000001,1,2,1,121,Hibernating
15040,2010-06-16 11:39:59.999999860,542,1,7.49,1,1,1,111,Hibernating
15913,2010-06-23 16:31:00.000000194,535,1,6.300000000000001,1,1,1,111,Hibernating
14792,2011-10-07 09:19:00.000000575,64,1,6.2,3,1,1,311,Needs Attention
13788,2010-07-22 15:49:59.999999721,506,1,3.75,1,1,1,111,Hibernating
16738,2011-02-15 09:46:00.000000194,298,1,3.75,2,2,1,221,Hibernating
14095,2009-12-17 12:49:00.000000157,723,1,2.95,1,1,1,111,Hibernating
